V1,V2,V3,V4,V5,V6,V7,V8,V9,V10,V11,V12,V13,V14,V15,V16,V17,V18,V19,V20,V21,y,y_pred
0.428180462694498,-0.539166384411954,-0.203640485666361,0.470993593773279,-0.683598474400773,-0.0614006444954018,-0.278294946006147,0.0246686107657443,-0.978109867763869,2.56704636538801,-0.666162978033143,-1.45290277736583,1.58929852601682,-0.565333856881217,-0.753394822502868,-0.488278885185423,0.301464348018426,0.512353875186606,0.369432458638892,-0.690589747523018,-2.12660546680886,0,0
0.0049123146617683,1.20940812388708,-0.203640485666361,1.30930396498822,3.42208227395646,-0.0614006444954018,-0.278294946006147,0.622923263905848,1.45394539124987,-0.420487347915062,-1.39808792464813,1.11530391251955,-0.727102567262285,1.19471084781508,-0.409388358661783,-0.488278885185423,0.481811076799215,-1.08384830521678,0.0245961863265909,2.7496446086133,-0.493293969440142,0,0
-1.26489212943642,-0.265743054533454,-0.203640485666361,-1.18342669657298,2.68026244037726,-0.0614006444954018,-0.278294946006147,0.802399659847879,-0.283236936617087,-0.420487347915062,-0.155517666441289,0.109202322667544,-0.40637010819287,-0.400329665815939,-0.409388358661783,-0.488278885185423,-0.480038143364997,-1.21154447964905,-1.28578164846015,0.61202326111112,-0.493293969440142,0,0
-0.100904722346414,1.03415254843129,-0.154762861720222,-0.284481875487553,-0.181228968809887,-0.0614006444954018,-0.278294946006147,0.622923263905848,0.527448149720826,-0.420487347915062,-0.98957167537465,0.294536826061334,-0.228185408709862,0.259687098445172,0.622631032861473,-0.488278885185423,0.842504534360795,0.384657700754335,0.507366967563813,0.144418591345019,1.14001752792857,0,0
0.216546388678133,1.43225196359826,-0.179125894581715,2.02419387375417,1.20612862509857,-0.0614006444954018,-0.278294946006147,0.9220505904759,-0.283236936617087,-0.420487347915062,-1.39808792464813,0.929969409125759,-0.370733168296268,1.35971503888036,1.31064396054364,-0.488278885185423,1.20319799192237,0.767746224051147,1.19703951218842,1.61403326775276,1.14001752792857,0,0
-1.79397731447733,0.136922081001033,-0.203640485666361,0.92230736553441,-0.343960995960885,-0.0614006444954018,-0.278294946006147,-1.47096802208452,0.295823839338565,-0.420487347915062,0.287041603604985,0.109202322667544,-0.40637010819287,-0.400329665815939,-0.0653818948206978,2.41444396797857,-0.960962753447102,-0.7646078691361,-0.940945376147853,-0.456787412639968,-0.493293969440142,0,0
1.27471675875996,-0.91998843744384,-0.203640485666361,0.10991692646613,-0.683598474400773,-0.0614006444954018,-0.278294946006147,0.0844940760797547,-0.746485557381608,-0.358247062221248,0.814708425583234,-0.976328340067515,1.48238770632702,0.259687098445172,-0.0653818948206978,-0.488278885185423,1.56389144948395,1.59777135786091,1.61084303896318,-0.523588079749411,1.14001752792857,0,0
0.322363425686316,0.811969396593672,-0.203640485666361,-0.0388869326932511,0.0584861311094802,-0.0614006444954018,-0.278294946006147,-1.11201523020045,0.0641995289563043,-0.420487347915062,-0.819356571510699,-0.1555612536093,-0.0143637693302521,-0.34532826879418,-0.0653818948206978,-0.488278885185423,0.181233195497899,0.256961526322065,0.162530695251511,-0.356586411975803,1.14001752792857,0,0
-0.418355833370962,-0.91998843744384,-0.064416109843974,1.33361554988844,2.38275116426854,-0.0614006444954018,-0.278294946006147,1.10152698641793,1.80138185682326,-0.420487347915062,-1.14276526885221,0.585776759965862,-0.940924206641895,-0.235325474750661,0.278624569020388,2.41444396797857,-0.54015371962526,-1.53078491572972,-0.596109103835551,0.111018257790298,-0.493293969440142,0,0
-2.11142842550188,-0.290968925705274,-0.203640485666361,0.684125851879382,-0.414085156080734,-0.0614006444954018,-0.278294946006147,-1.29149162614248,0.0641995289563043,-0.358247062221248,0.167891030900219,-0.499753902769196,-0.0500007092268538,-1.11534782709881,0.278624569020388,-0.488278885185423,-1.32165621100868,-1.21154447964905,-1.42371615738507,-0.556988413304132,-0.493293969440142,0,0
-0.312538796362779,-0.91998843744384,0.194979124339266,-1.63587114130974,-0.683598474400773,-0.0614006444954018,-0.278294946006147,0.682748729219859,-1.093922022955,-0.358247062221248,-0.138496156054893,-1.3469973468551,1.0547444275678,-1.17034922412057,-0.409388358661783,-0.488278885185423,-0.17946026206368,0.0015691774575234,-0.18230557706079,-0.657189413968297,-0.493293969440142,0,0
-0.206721759354597,2.13271790999454,-0.203640485666361,2.58633664496274,-0.683598474400773,-0.0614006444954018,-0.278294946006147,-1.23166616082847,-0.0516126262348262,-0.420487347915062,-1.39808792464813,0.0032968921568063,0.947833607877992,1.46971783292388,-0.409388358661783,0.963082541396573,1.14308241566211,1.34237900899636,1.4039412755758,-0.222985077756917,-0.493293969440142,0,1
0.851448610727229,-0.461482836740268,-0.184526661575442,0.90077106884709,0.789806161710069,-0.0614006444954018,-0.278294946006147,1.16135245173194,-0.283236936617087,-0.420487347915062,-0.29168974953245,-0.208513968864669,0.163820930152756,-0.180324077728902,0.278624569020388,-0.488278885185423,0.421695500538952,0.0654172646736588,0.300465204176432,0.0108172571261331,1.14001752792857,0,0
-0.418355833370962,-0.553516192254266,-0.203640485666361,0.898473384957092,1.20065113546033,-0.0614006444954018,-0.278294946006147,-0.334284181118318,1.45394539124987,-0.420487347915062,1.81897753838055,1.43302020405176,-1.40420442529772,0.809701068662764,0.622631032861473,-0.488278885185423,-0.17946026206368,-0.509215520271559,-0.458174594910631,0.111018257790298,-0.493293969440142,0,0
1.80380194380087,-0.91998843744384,-0.203640485666361,1.09114287190982,-0.683598474400773,-0.0614006444954018,-0.278294946006147,0.86222512516189,-1.093922022955,1.26000036581791,-0.461904853396401,-1.55880820787657,2.05257874467264,-0.0703212836853836,-1.09740128634395,-0.488278885185423,1.14308241566211,1.34237900899636,1.33497402111334,-0.690589747523018,-0.493293969440142,0,0
0.322363425686316,1.53899869746307,-0.203640485666361,0.631484104756861,-0.683598474400773,-0.0614006444954018,-0.278294946006147,0.323795937335796,-0.862297712572739,-0.296006776527434,-1.09170073769302,-0.738041121418356,1.126018307361,0.204685701423413,-0.409388358661783,-0.488278885185423,0.181233195497899,0.576201962402741,0.438399713101353,-0.556988413304132,-0.493293969440142,0,0
0.745631573719046,-0.91998843744384,2.05348882983157,-1.63587114130974,0.0567957316719259,-0.0614006444954018,-0.278294946006147,-0.394109646432328,0.0641995289563043,-0.420487347915062,0.865772956742419,1.59187834981787,-1.33293054550451,1.24971224483684,0.278624569020388,-0.488278885185423,-0.17946026206368,0.193113439105929,0.0935634407890512,-0.490187746194689,-0.493293969440142,0,0
-1.79397731447733,0.977691424051525,-0.203640485666361,0.660729990030317,-0.683598474400773,-0.0614006444954018,-0.278294946006147,-1.47096802208452,0.295823839338565,-0.420487347915062,0.235977072445799,-0.473277545141512,0.377642569532366,-0.400329665815939,-0.753394822502868,-0.488278885185423,-1.32165621100868,-0.956152130784506,-1.28578164846015,-0.356586411975803,-2.12660546680886,0,0
0.851448610727229,-0.474016941399746,-0.166457861454703,-0.0938096461555103,1.03615317118853,-0.0614006444954018,-0.278294946006147,1.10152698641793,-0.167424781425956,-0.358247062221248,0.150869520513824,2.09492914474387,-0.548917867779277,3.50476952272897,0.966637496702558,-0.488278885185423,0.361579924278689,-0.7646078691361,0.438399713101353,-0.122784077092753,-0.493293969440142,0,0
0.322363425686316,-0.44198116550728,-0.203640485666361,-1.30530445788816,-0.683598474400773,-0.0614006444954018,-0.278294946006147,0.86222512516189,-0.978109867763869,-0.171526205139806,0.184912541286614,1.16825662777492,-0.727102567262285,1.3047136418586,-0.409388358661783,-0.488278885185423,0.241348771758162,0.448505787970471,0.300465204176432,-0.590388746858854,-0.493293969440142,0,0
1.06308268474359,-0.117239724335203,0.850486928865133,-0.803157931828016,1.12214076484415,-0.0614006444954018,1.03747515509215,1.28100338235996,2.14881832239665,-0.420487347915062,-1.34702339348895,1.0358748396365,-0.83401338695209,0.864702465684524,0.966637496702558,-0.488278885185423,0.301464348018426,-1.40308874129745,0.714268730951194,2.31544027240192,1.14001752792857,0,0
1.16889972175178,-0.386516206114466,0.886069288573555,-1.26694757767101,2.05929656185625,-0.0614006444954018,-0.278294946006147,1.16135245173194,2.7278790983523,-0.420487347915062,-1.176808289625,1.83016556846703,-0.83401338695209,2.5147443763373,1.99865688822581,2.41444396797857,0.541926653059479,-1.40308874129745,0.852203239876114,0.946026596658335,-0.493293969440142,0,0
-1.26489212943642,2.24347082269034,-0.0805563838598278,-0.760793036423058,-0.683598474400773,-0.0614006444954018,-0.278294946006147,-0.274458715804308,-0.167424781425956,-0.420487347915062,-0.189560687214079,0.400442256572072,-0.798376447055488,-0.400329665815939,0.278624569020388,0.963082541396573,-0.17946026206368,0.0654172646736588,-0.0443710681358694,-0.389986745530525,1.14001752792857,0,0
0.216546388678133,-0.91998843744384,-0.203640485666361,-0.803157931828016,0.864178016380589,-0.0614006444954018,-0.278294946006147,-0.872713368944412,0.180011684147435,-0.420487347915062,-0.581055426101167,0.744634905731968,-0.83401338695209,0.259687098445172,1.99865688822581,2.41444396797857,0.722273381840268,0.129265351889794,0.369432458638892,0.979426930213056,1.14001752792857,0,0
-0.100904722346414,-0.91998843744384,-0.203640485666361,0.0375238133990926,-0.683598474400773,-0.0614006444954018,-0.278294946006147,-0.932538834258422,-0.514861246999348,-0.420487347915062,0.797686915196839,-1.13518648583362,0.876559728084789,-1.00534503305529,-1.44140775018504,-0.488278885185423,-0.419922567104733,-0.126126996974747,-0.32024008598571,-0.590388746858854,-0.493293969440142,0,0
-1.26489212943642,1.82167623444318,1.02720053239897,-1.34417842802286,-0.683598474400773,-0.0614006444954018,-0.278294946006147,-0.57358604237436,1.10650892567648,-0.420487347915062,0.542364259400912,1.24768570065797,-1.26165666571131,0.644696877597487,1.99865688822581,-0.488278885185423,1.86446933078527,1.02313857291569,1.4039412755758,1.71423426841693,1.14001752792857,0,0
-0.629989907387327,-0.91998843744384,-0.203640485666361,1.09291594648204,-0.683598474400773,-0.0614006444954018,-0.278294946006147,-0.69323697300238,-0.514861246999348,-0.420487347915062,0.933858998287999,-1.10871012820594,0.662738088705179,-1.28035201816409,-1.09740128634395,-0.488278885185423,-0.299691414584207,-0.126126996974747,-0.25127283152325,-0.623789080413575,1.14001752792857,0,0
-0.206721759354597,0.78600300780178,-0.187836476187488,0.199343859263693,-0.683598474400773,-0.0614006444954018,-0.278294946006147,1.46047977830199,-0.862297712572739,-0.109285919445992,-0.683184488419538,-0.738041121418356,0.769648908394984,-0.34532826879418,-0.0653818948206978,-0.488278885185423,0.181233195497899,0.384657700754335,0.231497949713972,-0.590388746858854,-0.493293969440142,0,0
1.06308268474359,-0.507482977071161,-0.203640485666361,0.646279241658661,-0.683598474400773,-0.0614006444954018,-0.278294946006147,-0.0351568545482661,-0.862297712572739,2.19360465122512,-0.155517666441289,-0.923375624812146,1.0191074876712,-0.34532826879418,-0.0653818948206978,-0.488278885185423,0.662157805580005,0.831594311267282,0.783235985413654,-0.657189413968297,1.14001752792857,0,0
0.639814536710864,1.4711779291164,-0.203640485666361,0.0177437338379161,-0.683598474400773,-0.0614006444954018,-0.278294946006147,0.742574194533869,-0.746485557381608,-0.420487347915062,-0.155517666441289,-0.870422909556777,1.30420300684401,0.204685701423413,-0.753394822502868,-0.488278885185423,0.722273381840268,0.767746224051147,0.783235985413654,-0.490187746194689,-0.493293969440142,0,0
0.0049123146617683,-0.91998843744384,-0.203640485666361,1.05443305510676,-0.683598474400773,-0.0614006444954018,-0.278294946006147,0.383621402649807,-0.978109867763869,-0.296006776527434,0.235977072445799,-1.29404463159973,0.91219666798139,-1.28035201816409,-1.09740128634395,-0.488278885185423,0.0008864667171094,0.129265351889794,0.0245961863265909,-0.657189413968297,1.14001752792857,0,0
0.639814536710864,-0.709091143320261,-0.186057041647604,-1.63587114130974,-0.683598474400773,-0.0614006444954018,-0.278294946006147,0.443446867963817,-0.514861246999348,0.699837794573589,1.12109561253835,0.744634905731968,-0.584554807675878,0.644696877597487,1.31064396054364,0.963082541396573,0.361579924278689,0.512353875186606,0.438399713101353,-0.590388746858854,1.14001752792857,0,0
-0.206721759354597,-0.0763993115226919,-0.203640485666361,-0.760793036423058,-0.141424900172591,-0.0614006444954018,-0.278294946006147,-0.274458715804308,1.68556970163213,-0.420487347915062,3.24878441083774,1.85664192609471,-1.40420442529772,1.68972342101091,0.622631032861473,2.41444396797857,-0.17946026206368,0.0654172646736588,0.0935634407890512,0.211219258454462,-0.493293969440142,0,0
-1.05325805542006,-0.295628332867474,-0.203640485666361,0.0912377220713312,0.118952291374013,-0.0614006444954018,-0.278294946006147,-1.29149162614248,0.295823839338565,-0.23376649083362,0.184912541286614,-0.0231794654708781,-0.228185408709862,-0.400329665815939,-0.409388358661783,-0.488278885185423,-0.600269295885523,-0.7646078691361,-1.00991263061031,-0.222985077756917,-0.493293969440142,0,0
-1.05325805542006,-0.91998843744384,-0.104816040554033,1.09646905544343,0.332129839548669,-0.0614006444954018,-0.278294946006147,-1.65044441802655,4.00181280545474,-0.420487347915062,2.36366587074519,1.8831182837224,-1.33293054550451,1.85472761207619,3.03067627974907,-0.488278885185423,-0.54015371962526,-0.700759781919965,-0.734043612760472,0.144418591345019,-0.493293969440142,0,1
-1.79397731447733,0.222477721651816,-0.203640485666361,-0.0557225899974744,-0.683598474400773,-0.0614006444954018,-0.278294946006147,-1.35131709145649,0.0641995289563043,-0.420487347915062,0.848751446356024,-0.605659333279934,0.413279509428967,-0.620335253902976,-0.753394822502868,-0.488278885185423,-1.44188736352921,-0.956152130784506,-1.35474890292261,-0.323186078421082,-2.12660546680886,0,0
0.428180462694498,-0.91998843744384,-0.203640485666361,1.64147399438074,-0.683598474400773,-0.0614006444954018,-0.278294946006147,1.99890896612809,-1.20973417814613,1.26000036581791,-0.615098446873957,-0.817470194301409,0.769648908394984,-0.510332459859458,-0.0653818948206978,-0.488278885185423,0.121117619237636,0.256961526322065,0.162530695251511,-0.690589747523018,-0.493293969440142,0,0
0.639814536710864,1.34062574737744,-0.203640485666361,-0.742538975419384,-0.268486011586457,-0.0614006444954018,-0.278294946006147,0.383621402649807,-0.167424781425956,-0.420487347915062,-1.05765771692023,0.638729475221231,-0.62019174757248,0.36968989248869,1.31064396054364,-0.488278885185423,0.722273381840268,0.767746224051147,0.714268730951194,-0.156184410647474,1.14001752792857,0,0
2.75615527687451,0.345395251437882,-0.203640485666361,0.989363138376343,-0.412511671035029,-0.0614006444954018,-0.278294946006147,-1.05218976488644,0.295823839338565,-0.420487347915062,1.13811712292474,1.22120934303029,-0.477643987986073,1.79972621505443,0.966637496702558,-0.488278885185423,2.04481605956606,2.23625223002226,2.30051558358778,-0.222985077756917,1.14001752792857,0,0
0.533997499702681,-0.91998843744384,-0.203640485666361,0.895852541727344,0.660902307863209,-0.0614006444954018,-0.278294946006147,0.86222512516189,0.411635994529696,-0.420487347915062,-0.274668239146055,0.744634905731968,-0.940924206641895,0.0946829073798942,1.31064396054364,2.41444396797857,0.361579924278689,0.0654172646736588,0.231497949713972,-0.156184410647474,1.14001752792857,0,0
-0.947441018411874,0.0028795920365815,-0.0882250743620964,-1.63587114130974,-0.683598474400773,-0.0614006444954018,-0.278294946006147,0.622923263905848,-0.862297712572739,-0.420487347915062,0.0657619685818479,-0.0761321807262468,-0.335096228399667,-0.675336650924735,-0.0653818948206978,-0.488278885185423,-0.419922567104733,-0.253823171407018,-0.458174594910631,-0.590388746858854,1.14001752792857,0,0
-0.524172870379144,-0.91998843744384,-0.180005342542385,0.324552330163482,-0.683598474400773,-0.0614006444954018,-0.278294946006147,0.9220505904759,-0.978109867763869,3.37617007940759,-0.683184488419538,-1.42642641973815,1.0547444275678,-1.33535341518585,-0.753394822502868,-0.488278885185423,-0.780616024666313,-0.573063607487694,-0.803010867222932,-0.690589747523018,-2.12660546680886,0,0
0.110729351669951,-0.91998843744384,-0.129077980488218,1.14720216894602,0.465943740316814,-0.0614006444954018,-0.278294946006147,1.04170152110392,0.874884615294217,-0.420487347915062,-1.31298037271616,-0.685088406162987,0.235094809945959,-1.06034643007705,-0.753394822502868,-0.488278885185423,-0.17946026206368,-0.636911694703829,-0.527141849373091,-0.323186078421082,1.14001752792857,0,0
-1.26489212943642,-0.91998843744384,0.0106130533240717,-0.214165655735638,-0.683598474400773,-0.0614006444954018,-0.278294946006147,-0.394109646432328,-0.167424781425956,-0.420487347915062,1.2913107164023,-0.393848472258459,0.448916449325569,-0.125322680707143,0.622631032861473,-0.488278885185423,-1.02107832970737,-0.956152130784506,-1.14784713953523,-0.556988413304132,-2.12660546680886,0,0
-0.206721759354597,0.350694181602618,-0.182451995462316,-0.581380042217046,1.27639989518159,-0.0614006444954018,-0.278294946006147,0.383621402649807,0.527448149720826,-0.420487347915062,-0.564033915714772,1.35359113116871,-0.62019174757248,1.85472761207619,0.622631032861473,-0.488278885185423,-0.299691414584207,0.256961526322065,0.231497949713972,1.17982893154139,-0.493293969440142,0,0
0.745631573719046,0.024715821874848,-0.203640485666361,0.106293449908247,-0.683598474400773,-0.0614006444954018,-0.278294946006147,-0.63341150768837,-0.399049091808217,-0.420487347915062,1.00194503983358,-1.0028046976952,1.37547688663721,0.0396815103581349,-0.753394822502868,-0.488278885185423,0.481811076799215,0.640050049618876,0.507366967563813,-0.623789080413575,-0.493293969440142,0,0
-0.418355833370962,1.80632793524817,0.0236646180613327,0.249517249598166,0.192501422361888,-0.0614006444954018,-0.278294946006147,-0.513760577060349,0.180011684147435,-0.420487347915062,-0.564033915714772,1.32711477354102,-1.1191089061249,1.0297066567498,0.278624569020388,-0.488278885185423,0.0610020429773727,0.129265351889794,0.162530695251511,-0.0893837435380313,-0.493293969440142,0,0
0.110729351669951,0.978087108522035,0.148028375734481,-0.177407644823257,-0.683598474400773,-0.0614006444954018,-0.278294946006147,-0.513760577060349,1.91719401201439,-0.420487347915062,3.29984894199692,0.824063978615021,-1.29729360560791,-0.290326871772421,-0.0653818948206978,-0.488278885185423,0.421695500538952,0.256961526322065,0.369432458638892,0.244619592009184,1.14001752792857,0,0
-0.947441018411874,-0.0404550641608138,-0.0936445816329985,-1.63587114130974,-0.683598474400773,-0.0614006444954018,-0.278294946006147,0.622923263905848,-0.862297712572739,-0.420487347915062,0.116826499741033,-0.0761321807262468,-0.335096228399667,-0.675336650924735,-0.0653818948206978,-0.488278885185423,-0.419922567104733,-0.253823171407018,-0.458174594910631,-0.590388746858854,1.14001752792857,0,0
-0.524172870379144,1.58053904292791,-0.203640485666361,0.957994473959436,-0.281827091063112,-0.0614006444954018,-0.278294946006147,-0.872713368944412,-0.0516126262348262,-0.420487347915062,-0.257646728759659,1.1947329854026,-0.976561146538496,0.974705259728042,1.65465042438473,-0.488278885185423,-0.119344685803417,0.3208096135382,0.0245961863265909,-0.0893837435380313,-0.493293969440142,0,0
-0.100904722346414,1.37531421239177,4.48491412661241,0.480555752730257,-0.191869186070619,-0.0614006444954018,-0.278294946006147,-0.992364299572432,0.0641995289563043,-0.420487347915062,-0.478926363782796,0.347489541316703,-0.691465627365683,-0.34532826879418,-0.753394822502868,-0.488278885185423,0.301464348018426,0.256961526322065,0.300465204176432,-0.356586411975803,1.14001752792857,0,1
0.639814536710864,2.54758114205685,-0.203640485666361,-0.160176851780885,-0.683598474400773,-0.0614006444954018,-0.278294946006147,0.383621402649807,-0.399049091808217,-0.420487347915062,-1.04063620653384,-0.658612048535303,1.126018307361,0.36968989248869,-0.409388358661783,-0.488278885185423,0.722273381840268,0.959290485699553,0.852203239876114,-0.490187746194689,-0.493293969440142,0,0
-0.735806944395509,-0.39861555853075,0.100643716662053,0.527466247977932,1.99708656671902,-0.0614006444954018,-0.278294946006147,-1.59061895271254,1.45394539124987,-0.420487347915062,-0.32573277030524,1.35359113116871,-1.33293054550451,0.754699671641005,1.99865688822581,-0.488278885185423,-0.299691414584207,-1.14769639243291,-1.07887988507277,1.71423426841693,-0.493293969440142,0,0
1.38053379576814,0.0085275023506986,-0.203640485666361,0.932595513839282,-0.683598474400773,-0.0614006444954018,-0.278294946006147,0.622923263905848,-0.978109867763869,0.0774349376354496,-0.39381881185082,-1.24109191634436,1.69620934570663,0.0396815103581349,0.278624569020388,-0.488278885185423,0.782388958100532,1.08698666013182,0.990137748801035,-0.623789080413575,-0.493293969440142,0,0
-1.05325805542006,3.54760594908564,-0.203640485666361,-1.01795673384088,-0.683598474400773,-0.0614006444954018,-0.278294946006147,-1.35131709145649,1.22232108086761,-0.420487347915062,-1.02361469614744,-0.579182975652249,0.342005629635764,-0.675336650924735,-1.09740128634395,-0.488278885185423,0.0008864667171094,-0.0622789097586118,-0.18230557706079,-0.490187746194689,-0.493293969440142,0,1
1.90961898080905,-0.91998843744384,-0.203640485666361,-0.19265429547789,-0.683598474400773,-0.0614006444954018,-0.278294946006147,-0.274458715804308,-0.746485557381608,1.88240322275605,-0.427861832623611,-1.47937913499352,1.87439404518963,-0.180324077728902,-1.09740128634395,-0.488278885185423,1.02285126314158,1.27853092178023,1.19703951218842,-0.690589747523018,-0.493293969440142,0,0
-0.735806944395509,-0.91998843744384,0.039486100756229,0.0926603925932321,1.45829977197426,-0.0614006444954018,-0.278294946006147,-1.35131709145649,0.990696770485347,-0.420487347915062,0.0487404581954529,1.35359113116871,-1.33293054550451,0.754699671641005,1.31064396054364,-0.488278885185423,0.421695500538952,-0.700759781919965,-0.458174594910631,2.4490416066208,-0.493293969440142,0,0
-1.05325805542006,0.173091581255504,-0.203640485666361,-0.124028716687396,-0.683598474400773,-0.0614006444954018,-0.278294946006147,-0.812887903630401,-0.283236936617087,0.201915509023077,-0.0023240729637326,-0.446801187513828,-0.156911528916659,-1.17034922412057,-0.0653818948206978,-0.488278885185423,-0.660384872145786,-0.509215520271559,-0.734043612760472,-0.590388746858854,1.14001752792857,0,0
1.16889972175178,-0.91998843744384,-0.203640485666361,-0.686352023449192,-0.683598474400773,-0.0614006444954018,-0.278294946006147,1.34082884767397,-1.32554633333726,-0.171526205139806,0.389170665923355,-1.29404463159973,1.51802464622362,-0.34532826879418,-1.09740128634395,-0.488278885185423,0.602042229319742,0.767746224051147,0.714268730951194,-0.657189413968297,-0.493293969440142,0,0
1.06308268474359,-0.529763365761965,-0.203640485666361,-0.556428084209592,-0.683598474400773,-0.0614006444954018,-0.278294946006147,0.0246686107657443,-0.862297712572739,0.575357223185961,0.0317189478090578,-1.32052098922741,1.58929852601682,-0.290326871772421,-1.44140775018504,-0.488278885185423,0.842504534360795,1.02313857291569,0.921170494338574,-0.657189413968297,-0.493293969440142,0,0
-0.735806944395509,0.134497982600887,0.411780023366304,-0.760793036423058,0.671835477421337,-0.0614006444954018,-0.278294946006147,-1.35131709145649,1.569757546441,-0.420487347915062,1.52961186181183,1.43302020405176,-1.22601972581471,1.08470805377156,0.278624569020388,0.963082541396573,-0.660384872145786,-0.636911694703829,-0.734043612760472,-0.156184410647474,-0.493293969440142,0,0
1.48635083277632,0.721997555148106,-0.203640485666361,-0.500353153815722,-0.683598474400773,-0.0614006444954018,-0.278294946006147,-0.394109646432328,-0.514861246999348,-0.420487347915062,0.0998049893546384,-0.658612048535303,1.26856606694741,0.589695480575728,-0.409388358661783,-0.488278885185423,0.842504534360795,1.21468283456409,1.12807225772596,-0.523588079749411,-0.493293969440142,0,0
-1.79397731447733,2.28761209563907,-0.203640485666361,-0.896464070738901,-0.683598474400773,-0.0614006444954018,-0.278294946006147,-1.53079348739853,0.411635994529696,-0.420487347915062,-0.257646728759659,-0.473277545141512,0.377642569532366,-0.400329665815939,-1.09740128634395,0.963082541396573,-0.960962753447102,-0.7646078691361,-1.07887988507277,-0.389986745530525,-0.493293969440142,0,0
-0.524172870379144,-0.91998843744384,-0.180163261370356,0.311453709847463,-0.683598474400773,-0.0614006444954018,-0.278294946006147,1.04170152110392,-0.862297712572739,3.56289093648903,-0.700205998805933,-1.42642641973815,1.0547444275678,-1.33535341518585,-1.09740128634395,-0.488278885185423,-0.72050044840605,-0.509215520271559,-0.734043612760472,-0.657189413968297,-2.12660546680886,0,0
-0.100904722346414,0.146956050501493,-0.203640485666361,0.208746711857839,1.71643465794664,-0.0614006444954018,1.470513367946,-0.69323697300238,0.527448149720826,-0.420487347915062,-0.98957167537465,1.40654384642408,-1.40420442529772,0.754699671641005,0.966637496702558,-0.488278885185423,0.361579924278689,-0.445367433055424,0.162530695251511,2.31544027240192,1.14001752792857,0,0
0.851448610727229,-0.91998843744384,-0.203640485666361,1.08372097907355,1.33838012444837,-0.0614006444954018,-0.278294946006147,-0.57358604237436,2.95950340873456,-0.420487347915062,2.53388097460914,1.40654384642408,-1.43984136519432,0.699698274619246,1.65465042438473,0.963082541396573,0.421695500538952,0.256961526322065,0.438399713101353,0.211219258454462,1.14001752792857,0,0
-0.206721759354597,-0.91998843744384,-0.203640485666361,-0.0461459518233262,-0.683598474400773,-0.0614006444954018,-0.278294946006147,-0.812887903630401,-0.399049091808217,-0.420487347915062,1.03598806060637,-1.0028046976952,0.840922788188187,-0.785339444968254,-1.09740128634395,2.41444396797857,-0.299691414584207,-0.0622789097586118,-0.25127283152325,-0.657189413968297,-0.493293969440142,0,0
-1.15907509242824,1.15950039711723,-0.203640485666361,0.0898173948043827,-0.683598474400773,-0.0614006444954018,-0.278294946006147,-0.753062438316391,-0.514861246999348,-0.420487347915062,-0.95552865460186,-0.711564763790671,0.69837502860178,-0.400329665815939,-1.09740128634395,-0.488278885185423,-0.299691414584207,-0.126126996974747,-0.389207340448171,-0.423387079085246,-0.493293969440142,0,0
0.851448610727229,-0.91998843744384,-0.203640485666361,-1.00797250920077,-0.683598474400773,-0.0614006444954018,-0.278294946006147,0.503272333277827,-0.862297712572739,-0.420487347915062,1.12109561253835,0.26806046843365,-0.655828687469082,-0.455331062837698,-0.0653818948206978,-0.488278885185423,0.421695500538952,0.767746224051147,0.645301476488733,-0.590388746858854,1.14001752792857,0,0
-0.206721759354597,1.11294660702395,-0.184083390456357,-0.229991719894778,0.522461106433078,-0.0614006444954018,-0.278294946006147,0.383621402649807,0.180011684147435,-0.420487347915062,-0.683184488419538,0.929969409125759,-0.477643987986073,1.19471084781508,-0.0653818948206978,-0.488278885185423,0.481811076799215,0.3208096135382,0.438399713101353,0.578622927556398,-0.493293969440142,0,0
0.216546388678133,1.37879195218489,-0.176260552794007,0.635164868652245,0.793824512933277,-0.0614006444954018,-0.278294946006147,0.9220505904759,-0.399049091808217,-0.420487347915062,-1.31298037271616,0.665205832848915,-0.0856376491234554,1.24971224483684,0.622631032861473,-0.488278885185423,0.902620110621058,0.767746224051147,0.990137748801035,0.578622927556398,-0.493293969440142,0,0
-0.206721759354597,0.464313632063376,-0.184404583079565,-1.31676570257549,-0.683598474400773,-0.0614006444954018,-0.278294946006147,1.63995617424402,-0.630673402190478,0.139675223329264,-0.581055426101167,-1.13518648583362,1.30420300684401,-0.34532826879418,-1.09740128634395,-0.488278885185423,0.181233195497899,0.384657700754335,0.300465204176432,-0.590388746858854,-0.493293969440142,0,0
-1.26489212943642,-0.91998843744384,-0.203640485666361,2.45199367662183,-0.683598474400773,-0.0614006444954018,-0.278294946006147,0.383621402649807,-0.862297712572739,-0.171526205139806,0.542364259400912,-1.26756827397204,0.448916449325569,-1.9403687824252,-1.09740128634395,-0.488278885185423,-0.840731600926576,-0.892304043568371,-1.07887988507277,-0.623789080413575,1.14001752792857,0,0
1.16889972175178,0.508632138681184,-0.203640485666361,0.340058487560641,-0.683598474400773,-0.0614006444954018,-0.278294946006147,-0.0949823198622764,-0.630673402190478,0.326396080410705,-0.39381881185082,-1.05575741295057,1.48238770632702,0.0946829073798942,-0.753394822502868,-0.488278885185423,0.662157805580005,0.959290485699553,0.852203239876114,-0.623789080413575,-0.493293969440142,0,0
0.110729351669951,-0.91998843744384,-0.203640485666361,0.509770231392555,2.30750331299676,-0.0614006444954018,-0.278294946006147,-1.47096802208452,1.45394539124987,-0.420487347915062,1.75089149683497,0.638729475221231,-0.976561146538496,-0.180324077728902,0.966637496702558,-0.488278885185423,0.0008864667171094,-0.573063607487694,-0.18230557706079,1.34683059931499,1.14001752792857,0,0
-0.418355833370962,-0.91998843744384,0.0377627394700339,-0.300987378661122,1.17727781306254,-0.0614006444954018,2.88557962206419,-1.35131709145649,1.10650892567648,-0.420487347915062,0.167891030900219,1.35359113116871,-1.33293054550451,0.754699671641005,2.3426633520669,-0.488278885185423,0.421695500538952,-0.7646078691361,-0.389207340448171,2.68284394150385,-0.493293969440142,0,1
0.110729351669951,0.452417760790638,-0.203640485666361,-0.212236632300219,-0.24257668374101,-0.0614006444954018,-0.278294946006147,-0.932538834258422,0.295823839338565,-0.420487347915062,2.58494550576833,0.400442256572072,-0.940924206641895,-0.620335253902976,1.65465042438473,2.41444396797857,0.361579924278689,0.129265351889794,0.300465204176432,0.0442175906808546,1.14001752792857,0,0
-1.05325805542006,-0.677779777493694,-0.203640485666361,0.0391266697346726,-0.372264127290036,-0.0614006444954018,-0.278294946006147,-1.4111425567705,0.295823839338565,-0.420487347915062,0.984923529447185,-0.976328340067515,0.520190329118772,-1.22535062114233,-1.09740128634395,-0.488278885185423,-0.660384872145786,-0.636911694703829,-0.803010867222932,-0.590388746858854,-0.493293969440142,0,0
1.06308268474359,-0.577351781736852,-0.1750733460099,-0.688067495918322,-0.683598474400773,-0.0614006444954018,-0.278294946006147,0.563097798591838,-0.978109867763869,-0.420487347915062,0.474278217855331,-0.579182975652249,1.0547444275678,0.42469128951045,-0.409388358661783,-0.488278885185423,0.722273381840268,0.767746224051147,0.714268730951194,-0.623789080413575,-0.493293969440142,0,0
0.110729351669951,-0.283581121387935,-0.185953783542586,1.88499676534378,0.679795244542341,-0.0614006444954018,-0.278294946006147,0.742574194533869,0.527448149720826,-0.420487347915062,-0.342754280691635,0.426918614199756,-0.691465627365683,-0.180324077728902,0.966637496702558,0.963082541396573,0.241348771758162,-0.573063607487694,0.231497949713972,-0.0225830764285883,1.14001752792857,0,0
0.428180462694498,-0.609342446362997,-0.203640485666361,-0.346904753496292,-0.683598474400773,-0.0614006444954018,-0.278294946006147,-0.334284181118318,-0.746485557381608,1.32224065151173,-0.274668239146055,-1.08223377057825,1.1972921871542,-0.400329665815939,-0.0653818948206978,-0.488278885185423,0.301464348018426,0.384657700754335,0.300465204176432,-0.657189413968297,-0.493293969440142,0,0
-0.418355833370962,-0.693406153255819,-0.0714022802526463,0.557835671540293,-0.683598474400773,-0.0614006444954018,-0.278294946006147,1.87925803550007,0.295823839338565,1.13551979443029,-1.07467922730663,-1.37347370448278,1.1972921871542,-1.00534503305529,-0.753394822502868,-0.488278885185423,-0.480038143364997,-0.381519345839288,-0.458174594910631,-0.657189413968297,-2.12660546680886,0,0
0.0049123146617683,-0.91998843744384,-0.203640485666361,-0.0675323851155345,1.50272256040075,-0.0614006444954018,-0.278294946006147,-0.57358604237436,-0.283236936617087,0.201915509023077,-0.581055426101167,-0.0496558230985624,-0.691465627365683,-1.17034922412057,0.966637496702558,0.963082541396573,0.0008864667171094,-0.126126996974747,-0.0443710681358694,-0.323186078421082,1.14001752792857,0,0
-1.3707091664446,-0.91998843744384,-0.203640485666361,-0.824410484822328,-0.683598474400773,-0.0614006444954018,-0.278294946006147,-1.17184069551446,-0.167424781425956,0.139675223329264,0.184912541286614,-0.896899267184462,0.448916449325569,-1.17034922412057,-0.409388358661783,-0.488278885185423,-0.600269295885523,-0.700759781919965,-0.871978121685393,-0.556988413304132,-0.493293969440142,0,0
1.69798490679269,0.0182892617715933,-0.203640485666361,-0.0137025727580217,-0.683598474400773,-0.0614006444954018,-0.278294946006147,-0.274458715804308,-0.630673402190478,0.0774349376354496,0.610450300946492,-0.711564763790671,1.26856606694741,0.479692686532209,0.278624569020388,-0.488278885185423,1.26331356818264,1.47007518342864,1.47290853003826,-0.590388746858854,-0.493293969440142,0,0
0.428180462694498,-0.91998843744384,-0.149513275572032,1.05788659321964,-0.266354509782547,-0.0614006444954018,-0.278294946006147,1.34082884767397,0.874884615294217,-0.420487347915062,-0.649141467646747,-0.76451747904604,0.342005629635764,-1.06034643007705,-0.409388358661783,-0.488278885185423,-0.17946026206368,-0.126126996974747,-0.0443710681358694,-0.623789080413575,1.14001752792857,0,0
0.0049123146617683,-0.91998843744384,-0.203640485666361,0.340058487560641,2.0709189965224,-0.0614006444954018,-0.278294946006147,-1.77009534865457,2.03300616720552,-0.420487347915062,1.47854733065264,0.691682190476599,-1.43984136519432,-0.785339444968254,1.99865688822581,2.41444396797857,-0.17946026206368,-0.700759781919965,-0.458174594910631,0.678823928220563,1.14001752792857,0,0
1.06308268474359,-0.573121715488813,-0.203640485666361,1.24264364265003,1.54570922275288,-0.0614006444954018,-0.278294946006147,-0.214633250490297,-0.283236936617087,0.948798937348845,-0.495947874169191,1.08882755489186,-0.83401338695209,0.974705259728042,-1.09740128634395,-0.488278885185423,1.26331356818264,0.448505787970471,0.852203239876114,1.74763460197165,1.14001752792857,0,0
0.0049123146617683,1.63206379618807,-0.203640485666361,-0.753433257330015,0.683235264441066,-0.0614006444954018,-0.278294946006147,-1.4111425567705,0.643260304911956,-0.420487347915062,-0.32573277030524,0.559300402338178,-0.370733168296268,0.589695480575728,0.622631032861473,2.41444396797857,0.421695500538952,0.384657700754335,0.369432458638892,0.0776179242355761,-0.493293969440142,0,0
0.0049123146617683,1.88340227853185,-0.203640485666361,-1.63587114130974,0.0370956728970501,-0.0614006444954018,-0.278294946006147,-0.453935111746339,1.10650892567648,-0.420487347915062,1.49556884103904,1.08882755489186,-1.36856748540111,0.149684304401653,1.99865688822581,-0.488278885185423,0.301464348018426,0.448505787970471,0.438399713101353,0.411621259782791,1.14001752792857,0,0
0.110729351669951,-0.300219213386329,-0.203640485666361,0.935743169745941,0.113051186148068,-0.0614006444954018,-0.278294946006147,-0.63341150768837,-0.399049091808217,0.0151946519416356,1.03598806060637,-0.129084895981615,0.0212731705663495,-0.235325474750661,-0.0653818948206978,-0.488278885185423,0.0008864667171094,0.129265351889794,0.0245961863265909,-0.523588079749411,-0.493293969440142,0,0
-0.418355833370962,0.725559347547306,-0.203640485666361,0.640091194963849,0.726523264943556,-0.0614006444954018,-0.278294946006147,-0.513760577060349,2.7278790983523,-0.420487347915062,1.75089149683497,1.8831182837224,-1.33293054550451,1.85472761207619,0.966637496702558,2.41444396797857,-0.17946026206368,0.384657700754335,-0.11333832259833,1.94803660329998,-0.493293969440142,0,0
-0.418355833370962,0.19494032795298,0.0008639517142675,0.214602645880544,0.462902633493196,-0.0614006444954018,1.1836717961504,-0.932538834258422,0.180011684147435,-0.420487347915062,-0.308711259918845,0.45339497182744,-0.905287266745293,-0.455331062837698,1.31064396054364,-0.488278885185423,-0.17946026206368,-0.253823171407018,-0.25127283152325,0.211219258454462,1.14001752792857,0,0
-0.735806944395509,-0.91998843744384,-0.144419843642522,-1.63587114130974,-0.683598474400773,-0.0614006444954018,-0.278294946006147,-1.17184069551446,0.0641995289563043,-0.420487347915062,1.88706357992613,-0.314419399375406,-0.370733168296268,-1.22535062114233,-0.0653818948206978,0.963082541396573,-0.54015371962526,-0.509215520271559,-0.665076358298012,-0.490187746194689,1.14001752792857,0,0
1.69798490679269,1.18472131211853,-0.10336677136991,-0.388286566013692,-0.683598474400773,-0.0614006444954018,-0.278294946006147,1.69978163955804,-0.862297712572739,-0.420487347915062,0.287041603604985,0.215107753178281,0.91219666798139,1.85472761207619,-0.753394822502868,-0.488278885185423,1.3234291444429,1.66161944507704,1.54187578450072,-0.323186078421082,-0.493293969440142,0,0
-0.418355833370962,-0.577351781736852,0.0248966231523018,0.259736149473091,0.637674145230222,-0.0614006444954018,1.96814187666394,-1.35131709145649,0.874884615294217,-0.420487347915062,0.201934051673009,1.35359113116871,-1.33293054550451,0.754699671641005,0.966637496702558,-0.488278885185423,0.421695500538952,-0.636911694703829,-0.458174594910631,1.9814369368547,-0.493293969440142,0,0
-0.100904722346414,2.42922801773591,-0.203640485666361,0.217053585639241,-0.683598474400773,-0.0614006444954018,-0.278294946006147,-0.992364299572432,-0.167424781425956,-0.420487347915062,-0.717227509192328,0.400442256572072,-0.299459288503065,0.36968989248869,0.966637496702558,-0.488278885185423,0.421695500538952,0.831594311267282,0.645301476488733,-0.423387079085246,1.14001752792857,0,0
0.322363425686316,-0.110817741103699,-0.203640485666361,-0.516704596719638,0.876560215825571,-0.0614006444954018,-0.278294946006147,-1.29149162614248,0.180011684147435,-0.420487347915062,0.150869520513824,-0.182037611236984,-0.0143637693302521,-0.400329665815939,-0.409388358661783,-0.488278885185423,-0.17946026206368,0.0015691774575234,-0.11333832259833,-0.356586411975803,1.14001752792857,0,0
-0.735806944395509,0.862325859087817,-0.0550410273986294,0.212972265042757,1.60738343339324,-0.0614006444954018,1.18238379670336,-1.4111425567705,0.990696770485347,-0.420487347915062,-0.666162978033143,0.87701669387039,-0.83401338695209,0.534694083553968,0.966637496702558,-0.488278885185423,0.421695500538952,-0.509215520271559,-0.18230557706079,1.94803660329998,-0.493293969440142,0,0
-1.89979435148552,0.614857336745618,0.788103061295768,1.54840392966286,-0.683598474400773,-0.0614006444954018,-0.278294946006147,-1.05218976488644,1.10650892567648,-0.420487347915062,0.899815977515209,1.43302020405176,-1.29729360560791,0.974705259728042,0.622631032861473,-0.488278885185423,-1.02107832970737,-0.956152130784506,-1.21681439399769,-0.256385411311639,-0.493293969440142,0,0
-0.524172870379144,1.87190573299776,0.494677360108544,-1.08423146833051,-0.683598474400773,-0.0614006444954018,-0.278294946006147,-0.394109646432328,-0.0516126262348262,-0.420487347915062,-0.172539176827684,1.0358748396365,-1.0478350263317,0.534694083553968,0.622631032861473,0.963082541396573,-0.419922567104733,0.703898136835012,0.300465204176432,0.812425262439449,1.14001752792857,0,0
0.851448610727229,-0.91998843744384,-0.135923521866773,0.236396245951256,0.708406052166527,-0.0614006444954018,-0.278294946006147,1.10152698641793,-0.283236936617087,-0.23376649083362,-0.0193455833501277,0.532824044710493,-0.905287266745293,-0.290326871772421,-0.409388358661783,2.41444396797857,0.241348771758162,-0.126126996974747,0.162530695251511,0.244619592009184,1.14001752792857,0,0
-1.05325805542006,3.03545491044631,-0.203640485666361,-1.24510071226757,-0.683598474400773,-0.0614006444954018,-0.278294946006147,-1.35131709145649,0.874884615294217,-0.420487347915062,-1.07467922730663,-0.579182975652249,0.342005629635764,-0.675336650924735,-1.09740128634395,-0.488278885185423,-0.299691414584207,0.0015691774575234,-0.18230557706079,-0.523588079749411,-0.493293969440142,0,0
-0.735806944395509,0.303555967973908,-0.203640485666361,-1.07177510971526,0.364895284758316,-0.0614006444954018,-0.278294946006147,-1.17184069551446,0.295823839338565,-0.0470456337521783,0.576407280173702,0.506347687082809,-0.655828687469082,0.0396815103581349,-0.409388358661783,-0.488278885185423,-0.17946026206368,-0.317671258623153,-0.32024008598571,-0.356586411975803,-0.493293969440142,0,0
-0.418355833370962,0.185436011246443,0.0267698771403337,-0.489184116518395,-0.683598474400773,-0.0614006444954018,-0.278294946006147,0.563097798591838,-0.978109867763869,-0.420487347915062,-0.29168974953245,-1.0028046976952,1.0903813674644,-0.400329665815939,-0.409388358661783,-0.488278885185423,0.241348771758162,0.3208096135382,0.162530695251511,-0.523588079749411,-0.493293969440142,0,0
1.27471675875996,-0.91998843744384,-0.203640485666361,1.23084643815559,-0.683598474400773,-0.0614006444954018,-0.278294946006147,-1.11201523020045,-0.167424781425956,-0.420487347915062,1.49556884103904,-0.579182975652249,0.769648908394984,-0.0153198866636243,-0.753394822502868,-0.488278885185423,0.842504534360795,0.831594311267282,0.783235985413654,-0.490187746194689,1.14001752792857,0,0
0.0049123146617683,1.59192389761933,-0.203640485666361,1.83836273920657,-0.683598474400773,-0.0614006444954018,-0.278294946006147,-1.05218976488644,0.295823839338565,-0.420487347915062,0.525342749014517,1.27416205828566,-1.29729360560791,0.644696877597487,1.31064396054364,-0.488278885185423,0.842504534360795,0.831594311267282,0.852203239876114,-0.0893837435380313,1.14001752792857,0,0
0.216546388678133,1.44494390711669,-0.173305884249191,0.628629495615111,0.953258657142891,-0.0614006444954018,-0.278294946006147,0.86222512516189,-0.283236936617087,-0.420487347915062,-1.29595886232976,0.665205832848915,-0.0856376491234554,1.24971224483684,0.278624569020388,-0.488278885185423,0.902620110621058,0.767746224051147,0.990137748801035,0.712224261775284,-0.493293969440142,0,0
-0.206721759354597,-0.709091143320261,-0.203640485666361,0.989363138376343,-0.683598474400773,-0.0614006444954018,-0.278294946006147,0.563097798591838,-0.978109867763869,-0.0470456337521783,0.082783478968243,-1.16166284346131,0.91219666798139,-1.00534503305529,-0.753394822502868,-0.488278885185423,-0.17946026206368,0.0015691774575234,-0.18230557706079,-0.657189413968297,-0.493293969440142,0,0
-0.735806944395509,0.291344950001528,-0.203640485666361,-0.379321867121753,-0.683598474400773,-0.0614006444954018,-0.278294946006147,-0.992364299572432,-0.283236936617087,-0.420487347915062,-0.0533886041229178,0.347489541316703,-0.40637010819287,0.0946829073798942,-0.0653818948206978,-0.488278885185423,-0.299691414584207,-0.0622789097586118,-0.32024008598571,-0.423387079085246,-0.493293969440142,0,0
0.851448610727229,-0.91998843744384,-0.125773272069369,-0.989999393973745,1.71738443705262,-0.0614006444954018,-0.278294946006147,0.86222512516189,0.411635994529696,-0.420487347915062,0.0998049893546384,0.744634905731968,-1.36856748540111,-0.565333856881217,0.278624569020388,-0.488278885185423,0.361579924278689,-0.700759781919965,0.300465204176432,0.445021593337513,1.14001752792857,0,0
2.12125305482542,-0.91998843744384,-0.203640485666361,-0.288127245740964,-0.370464516744166,-0.0614006444954018,-0.278294946006147,0.802399659847879,-1.093922022955,3.25168950801996,-0.121474645668498,-0.526230260396881,0.69837502860178,-0.0153198866636243,-0.409388358661783,2.41444396797857,1.38354472070316,1.4062270962125,1.47290853003826,-0.556988413304132,1.14001752792857,0,0
-0.629989907387327,-0.91998843744384,-0.203640485666361,1.82689663313957,-0.683598474400773,-0.0614006444954018,-0.278294946006147,-1.4111425567705,0.0641995289563043,-0.420487347915062,0.37214915553696,-1.3469973468551,0.840922788188187,-1.50035760625112,-1.09740128634395,-0.488278885185423,-0.419922567104733,-0.317671258623153,-0.458174594910631,-0.657189413968297,-0.493293969440142,0,0
-0.312538796362779,-0.91998843744384,-0.151713026552422,-1.63587114130974,-0.683598474400773,-0.0614006444954018,-0.278294946006147,0.204145006707776,-0.630673402190478,0.388636366104519,0.508321238628121,-0.0761321807262468,-0.869650326848691,-1.50035760625112,-1.09740128634395,-0.488278885185423,-0.299691414584207,-0.189975084190882,-0.32024008598571,-0.623789080413575,1.14001752792857,0,0
-1.79397731447733,0.85825236736952,-0.203640485666361,0.331721221412763,-0.683598474400773,-0.0614006444954018,-0.278294946006147,-1.47096802208452,0.180011684147435,-0.420487347915062,0.201934051673009,0.215107753178281,-0.548917867779277,-0.400329665815939,-0.409388358661783,-0.488278885185423,-0.960962753447102,-0.7646078691361,-1.07887988507277,-0.423387079085246,-0.493293969440142,0,0
-0.312538796362779,0.0439220193707507,-0.203640485666361,-1.19147528770026,-0.683598474400773,-0.0614006444954018,-0.278294946006147,-1.05218976488644,-0.283236936617087,-0.358247062221248,-0.0533886041229178,-0.367372114630775,0.270731749842561,-0.34532826879418,-0.409388358661783,-0.488278885185423,-0.17946026206368,0.0015691774575234,-0.18230557706079,-0.556988413304132,-0.493293969440142,0,0
-0.206721759354597,0.179428272838297,-0.203640485666361,-0.115264418554848,0.729588749246709,-0.0614006444954018,-0.278294946006147,-0.57358604237436,1.569757546441,-0.420487347915062,0.576407280173702,1.85664192609471,-1.40420442529772,1.68972342101091,1.31064396054364,0.963082541396573,-0.54015371962526,0.0015691774575234,-0.389207340448171,1.07962793087722,-0.493293969440142,0,0
-1.15907509242824,0.0327841387478083,-0.155978357067625,-0.84520148653886,0.786031032726006,-0.0614006444954018,-0.278294946006147,0.682748729219859,0.180011684147435,-0.420487347915062,0.916837487901604,0.665205832848915,-0.727102567262285,0.259687098445172,0.278624569020388,0.963082541396573,-0.72050044840605,-0.7646078691361,-0.871978121685393,0.244619592009184,-0.493293969440142,0,0
-0.735806944395509,-0.91998843744384,-0.203640485666361,1.31551743774797,1.71643465794664,-0.0614006444954018,1.470513367946,1.16135245173194,-0.167424781425956,-0.420487347915062,-0.95552865460186,0.0827259650398594,-0.442007048089472,-0.510332459859458,-0.0653818948206978,-0.488278885185423,-1.32165621100868,-1.40308874129745,-1.56165066631,-0.456787412639968,-0.493293969440142,0,0
1.06308268474359,2.87616265448791,1.11511774827624,-1.05248574970993,-0.412511671035029,-0.0614006444954018,-0.278294946006147,-0.513760577060349,0.527448149720826,-0.420487347915062,-0.972550164988255,1.96254735660545,-1.40420442529772,1.90972900909795,2.68666981590798,-0.488278885185423,2.64597182216869,1.98085988115772,2.36948283805024,1.07962793087722,1.14001752792857,0,1
-1.05325805542006,0.119542257626522,-0.203640485666361,0.161351582522402,0.65261142956351,-0.0614006444954018,-0.278294946006147,-1.35131709145649,0.295823839338565,-0.420487347915062,-0.138496156054893,-0.129084895981615,-0.584554807675878,-1.17034922412057,-0.409388358661783,-0.488278885185423,-0.17946026206368,-0.700759781919965,-0.665076358298012,0.177818924899741,1.14001752792857,0,0
-1.05325805542006,-0.156811837940954,-0.203640485666361,-0.22846853422759,-0.683598474400773,-0.0614006444954018,-0.278294946006147,-1.4111425567705,0.643260304911956,-0.420487347915062,0.746622384037653,-0.658612048535303,0.591464208911976,-0.455331062837698,-0.409388358661783,-0.488278885185423,-0.600269295885523,-0.509215520271559,-0.734043612760472,-0.523588079749411,-0.493293969440142,0,0
0.533997499702681,-0.435571117543548,-0.122864439092791,1.71412451575303,1.49574195537439,-0.0614006444954018,-0.278294946006147,0.802399659847879,0.411635994529696,-0.420487347915062,-0.461904853396401,1.11530391251955,-1.36856748540111,0.204685701423413,0.966637496702558,0.963082541396573,0.181233195497899,-0.189975084190882,0.162530695251511,0.37822092622807,1.14001752792857,0,0
1.48635083277632,0.693190774919386,-0.203640485666361,1.15312046152963,-0.683598474400773,-0.0614006444954018,-0.278294946006147,-1.05218976488644,-0.167424781425956,-0.420487347915062,0.201934051673009,-0.314419399375406,1.26856606694741,1.3047136418586,-0.0653818948206978,-0.488278885185423,1.26331356818264,1.47007518342864,1.4039412755758,-0.523588079749411,-0.493293969440142,0,0
1.16889972175178,-0.141140881930777,-0.203640485666361,1.23673293941455,-0.683598474400773,-0.0614006444954018,-0.278294946006147,0.144319541393765,-0.862297712572739,-0.420487347915062,0.457256707468936,-1.08223377057825,1.66057240581002,0.314688495466931,-0.753394822502868,0.963082541396573,1.14308241566211,1.34237900899636,1.33497402111334,-0.590388746858854,-0.493293969440142,0,0
0.851448610727229,1.63053158090138,-0.203640485666361,-1.63587114130974,-0.683598474400773,-0.0614006444954018,-0.278294946006147,0.802399659847879,-0.283236936617087,-0.420487347915062,-0.683184488419538,1.38006748879639,-1.0121980864351,1.3047136418586,-0.0653818948206978,-0.488278885185423,2.40550951712764,1.98085988115772,2.23154832912532,0.211219258454462,1.14001752792857,0,0
0.533997499702681,-0.91998843744384,-0.181950620840142,0.882829290283312,0.653986124389436,-0.0614006444954018,-0.278294946006147,0.86222512516189,0.411635994529696,-0.420487347915062,-0.308711259918845,0.744634905731968,-0.940924206641895,0.0946829073798942,0.278624569020388,0.963082541396573,0.181233195497899,0.0015691774575234,0.231497949713972,-0.256385411311639,1.14001752792857,0,0
1.27471675875996,1.05810159881745,-0.0662053604183418,-1.17988736734967,-0.259826545796192,-0.0614006444954018,-0.278294946006147,1.69978163955804,-0.862297712572739,-0.420487347915062,-0.512969384555586,0.638729475221231,-0.299459288503065,0.864702465684524,-0.409388358661783,-0.488278885185423,1.20319799192237,1.34237900899636,1.4039412755758,-0.523588079749411,1.14001752792857,0,0
0.216546388678133,-0.91998843744384,-0.203640485666361,0.949320863290954,1.718969038229,-0.0614006444954018,-0.278294946006147,-1.47096802208452,0.874884615294217,-0.23376649083362,1.17216014369753,1.0358748396365,-1.43984136519432,-0.0703212836853836,0.966637496702558,0.963082541396573,-0.600269295885523,-0.828455956352235,-0.665076358298012,1.01282726376778,1.14001752792857,0,0
-2.74633064755098,-0.91998843744384,-0.203640485666361,1.67695269301079,-0.683598474400773,-0.0614006444954018,-0.278294946006147,1.16135245173194,-0.978109867763869,-0.420487347915062,0.37214915553696,-1.42642641973815,0.413279509428967,-2.32537856157751,-1.09740128634395,-0.488278885185423,-1.50200293978947,-1.40308874129745,-1.69958517523492,-0.690589747523018,-0.493293969440142,0,0
1.06308268474359,-0.91998843744384,-0.203640485666361,0.776125713589003,-0.683598474400773,-0.0614006444954018,-0.278294946006147,0.802399659847879,-1.20973417814613,0.139675223329264,-0.0533886041229178,-1.42642641973815,1.62493546591342,-0.455331062837698,-1.44140775018504,-0.488278885185423,0.722273381840268,0.895442398483418,0.852203239876114,-0.657189413968297,-0.493293969440142,0,0
0.851448610727229,-0.91998843744384,-0.129318928716122,0.008028004246648,0.462229002475385,-0.0614006444954018,-0.278294946006147,1.10152698641793,-0.283236936617087,-0.23376649083362,-0.0193455833501277,0.532824044710493,-0.905287266745293,-0.290326871772421,-0.753394822502868,2.41444396797857,0.241348771758162,0.0015691774575234,0.231497949713972,0.0442175906808546,1.14001752792857,0,0
-0.312538796362779,0.492669906506909,0.149698311735053,-1.63587114130974,-0.683598474400773,-0.0614006444954018,-0.278294946006147,-0.0351568545482661,-0.514861246999348,-0.420487347915062,-0.581055426101167,-1.0028046976952,1.0547444275678,-0.455331062837698,-0.753394822502868,-0.488278885185423,-0.17946026206368,0.0015691774575234,-0.25127283152325,-0.590388746858854,-0.493293969440142,0,0
0.639814536710864,1.91059936537971,-0.203640485666361,0.104126603582103,-0.683598474400773,-0.0614006444954018,-0.278294946006147,0.742574194533869,-0.862297712572739,-0.420487347915062,-0.768292040351513,-0.685088406162987,1.58929852601682,1.0297066567498,-0.409388358661783,-0.488278885185423,0.962735686881321,1.72546753229318,1.67981029342564,0.0108172571261331,1.14001752792857,0,0
0.216546388678133,3.47767837839812,-0.151261484749643,-0.332493945380695,-0.683598474400773,-0.0614006444954018,-0.278294946006147,0.204145006707776,0.874884615294217,-0.420487347915062,-1.39808792464813,1.22120934303029,-1.43984136519432,0.314688495466931,0.278624569020388,-0.488278885185423,1.44366029696343,1.08698666013182,1.26600676665088,0.244619592009184,1.14001752792857,0,0
1.69798490679269,0.227315753245234,-0.203640485666361,0.268336909394312,-0.683598474400773,-0.0614006444954018,-0.278294946006147,-1.05218976488644,0.0641995289563043,0.0774349376354496,0.814708425583234,-0.632135690907618,1.37547688663721,0.809701068662764,-0.409388358661783,-0.488278885185423,1.26331356818264,1.34237900899636,1.4039412755758,-0.490187746194689,-0.493293969440142,0,0
-0.206721759354597,0.488734909410607,7.81242592513313,-0.174563842633454,0.67447838624258,-0.0614006444954018,2.03071669958715,-1.53079348739853,0.990696770485347,-0.420487347915062,0.082783478968243,0.87701669387039,-0.83401338695209,0.534694083553968,-0.409388358661783,-0.488278885185423,-0.119344685803417,-0.381519345839288,-0.25127283152325,0.745624595330006,-0.493293969440142,0,1
1.27471675875996,-0.198545246476629,-0.203640485666361,0.359789603585492,-0.683598474400773,-0.0614006444954018,-0.278294946006147,0.323795937335796,-0.978109867763869,0.886558651655031,-0.495947874169191,-1.24109191634436,1.83875710529303,0.259687098445172,-0.753394822502868,-0.488278885185423,1.26331356818264,1.53392327064477,1.47290853003826,-0.623789080413575,-0.493293969440142,0,0
-1.58234324046097,-0.709091143320261,0.0776946038759638,-1.63587114130974,-0.683598474400773,-0.0614006444954018,-0.278294946006147,0.503272333277827,-0.862297712572739,0.0774349376354496,0.644493321719282,0.0827259650398594,-1.22601972581471,-1.72036319433816,0.622631032861473,-0.488278885185423,-0.780616024666313,-0.7646078691361,-0.940945376147853,-0.590388746858854,1.14001752792857,0,0
0.957265647735411,-0.451718346368274,-0.203640485666361,0.307126347480942,0.219271145221688,-0.0614006444954018,-0.278294946006147,-0.513760577060349,-0.167424781425956,0.139675223329264,0.27002009321859,0.135678680295228,0.0569101104629511,0.36968989248869,0.622631032861473,-0.488278885185423,0.541926653059479,0.640050049618876,0.645301476488733,-0.356586411975803,1.14001752792857,0,0
-0.947441018411874,-0.287296580359687,-0.203640485666361,-0.177407644823257,0.671835477421337,-0.0614006444954018,-0.278294946006147,-0.872713368944412,-0.399049091808217,-0.358247062221248,-0.410840322237216,-0.552706618024565,0.163820930152756,-0.895342239011772,-0.409388358661783,-0.488278885185423,-0.660384872145786,-0.573063607487694,-0.734043612760472,-0.490187746194689,-0.493293969440142,0,0
0.428180462694498,-0.91998843744384,-0.203640485666361,1.19030700830672,-0.683598474400773,-0.0614006444954018,-0.278294946006147,-0.513760577060349,-0.514861246999348,-0.420487347915062,1.34237524756148,-0.976328340067515,0.947833607877992,-0.565333856881217,-0.753394822502868,-0.488278885185423,0.181233195497899,0.256961526322065,0.0935634407890512,-0.590388746858854,-0.493293969440142,0,0
0.745631573719046,1.3558041460128,-0.182557937375731,1.51178476534991,0.941566827918335,-0.0614006444954018,-0.278294946006147,0.443446867963817,0.0641995289563043,-0.171526205139806,0.33810613476417,0.585776759965862,-0.513280927882675,0.42469128951045,0.278624569020388,-0.488278885185423,1.3234291444429,0.448505787970471,0.576334222026273,1.21322926509611,1.14001752792857,0,0
-1.26489212943642,-0.91998843744384,0.141975059597808,-1.63587114130974,-0.683598474400773,-0.0614006444954018,-0.278294946006147,0.682748729219859,-1.093922022955,0.326396080410705,0.0487404581954529,-1.16166284346131,0.448916449325569,-1.72036319433816,-0.753394822502868,-0.488278885185423,-0.960962753447102,-0.7646078691361,-1.00991263061031,-0.657189413968297,-0.493293969440142,0,0
0.322363425686316,0.647824569255908,-0.166293189886514,1.15213230741866,-0.683598474400773,-0.0614006444954018,-0.278294946006147,1.10152698641793,-0.746485557381608,-0.420487347915062,0.218955562059404,-0.896899267184462,1.0547444275678,-0.235325474750661,-1.09740128634395,-0.488278885185423,0.662157805580005,0.512353875186606,0.576334222026273,-0.490187746194689,-0.493293969440142,0,0
-0.947441018411874,-0.364849371104161,-0.203640485666361,0.283665329154608,-0.683598474400773,-0.0614006444954018,-0.278294946006147,-0.394109646432328,-0.630673402190478,0.450876651798333,0.0998049893546384,-0.923375624812146,0.805285848291585,-0.675336650924735,-0.753394822502868,-0.488278885185423,-0.600269295885523,-0.317671258623153,-0.596109103835551,-0.556988413304132,-0.493293969440142,0,0
-1.79397731447733,0.392464028106213,-0.203640485666361,0.179386007091699,-0.121257541366686,-0.0614006444954018,-0.278294946006147,-1.47096802208452,0.295823839338565,-0.420487347915062,0.40619217630975,0.26806046843365,-0.762739507158886,-0.620335253902976,0.278624569020388,-0.488278885185423,-1.32165621100868,-1.02000021800064,-1.42371615738507,-0.256385411311639,-0.493293969440142,0,0
1.06308268474359,-0.91998843744384,-0.203640485666361,0.0335300326107683,0.480004377982724,-0.0614006444954018,-0.278294946006147,-0.753062438316391,-0.167424781425956,-0.171526205139806,1.08705259176556,0.215107753178281,-0.513280927882675,-0.34532826879418,-0.0653818948206978,-0.488278885185423,0.662157805580005,0.512353875186606,0.507366967563813,-0.28978574486636,1.14001752792857,0,0
1.06308268474359,-0.220497870462247,-0.203640485666361,-0.184669706687375,-0.683598474400773,-0.0614006444954018,-0.278294946006147,-0.63341150768837,-0.399049091808217,-0.420487347915062,1.93812811108531,-0.182037611236984,0.128183990256154,-0.180324077728902,0.278624569020388,0.963082541396573,0.902620110621058,0.831594311267282,0.852203239876114,-0.423387079085246,1.14001752792857,0,0
0.639814536710864,-0.58944486308024,-0.203640485666361,-0.26434352273629,-0.683598474400773,-0.0614006444954018,-0.278294946006147,-0.0351568545482661,-0.514861246999348,0.824318365961217,0.627471811332887,0.665205832848915,-0.335096228399667,0.864702465684524,1.65465042438473,2.41444396797857,1.56389144948395,1.47007518342864,1.54187578450072,-0.423387079085246,1.14001752792857,0,0
0.322363425686316,0.967070097771859,-0.140707506260728,-1.63587114130974,-0.683598474400773,-0.0614006444954018,-0.278294946006147,0.802399659847879,-0.978109867763869,-0.23376649083362,-0.734249019578723,0.559300402338178,-0.727102567262285,0.0396815103581349,0.278624569020388,-0.488278885185423,0.361579924278689,0.640050049618876,0.507366967563813,-0.623789080413575,1.14001752792857,0,0
-1.05325805542006,-0.91998843744384,-0.203640485666361,0.0869837700353442,-0.683598474400773,-0.0614006444954018,-0.278294946006147,-0.453935111746339,-0.746485557381608,0.264155794716891,0.30406311399138,-1.26756827397204,0.662738088705179,-1.61036040029464,-0.753394822502868,-0.488278885185423,-0.780616024666313,-0.509215520271559,-0.734043612760472,-0.623789080413575,-0.493293969440142,0,0
0.851448610727229,1.61995865314399,-0.203640485666361,-1.24553683748041,-0.683598474400773,-0.0614006444954018,-0.278294946006147,0.742574194533869,-0.167424781425956,-0.420487347915062,0.287041603604985,1.6977837803286,-1.43984136519432,1.3047136418586,-0.0653818948206978,-0.488278885185423,2.40550951712764,1.98085988115772,2.23154832912532,0.344820592673348,1.14001752792857,0,0
-2.11142842550188,-0.91998843744384,-0.203640485666361,-0.245256661927623,-0.683598474400773,-0.0614006444954018,-0.278294946006147,-1.29149162614248,-0.167424781425956,0.264155794716891,0.814708425583234,-0.896899267184462,0.484553389222171,-1.11534782709881,-1.09740128634395,-0.488278885185423,-1.44188736352921,-1.27539256686518,-1.56165066631,-0.623789080413575,-2.12660546680886,0,0
0.428180462694498,-0.91998843744384,-0.159991316830259,1.26052260799149,-0.683598474400773,-0.0614006444954018,-0.278294946006147,1.34082884767397,0.0641995289563043,0.264155794716891,-0.598076936487562,-0.94985198243983,0.876559728084789,-0.620335253902976,-0.0653818948206978,-0.488278885185423,0.241348771758162,0.0015691774575234,0.0935634407890512,-0.556988413304132,-0.493293969440142,0,0
1.38053379576814,-0.213659265468465,-0.203640485666361,0.317981073849012,-0.683598474400773,-0.0614006444954018,-0.278294946006147,0.204145006707776,-0.862297712572739,-0.296006776527434,-0.32573277030524,-0.94985198243983,1.51802464622362,0.36968989248869,-0.753394822502868,-0.488278885185423,1.44366029696343,1.66161944507704,1.61084303896318,-0.623789080413575,1.14001752792857,0,0
-0.312538796362779,1.26827367370443,0.809943567254288,-0.627007063281803,-0.371066672991981,-0.0614006444954018,-0.278294946006147,-0.513760577060349,0.0641995289563043,-0.420487347915062,1.64876243451659,1.59187834981787,-1.0478350263317,1.68972342101091,2.3426633520669,2.41444396797857,3.00666527973027,1.34237900899636,0.714268730951194,4.55326262056826,-0.493293969440142,0,1
1.48635083277632,1.20891015518324,-0.203640485666361,0.981450071322819,-0.683598474400773,-0.0614006444954018,-0.278294946006147,-0.992364299572432,-0.167424781425956,-0.358247062221248,-0.223603707986869,-0.234990326492353,1.0547444275678,1.13970945079332,0.966637496702558,0.963082541396573,1.02285126314158,1.34237900899636,1.26600676665088,-0.490187746194689,-0.493293969440142,0,0
0.428180462694498,-0.533933705097981,-0.203640485666361,0.499942864938464,-0.683598474400773,-0.0614006444954018,-0.278294946006147,-0.334284181118318,-0.630673402190478,0.0774349376354496,0.508321238628121,-0.711564763790671,0.591464208911976,-0.565333856881217,-1.09740128634395,-0.488278885185423,0.121117619237636,0.384657700754335,0.162530695251511,-0.623789080413575,-0.493293969440142,0,0
-0.206721759354597,-0.287296580359687,-0.203640485666361,0.114285033489666,-0.683598474400773,-0.0614006444954018,-0.278294946006147,-1.35131709145649,0.180011684147435,0.264155794716891,0.0998049893546384,0.559300402338178,-1.0121980864351,-0.400329665815939,0.966637496702558,-0.488278885185423,-0.119344685803417,0.0015691774575234,-0.18230557706079,-0.556988413304132,1.14001752792857,0,0
1.06308268474359,-0.91998843744384,-0.203640485666361,-0.204467832809083,-0.683598474400773,-0.0614006444954018,-0.278294946006147,0.0246686107657443,-0.862297712572739,0.886558651655031,0.116826499741033,-1.29404463159973,1.48238770632702,-0.400329665815939,-1.09740128634395,-0.488278885185423,0.541926653059479,0.703898136835012,0.645301476488733,-0.657189413968297,-0.493293969440142,0,0
-0.206721759354597,-0.329525302507859,-0.179025718745258,1.42664675854286,-0.304108627410804,-0.0614006444954018,-0.278294946006147,0.443446867963817,1.45394539124987,-0.420487347915062,-0.615098446873957,0.373965898944387,-0.477643987986073,0.0396815103581349,0.622631032861473,-0.488278885185423,0.181233195497899,-0.189975084190882,-0.0443710681358694,-0.189584744202196,-0.493293969440142,0,0
-0.947441018411874,3.46496838025853,-0.203640485666361,-0.961999176038372,-0.683598474400773,-0.0614006444954018,-0.278294946006147,-1.23166616082847,0.874884615294217,-0.420487347915062,-1.10872224807942,-0.579182975652249,0.342005629635764,-0.675336650924735,-1.09740128634395,-0.488278885185423,0.0008864667171094,0.0015691774575234,-0.11333832259833,-0.523588079749411,-0.493293969440142,0,1
0.110729351669951,-0.272444656813712,-0.203640485666361,-0.292441387952678,0.564928008418224,-0.0614006444954018,-0.278294946006147,-0.872713368944412,0.0641995289563043,-0.420487347915062,-0.495947874169191,0.744634905731968,-0.83401338695209,0.259687098445172,1.65465042438473,0.963082541396573,0.662157805580005,0.256961526322065,0.507366967563813,0.645423594665841,1.14001752792857,0,0
1.80380194380087,-0.91998843744384,-0.203640485666361,1.46465673210513,2.19790027981661,-0.0614006444954018,-0.278294946006147,-0.334284181118318,1.22232108086761,1.13551979443029,-0.444883343010006,1.67130742270092,-1.40420442529772,1.3047136418586,-0.0653818948206978,0.963082541396573,1.14308241566211,0.384657700754335,1.12807225772596,2.54924260728497,1.14001752792857,0,0
1.38053379576814,-0.91998843744384,-0.203640485666361,-1.63587114130974,-0.135482028198376,-0.0614006444954018,-0.278294946006147,0.742574194533869,-1.093922022955,-0.420487347915062,-0.155517666441289,-0.738041121418356,0.734011968498382,-0.400329665815939,-1.09740128634395,0.963082541396573,0.842504534360795,0.831594311267282,0.852203239876114,-0.490187746194689,1.14001752792857,0,0
0.957265647735411,0.339303612143159,-0.203640485666361,0.454205815812791,-0.683598474400773,-0.0614006444954018,-0.278294946006147,0.802399659847879,-1.093922022955,-0.420487347915062,-0.070410114509313,-0.976328340067515,1.44675076643041,0.204685701423413,-1.44140775018504,-0.488278885185423,1.02285126314158,1.27853092178023,1.19703951218842,-0.623789080413575,-0.493293969440142,0,0
-0.735806944395509,-0.112110340717934,-0.0015713334956248,-1.63587114130974,-0.683598474400773,-0.0614006444954018,-0.278294946006147,0.383621402649807,-0.978109867763869,-0.420487347915062,-0.564033915714772,-1.53233185024889,1.2329291270508,-1.28035201816409,-1.09740128634395,-0.488278885185423,-0.17946026206368,-0.0622789097586118,-0.18230557706079,-0.690589747523018,-0.493293969440142,0,0
0.533997499702681,2.16663687896323,-0.203640485666361,-0.65068932684442,0.53718295885389,-0.0614006444954018,-0.278294946006147,0.682748729219859,0.759072460103087,-0.420487347915062,-1.36404490387534,1.64483106507324,-1.36856748540111,1.3047136418586,-0.409388358661783,-0.488278885185423,1.44366029696343,0.703898136835012,1.67981029342564,0.61202326111112,1.14001752792857,0,0
1.69798490679269,-0.91998843744384,-0.203640485666361,-0.448300542957064,-0.683598474400773,-0.0614006444954018,-0.278294946006147,0.742574194533869,-1.093922022955,0.824318365961217,0.235977072445799,-0.685088406162987,0.876559728084789,-0.0703212836853836,0.278624569020388,-0.488278885185423,1.02285126314158,1.21468283456409,1.12807225772596,-0.657189413968297,1.14001752792857,0,0
0.639814536710864,0.287008427233752,-0.203640485666361,-0.801170571836461,-0.683598474400773,-0.0614006444954018,-0.278294946006147,-1.59061895271254,3.19112771911683,-0.420487347915062,1.52961186181183,-0.314419399375406,0.840922788188187,0.644696877597487,-0.0653818948206978,-0.488278885185423,1.26331356818264,1.02313857291569,0.990137748801035,-0.256385411311639,-0.493293969440142,0,1
-0.206721759354597,1.39381665896111,0.650685000262336,-0.26434352273629,-0.683598474400773,-0.0614006444954018,-0.278294946006147,-0.0949823198622764,-0.514861246999348,-0.420487347915062,-0.700205998805933,0.956445766753443,-0.691465627365683,0.919703862706283,-0.409388358661783,-0.488278885185423,1.02285126314158,0.640050049618876,0.645301476488733,-0.122784077092753,1.14001752792857,0,0
0.851448610727229,-0.91998843744384,-0.179628470909142,-0.440861303039356,1.90778126310533,-0.0614006444954018,-0.278294946006147,0.9220505904759,0.0641995289563043,-0.420487347915062,-0.29168974953245,0.824063978615021,-0.976561146538496,0.204685701423413,1.31064396054364,-0.488278885185423,0.361579924278689,-0.573063607487694,0.369432458638892,0.144418591345019,1.14001752792857,0,0
0.110729351669951,-0.0763993115226919,2.73279451367167,0.69767046006342,-0.141424900172591,-0.0614006444954018,-0.278294946006147,-1.05218976488644,0.0641995289563043,-0.420487347915062,1.12109561253835,-0.102608538353931,-0.0856376491234554,-0.34532826879418,-1.09740128634395,-0.488278885185423,0.241348771758162,0.129265351889794,0.0935634407890512,-0.356586411975803,1.14001752792857,0,0
0.639814536710864,-0.91998843744384,-0.203640485666361,-0.693176945855784,0.192501422361888,-0.0614006444954018,-0.278294946006147,-0.812887903630401,2.7278790983523,-0.420487347915062,-0.274668239146055,-0.76451747904604,0.591464208911976,-0.675336650924735,0.278624569020388,0.963082541396573,0.121117619237636,0.256961526322065,0.162530695251511,-0.590388746858854,1.14001752792857,0,0
-1.05325805542006,-0.91998843744384,-0.203640485666361,-1.23294540945282,-0.683598474400773,-0.0614006444954018,-0.278294946006147,-0.453935111746339,-0.746485557381608,-0.296006776527434,0.201934051673009,-1.08223377057825,0.306368689739163,-1.77536459135992,-0.753394822502868,-0.488278885185423,-0.780616024666313,-0.700759781919965,-0.871978121685393,-0.657189413968297,1.14001752792857,0,0
0.322363425686316,0.684490268153326,-0.203640485666361,-1.63587114130974,-0.683598474400773,-0.0614006444954018,-0.278294946006147,0.802399659847879,-0.283236936617087,-0.420487347915062,-0.512969384555586,-0.605659333279934,0.734011968498382,-0.125322680707143,-0.753394822502868,-0.488278885185423,0.301464348018426,0.512353875186606,0.438399713101353,-0.490187746194689,-0.493293969440142,0,0
-0.418355833370962,0.820912376416208,-0.131067169517555,-0.431948435548013,-0.683598474400773,-0.0614006444954018,-0.278294946006147,-0.0351568545482661,-0.399049091808217,-0.420487347915062,-0.104453135282103,-0.420324829886143,0.769648908394984,0.314688495466931,0.622631032861473,-0.488278885185423,0.0610020429773727,0.193113439105929,0.0245961863265909,-0.523588079749411,-0.493293969440142,0,0
-0.524172870379144,0.732729484947329,-0.203640485666361,0.0785383993940491,1.4408006095617,-0.0614006444954018,-0.278294946006147,-1.71026988334056,2.26463047758778,-0.420487347915062,-1.39808792464813,1.6977837803286,-1.33293054550451,1.46971783292388,2.3426633520669,-0.488278885185423,1.02285126314158,-0.573063607487694,-0.458174594910631,3.8518556159191,-0.493293969440142,0,1
-0.206721759354597,0.0982632682456071,-0.203640485666361,0.241925068577349,-0.683598474400773,-0.0614006444954018,-0.278294946006147,-1.29149162614248,0.180011684147435,0.0774349376354496,0.235977072445799,1.08882755489186,-1.0121980864351,0.699698274619246,1.65465042438473,-0.488278885185423,-0.119344685803417,0.0654172646736588,-0.11333832259833,-0.523588079749411,-0.493293969440142,0,0
0.322363425686316,-0.91998843744384,-0.141080994144971,-1.63587114130974,-0.683598474400773,-0.0614006444954018,-0.278294946006147,0.86222512516189,-1.093922022955,0.575357223185961,0.0487404581954529,-0.896899267184462,0.805285848291585,-0.620335253902976,-0.0653818948206978,-0.488278885185423,0.181233195497899,0.384657700754335,0.231497949713972,-0.657189413968297,-0.493293969440142,0,0
0.322363425686316,0.123474473198556,-0.203640485666361,-0.673726600737808,0.657665888673559,-0.0614006444954018,-0.278294946006147,-1.17184069551446,0.0641995289563043,-0.420487347915062,0.116826499741033,-0.1555612536093,-0.0143637693302521,-0.34532826879418,-0.409388358661783,-0.488278885185423,0.0008864667171094,0.0654172646736588,-0.0443710681358694,-0.356586411975803,-0.493293969440142,0,0
1.48635083277632,1.73825958595501,-0.175936743826556,-1.1762922546689,-0.683598474400773,-0.0614006444954018,-0.278294946006147,-0.274458715804308,0.527448149720826,-0.420487347915062,2.95941873426902,1.27416205828566,-1.43984136519432,0.42469128951045,-0.0653818948206978,-0.488278885185423,1.08296683940185,1.15083474734796,1.26600676665088,-0.156184410647474,1.14001752792857,0,1
0.851448610727229,-0.91998843744384,-0.140894805727997,0.098948045110512,0.283761832337578,-0.0614006444954018,1.36641768036673,1.10152698641793,0.295823839338565,-0.109285919445992,-0.717227509192328,0.241584110805965,-0.905287266745293,-0.895342239011772,-0.0653818948206978,0.963082541396573,0.241348771758162,-0.381519345839288,-0.25127283152325,0.37822092622807,1.14001752792857,0,0
2.75615527687451,2.02716591666287,0.336937674766916,-1.63587114130974,-0.683598474400773,-0.0614006444954018,-0.278294946006147,-0.154807785176287,-0.630673402190478,-0.420487347915062,-0.921485633829069,-0.817470194301409,2.15948956436245,1.63472202398915,-0.753394822502868,-0.488278885185423,2.64597182216869,2.68318884053521,2.85225361928746,-0.356586411975803,-0.493293969440142,0,1
0.216546388678133,-0.0136592501185886,-0.184749314367939,0.557835671540293,1.35513934909879,-0.0614006444954018,-0.278294946006147,0.742574194533869,0.0641995289563043,-0.420487347915062,-1.09170073769302,0.109202322667544,-0.263822348606464,-0.180324077728902,0.278624569020388,-0.488278885185423,0.0610020429773727,-0.0622789097586118,0.0935634407890512,0.0108172571261331,1.14001752792857,0,0
-1.26489212943642,1.08158815757749,0.185746949947509,1.13251576606882,-0.683598474400773,-0.0614006444954018,-0.278294946006147,-0.57358604237436,0.180011684147435,-0.420487347915062,-1.04063620653384,0.585776759965862,-0.442007048089472,0.534694083553968,0.966637496702558,-0.488278885185423,1.50377587322369,0.512353875186606,0.0935634407890512,1.81443526908109,-0.493293969440142,0,0
1.48635083277632,-0.91998843744384,-0.203640485666361,-1.22824928170986,-0.683598474400773,-0.0614006444954018,-0.278294946006147,0.503272333277827,-1.093922022955,1.57120179428698,-0.0023240729637326,-1.24109191634436,1.62493546591342,-0.0703212836853836,-0.753394822502868,0.963082541396573,1.44366029696343,1.47007518342864,1.47290853003826,-0.623789080413575,1.14001752792857,0,0
0.322363425686316,1.03587995086188,-0.203640485666361,1.0692966010636,-0.324445913500719,-0.0614006444954018,-0.278294946006147,-1.05218976488644,-0.0516126262348262,-0.420487347915062,0.0487404581954529,0.850540336242706,-0.940924206641895,0.314688495466931,-0.0653818948206978,2.41444396797857,0.121117619237636,0.448505787970471,0.300465204176432,-0.423387079085246,1.14001752792857,0,0
-1.05325805542006,-0.91998843744384,-0.203640485666361,-1.63587114130974,-0.683598474400773,-0.0614006444954018,-0.278294946006147,-1.53079348739853,0.527448149720826,-0.420487347915062,1.17216014369753,-0.923375624812146,0.448916449325569,-1.22535062114233,-1.09740128634395,-0.488278885185423,-0.960962753447102,-0.828455956352235,-1.00991263061031,-0.590388746858854,-0.493293969440142,0,0
-2.32306249951825,0.0407480473143566,-0.187620312603354,-0.838592528301419,-0.436612872468421,-0.0614006444954018,-0.278294946006147,1.22117791704595,-0.399049091808217,-0.420487347915062,0.184912541286614,0.373965898944387,-0.0143637693302521,0.754699671641005,0.278624569020388,-0.488278885185423,-1.62223409231,-1.27539256686518,-1.69958517523492,0.111018257790298,-2.12660546680886,0,0
0.110729351669951,-0.517335818768562,-0.203640485666361,0.591769290807628,-0.683598474400773,-0.0614006444954018,-0.278294946006147,0.263970472021786,-0.514861246999348,-0.358247062221248,0.542364259400912,-0.367372114630775,0.377642569532366,-0.180324077728902,-0.0653818948206978,0.963082541396573,-0.0592291095431538,0.193113439105929,0.0245961863265909,-0.556988413304132,-0.493293969440142,0,0
-0.206721759354597,-0.91998843744384,-0.0168330956159533,1.02037856585261,-0.683598474400773,-0.0614006444954018,-0.278294946006147,1.69978163955804,0.759072460103087,0.326396080410705,-1.1597867792386,-1.24109191634436,1.1972921871542,-0.730338047946495,-0.753394822502868,-0.488278885185423,-0.480038143364997,-0.381519345839288,-0.458174594910631,-0.657189413968297,-2.12660546680886,0,0
-0.735806944395509,0.181823519245801,-0.203640485666361,0.650008234637326,-0.683598474400773,-0.0614006444954018,-0.278294946006147,-0.69323697300238,-0.630673402190478,-0.296006776527434,-0.274668239146055,-0.685088406162987,0.91219666798139,-0.0153198866636243,-0.753394822502868,-0.488278885185423,-0.54015371962526,-0.126126996974747,-0.389207340448171,-0.490187746194689,-2.12660546680886,0,0
-0.735806944395509,-0.91998843744384,-0.203640485666361,-0.130535935691143,-0.683598474400773,-0.0614006444954018,-0.278294946006147,-0.394109646432328,-0.746485557381608,0.264155794716891,0.218955562059404,-1.02928105532288,0.448916449325569,-1.44535620922936,-0.753394822502868,-0.488278885185423,-0.299691414584207,-0.253823171407018,-0.389207340448171,-0.657189413968297,1.14001752792857,0,0
1.06308268474359,-0.91998843744384,-0.203640485666361,-0.306062973810611,-0.683598474400773,-0.0614006444954018,-0.278294946006147,-0.0949823198622764,-0.746485557381608,-0.23376649083362,0.235977072445799,-1.29404463159973,1.48238770632702,-0.400329665815939,-1.09740128634395,-0.488278885185423,0.541926653059479,0.703898136835012,0.645301476488733,-0.657189413968297,-0.493293969440142,0,0
0.639814536710864,0.743602640319647,-0.203640485666361,0.665046930158392,1.45477693365173,-0.0614006444954018,-0.278294946006147,-0.992364299572432,-0.0516126262348262,0.575357223185961,-1.12574375846581,0.426918614199756,-0.19254846881326,0.589695480575728,1.31064396054364,-0.488278885185423,0.421695500538952,0.193113439105929,0.300465204176432,0.37822092622807,-0.493293969440142,0,0
1.27471675875996,1.71403076480058,-0.0467762868745784,-1.11542540287064,-0.199918337283251,-0.0614006444954018,-0.278294946006147,1.58013070893001,-0.746485557381608,-0.420487347915062,-0.938507144215464,0.532824044710493,-0.299459288503065,0.644696877597487,-0.409388358661783,-0.488278885185423,1.20319799192237,1.34237900899636,1.26600676665088,-0.490187746194689,1.14001752792857,0,0
-1.05325805542006,-0.91998843744384,-0.203640485666361,-0.63087245468309,-0.683598474400773,-0.0614006444954018,-0.278294946006147,-1.4111425567705,0.874884615294217,-0.420487347915062,1.51259035142543,-1.05575741295057,0.484553389222171,-1.44535620922936,-0.409388358661783,2.41444396797857,-0.419922567104733,-0.445367433055424,-0.596109103835551,-0.590388746858854,1.14001752792857,0,1
1.27471675875996,0.414395967665906,-0.203640485666361,0.671117954001384,0.174008536373574,-0.0614006444954018,-0.278294946006147,-0.69323697300238,-0.399049091808217,-0.420487347915062,-0.0874316248957081,-0.1555612536093,0.805285848291585,0.919703862706283,-0.409388358661783,-0.488278885185423,1.02285126314158,1.34237900899636,1.26600676665088,-0.28978574486636,-0.493293969440142,0,0
2.33288712884178,-0.268272345124124,-0.149304020738974,-0.734480556610881,-0.683598474400773,-0.0614006444954018,-0.278294946006147,0.682748729219859,-0.978109867763869,-0.358247062221248,0.167891030900219,-1.13518648583362,1.76748322549983,0.36968989248869,-1.09740128634395,-0.488278885185423,1.50377587322369,1.72546753229318,1.7487775478881,-0.623789080413575,1.14001752792857,0,0
2.75615527687451,0.978087108522035,0.359029693418288,-1.05248574970993,-0.683598474400773,-0.0614006444954018,-0.278294946006147,-0.214633250490297,-0.630673402190478,-0.420487347915062,0.848751446356024,-0.711564763790671,2.15948956436245,1.85472761207619,-0.0653818948206978,-0.488278885185423,3.00666527973027,2.87473310218361,2.99018812821238,-0.189584744202196,-0.493293969440142,0,1
-0.206721759354597,-0.91998843744384,-0.203640485666361,0.221152987770211,-0.683598474400773,-0.0614006444954018,-0.278294946006147,0.503272333277827,-1.093922022955,2.38032550830657,-0.39381881185082,-1.42642641973815,1.1616552472576,-1.17034922412057,-0.753394822502868,-0.488278885185423,0.0610020429773727,0.193113439105929,0.0935634407890512,-0.690589747523018,1.14001752792857,0,0
-0.735806944395509,-0.91998843744384,-0.180699736327178,1.40865157475053,2.14585146821561,-0.0614006444954018,-0.278294946006147,1.10152698641793,0.180011684147435,-0.420487347915062,-1.10872224807942,-0.102608538353931,-0.798376447055488,-1.44535620922936,-0.0653818948206978,-0.488278885185423,-0.35980699084447,-1.08384830521678,-0.871978121685393,0.37822092622807,1.14001752792857,0,0
0.110729351669951,-0.91998843744384,0.0843724694231984,0.275273923325135,-0.683598474400773,-0.0614006444954018,-0.278294946006147,-0.932538834258422,-0.167424781425956,-0.420487347915062,1.25726769562951,-1.05575741295057,0.805285848291585,-0.950343636033532,-1.09740128634395,-0.488278885185423,-0.119344685803417,0.0654172646736588,-0.0443710681358694,-0.590388746858854,-0.493293969440142,0,0
1.48635083277632,0.870212213700438,-0.203640485666361,-0.397855055256437,-0.683598474400773,-0.0614006444954018,-0.278294946006147,-0.453935111746339,-0.630673402190478,-0.420487347915062,-0.223603707986869,-0.579182975652249,1.26856606694741,0.754699671641005,-1.44140775018504,-0.488278885185423,1.14308241566211,1.27853092178023,1.26600676665088,-0.556988413304132,-0.493293969440142,0,0
0.428180462694498,-0.594130391283982,-0.203640485666361,0.166910028087972,-0.683598474400773,-0.0614006444954018,-0.278294946006147,-0.453935111746339,-0.630673402190478,-0.420487347915062,0.661514832105677,-1.0028046976952,0.983470547774594,-0.565333856881217,-0.753394822502868,-0.488278885185423,0.121117619237636,0.384657700754335,0.300465204176432,-0.623789080413575,-0.493293969440142,0,0
-0.100904722346414,1.77267783852992,-0.203640485666361,0.0569630717734866,-0.683598474400773,-0.0614006444954018,-0.278294946006147,-1.29149162614248,0.0641995289563043,-0.420487347915062,-0.274668239146055,-0.579182975652249,1.1972921871542,0.644696877597487,-0.409388358661783,-0.488278885185423,0.722273381840268,0.959290485699553,0.852203239876114,-0.456787412639968,-0.493293969440142,0,0
0.110729351669951,-0.91998843744384,-0.203640485666361,1.16578075327367,1.92013765492531,-0.0614006444954018,-0.278294946006147,-1.47096802208452,1.33813323605874,-0.420487347915062,2.43175191229077,0.638729475221231,-0.976561146538496,-0.180324077728902,0.966637496702558,-0.488278885185423,0.0008864667171094,-0.445367433055424,-0.11333832259833,1.11302826443194,1.14001752792857,0,0
-0.418355833370962,0.612531830737505,0.0153989773124697,-0.1218471463264,1.0048849582686,-0.0614006444954018,1.15709066404301,-1.35131709145649,0.874884615294217,-0.420487347915062,-0.32573277030524,0.929969409125759,-0.905287266745293,0.534694083553968,0.966637496702558,-0.488278885185423,0.421695500538952,-0.445367433055424,-0.18230557706079,1.64743360130749,-0.493293969440142,0,0
1.16889972175178,0.390197288119922,0.0694495186116842,-0.729810134724489,-0.683598474400773,-0.0614006444954018,-0.278294946006147,-0.334284181118318,0.180011684147435,-0.420487347915062,0.30406311399138,1.64483106507324,-1.0834719662283,1.74472481803267,1.65465042438473,0.963082541396573,0.722273381840268,1.02313857291569,0.921170494338574,-0.423387079085246,-0.493293969440142,0,0
1.06308268474359,-0.675673607317457,-0.203640485666361,0.0536918878594681,2.77085916534679,-0.0614006444954018,-0.278294946006147,-0.992364299572432,1.91719401201439,-0.420487347915062,-0.683184488419538,1.61835470744555,-1.33293054550451,1.3047136418586,1.31064396054364,2.41444396797857,0.421695500538952,-0.189975084190882,0.162530695251511,1.21322926509611,-0.493293969440142,0,0
1.16889972175178,1.05861752099612,-0.203640485666361,-1.08854791882322,-0.683598474400773,-0.0614006444954018,-0.278294946006147,0.323795937335796,-0.630673402190478,-0.420487347915062,-0.649141467646747,0.850540336242706,-0.655828687469082,0.754699671641005,0.278624569020388,-0.488278885185423,0.662157805580005,1.08698666013182,0.852203239876114,-0.490187746194689,1.14001752792857,0,0
0.322363425686316,-0.91998843744384,-0.203640485666361,-1.63587114130974,-0.683598474400773,-0.0614006444954018,-0.278294946006147,0.622923263905848,-0.978109867763869,-0.420487347915062,-0.138496156054893,-1.39995006211046,1.44675076643041,-0.675336650924735,-0.753394822502868,-0.488278885185423,-0.0592291095431538,0.384657700754335,0.300465204176432,-0.556988413304132,-0.493293969440142,0,0
-1.05325805542006,0.198886982164626,-0.203640485666361,-0.862111078782935,0.0355012232189447,-0.0614006444954018,-0.278294946006147,-1.65044441802655,0.759072460103087,-0.420487347915062,1.22322467485672,-0.0761321807262468,0.163820930152756,0.0946829073798942,-0.753394822502868,-0.488278885185423,-0.840731600926576,-0.573063607487694,-0.940945376147853,-0.0893837435380313,-0.493293969440142,0,0
-0.629989907387327,-0.0763993115226919,-0.0981398278785846,-0.177407644823257,-0.141424900172591,-0.0614006444954018,-0.278294946006147,-0.214633250490297,0.759072460103087,-0.420487347915062,2.99346175504181,1.22120934303029,-1.43984136519432,0.314688495466931,1.31064396054364,0.963082541396573,-0.419922567104733,-0.253823171407018,-0.32024008598571,-0.0559834099833098,1.14001752792857,0,0
0.0049123146617683,0.967070097771859,-0.203640485666361,1.84412434847394,2.95483132291975,-0.0614006444954018,-0.278294946006147,0.682748729219859,1.569757546441,-0.420487347915062,-1.39808792464813,1.11530391251955,-0.727102567262285,1.19471084781508,0.278624569020388,-0.488278885185423,-1.80258082109079,-1.14769639243291,-0.25127283152325,3.08364794416051,-2.12660546680886,0,1
-1.05325805542006,-0.355555742217683,-0.133051595999233,0.315800412810833,0.0419217637788169,-0.0614006444954018,-0.278294946006147,-1.47096802208452,4.11762496064587,-0.420487347915062,2.19345076688124,1.96254735660545,-1.43984136519432,1.85472761207619,2.3426633520669,-0.488278885185423,-0.54015371962526,-0.573063607487694,-0.665076358298012,0.244619592009184,-0.493293969440142,0,1
1.48635083277632,0.238175734307152,-0.203640485666361,-0.0340106191366084,-0.683598474400773,-0.0614006444954018,-0.278294946006147,-0.334284181118318,-0.746485557381608,0.886558651655031,-0.512969384555586,-1.21461555871667,1.87439404518963,0.36968989248869,-0.753394822502868,-0.488278885185423,1.08296683940185,1.27853092178023,1.19703951218842,-0.657189413968297,-0.493293969440142,0,0
-0.418355833370962,-0.91998843744384,-0.0909856464260746,1.03389638398749,2.29380359204119,-0.0614006444954018,-0.278294946006147,1.10152698641793,1.10650892567648,-0.420487347915062,-1.21085131039779,0.87701669387039,-0.940924206641895,0.36968989248869,0.622631032861473,-0.488278885185423,-0.419922567104733,-1.21154447964905,-0.665076358298012,-0.0893837435380313,-0.493293969440142,0,0
-2.11142842550188,-0.91998843744384,-0.203640485666361,0.445911882394561,-0.683598474400773,-0.0614006444954018,-0.278294946006147,-1.17184069551446,-0.167424781425956,-0.420487347915062,0.184912541286614,-1.05575741295057,0.484553389222171,-1.44535620922936,-0.0653818948206978,0.963082541396573,-1.02107832970737,-1.08384830521678,-1.28578164846015,-0.623789080413575,-0.493293969440142,0,0
-0.418355833370962,-0.91998843744384,-0.0418226807300961,0.665046930158392,2.52396463767798,-0.0614006444954018,-0.278294946006147,1.10152698641793,1.569757546441,-0.420487347915062,-1.1597867792386,0.585776759965862,-0.940924206641895,-0.235325474750661,-0.409388358661783,-0.488278885185423,-0.54015371962526,-1.21154447964905,-0.527141849373091,-0.156184410647474,-0.493293969440142,0,0
1.69798490679269,-0.498193874483266,-0.115723269789086,-0.469100358110135,-0.683598474400773,-0.0614006444954018,-0.278294946006147,1.93908350081408,-1.093922022955,-0.23376649083362,0.235977072445799,-1.10871012820594,1.76748322549983,0.42469128951045,-0.753394822502868,-0.488278885185423,0.842504534360795,1.21468283456409,1.12807225772596,-0.623789080413575,-0.493293969440142,0,0
1.27471675875996,-0.91998843744384,-0.203640485666361,1.00866229108894,-0.683598474400773,-0.0614006444954018,-0.278294946006147,0.204145006707776,-0.978109867763869,-0.0470456337521783,0.542364259400912,-1.13518648583362,1.37547688663721,-0.235325474750661,-1.09740128634395,-0.488278885185423,0.722273381840268,0.895442398483418,0.852203239876114,-0.657189413968297,-0.493293969440142,0,0
0.851448610727229,-0.112969781143784,-0.136355756271827,-0.147617774661222,-0.683598474400773,-0.0614006444954018,-0.278294946006147,-0.63341150768837,1.68556970163213,-0.420487347915062,5.54668831300108,1.06235119726418,-0.869650326848691,0.864702465684524,1.65465042438473,2.41444396797857,0.662157805580005,0.767746224051147,0.783235985413654,0.0442175906808546,1.14001752792857,0,1
-0.735806944395509,1.05861752099612,0.0603037805596644,-1.08854791882322,-0.683598474400773,-0.0614006444954018,-0.278294946006147,-1.23166616082847,0.180011684147435,-0.420487347915062,1.54663337219822,0.26806046843365,-0.798376447055488,-0.675336650924735,-0.0653818948206978,-0.488278885185423,-0.239575838323944,-0.0622789097586118,-0.25127283152325,-0.523588079749411,1.14001752792857,0,0
0.110729351669951,0.122757295095756,-0.203640485666361,0.527466247977932,-0.0134272059949981,-0.0614006444954018,-0.278294946006147,-0.57358604237436,-0.399049091808217,0.0774349376354496,-0.138496156054893,-0.685088406162987,0.662738088705179,-0.400329665815939,-0.753394822502868,0.963082541396573,0.361579924278689,0.3208096135382,0.300465204176432,-0.556988413304132,-0.493293969440142,0,0
1.06308268474359,-0.548126913123967,-0.203640485666361,-0.0929025616711201,-0.683598474400773,-0.0614006444954018,-0.278294946006147,-0.334284181118318,-0.630673402190478,-0.420487347915062,0.644493321719282,-1.10871012820594,1.30420300684401,-0.290326871772421,-1.09740128634395,-0.488278885185423,0.902620110621058,0.895442398483418,0.852203239876114,-0.556988413304132,1.14001752792857,0,0
-2.32306249951825,-0.217583313473782,-0.203640485666361,0.630959250621403,-0.382641945361055,-0.0614006444954018,-0.278294946006147,0.981876055789911,-0.630673402190478,-0.420487347915062,0.440235197082541,-0.261466684120037,0.0569101104629511,-0.455331062837698,-0.409388358661783,-0.488278885185423,-1.44188736352921,-1.33924065408132,-1.76855242969738,-0.156184410647474,-2.12660546680886,0,0
-0.629989907387327,-0.91998843744384,-0.203640485666361,-0.208362777201938,-0.683598474400773,-0.0614006444954018,-0.278294946006147,-0.63341150768837,-0.514861246999348,-0.171526205139806,0.0146974374226627,-1.32052098922741,0.983470547774594,-1.22535062114233,-0.753394822502868,-0.488278885185423,0.0008864667171094,-0.0622789097586118,-0.18230557706079,-0.623789080413575,-0.493293969440142,0,0
-0.418355833370962,0.76718983968504,-0.203640485666361,0.114285033489666,0.400748674055592,-0.0614006444954018,-0.278294946006147,0.0246686107657443,1.569757546441,-0.296006776527434,0.37214915553696,1.43302020405176,-1.40420442529772,0.809701068662764,1.65465042438473,0.963082541396573,-0.17946026206368,-0.0622789097586118,-0.11333832259833,0.111018257790298,-0.493293969440142,0,0
1.06308268474359,-0.91998843744384,-0.203640485666361,-0.215609030838614,-0.683598474400773,-0.0614006444954018,-0.278294946006147,-0.0351568545482661,-0.746485557381608,-0.358247062221248,0.491299728241726,-1.10871012820594,1.26856606694741,-0.34532826879418,-1.09740128634395,-0.488278885185423,0.541926653059479,0.831594311267282,0.714268730951194,-0.623789080413575,-0.493293969440142,0,0
-1.26489212943642,-0.243876556653828,-0.203640485666361,-1.16830490293598,2.35815477496753,-0.0614006444954018,-0.278294946006147,0.742574194533869,0.0641995289563043,-0.420487347915062,-0.0363670937365228,0.109202322667544,-0.40637010819287,-0.400329665815939,0.278624569020388,0.963082541396573,-1.38177178726895,-1.14769639243291,-1.21681439399769,0.244619592009184,-0.493293969440142,0,0
0.533997499702681,2.72127969608679,-0.203640485666361,0.882253584017984,0.356507319083456,-0.0614006444954018,-0.278294946006147,0.503272333277827,1.45394539124987,-0.420487347915062,-1.34702339348895,1.64483106507324,-1.36856748540111,1.3047136418586,1.65465042438473,2.41444396797857,1.44366029696343,0.576201962402741,1.81774480235056,0.712224261775284,1.14001752792857,0,1
-0.100904722346414,0.150569756258179,-0.150086170631027,-0.155178723940654,0.967712584811963,-0.0614006444954018,1.12549032955961,0.9220505904759,0.759072460103087,-0.420487347915062,-1.24489433117058,0.426918614199756,-0.442007048089472,0.204685701423413,1.31064396054364,-0.488278885185423,-0.17946026206368,-0.381519345839288,-0.32024008598571,0.0108172571261331,-0.493293969440142,0,0
-1.05325805542006,-0.91998843744384,-0.203640485666361,-1.2949943809138,-0.366802109225472,-0.0614006444954018,-0.278294946006147,-1.17184069551446,-0.0516126262348262,-0.23376649083362,0.184912541286614,-1.13518648583362,0.520190329118772,-1.55535900327288,-1.09740128634395,-0.488278885185423,-0.600269295885523,-0.700759781919965,-0.871978121685393,-0.523588079749411,-0.493293969440142,0,0
-0.524172870379144,0.345395251437882,-0.0453894979305691,-1.34417842802286,-0.412511671035029,-0.0614006444954018,-0.278294946006147,0.563097798591838,-0.514861246999348,-0.109285919445992,1.25726769562951,0.241584110805965,-0.976561146538496,-1.00534503305529,1.65465042438473,0.963082541396573,0.241348771758162,0.129265351889794,0.0935634407890512,-0.222985077756917,1.14001752792857,0,0
0.110729351669951,1.13583142093833,-0.203640485666361,-0.214165655735638,1.29831043879407,-0.0614006444954018,-0.278294946006147,-1.71026988334056,1.33813323605874,-0.420487347915062,-1.39808792464813,0.638729475221231,-0.299459288503065,0.864702465684524,0.278624569020388,-0.488278885185423,-0.299691414584207,0.3208096135382,-0.0443710681358694,1.11302826443194,-0.493293969440142,0,0
0.322363425686316,-0.218557529705592,-0.203640485666361,0.789507133301258,-0.683598474400773,-0.0614006444954018,-0.278294946006147,-0.992364299572432,-0.0516126262348262,-0.420487347915062,0.252998582832194,-0.896899267184462,1.0547444275678,-0.235325474750661,-0.753394822502868,-0.488278885185423,0.121117619237636,0.384657700754335,0.231497949713972,-0.623789080413575,-0.493293969440142,0,0
0.110729351669951,1.03717753193322,9.13011928377809,-0.0116937037844371,0.825842967163365,-0.0614006444954018,-0.278294946006147,-1.23166616082847,0.759072460103087,-0.420487347915062,0.882794467128814,1.35359113116871,-1.33293054550451,0.754699671641005,0.622631032861473,-0.488278885185423,0.421695500538952,-0.317671258623153,0.0935634407890512,1.61403326775276,1.14001752792857,0,0
-0.735806944395509,-0.91998843744384,-0.203640485666361,0.188856919001339,-0.683598474400773,-0.0614006444954018,-0.278294946006147,-0.394109646432328,-0.746485557381608,0.699837794573589,-0.257646728759659,-1.29404463159973,0.983470547774594,-1.17034922412057,-1.09740128634395,-0.488278885185423,-0.299691414584207,-0.253823171407018,-0.389207340448171,-0.690589747523018,-0.493293969440142,0,0
-0.418355833370962,0.589658395786036,0.111024413470057,-0.0698731918914536,-0.683598474400773,-0.0614006444954018,-0.278294946006147,-0.334284181118318,-0.283236936617087,-0.420487347915062,0.780665404810443,1.30063841591334,-1.1191089061249,0.974705259728042,1.31064396054364,-0.488278885185423,-0.419922567104733,0.3208096135382,-0.11333832259833,0.144418591345019,-0.493293969440142,0,0
-0.947441018411874,1.54422141386284,-0.172032466708614,-0.325003293749845,-0.683598474400773,-0.0614006444954018,-0.278294946006147,0.622923263905848,0.759072460103087,-0.420487347915062,-1.39808792464813,0.0827259650398594,-0.19254846881326,-0.125322680707143,-0.0653818948206978,-0.488278885185423,0.241348771758162,0.0654172646736588,0.162530695251511,-0.356586411975803,1.14001752792857,0,0
2.75615527687451,1.52484706058161,0.407869893732956,-0.669739814740387,-0.683598474400773,-0.0614006444954018,-0.278294946006147,-0.214633250490297,-0.746485557381608,-0.420487347915062,-1.39808792464813,-0.76451747904604,2.23076344415565,1.85472761207619,-0.753394822502868,-0.488278885185423,3.00666527973027,3.00242927661588,3.19708989159976,-0.323186078421082,1.14001752792857,0,1
-0.524172870379144,-0.0812957551257516,-0.0987521852514697,-1.05587189301246,-0.683598474400773,-0.0614006444954018,-0.278294946006147,0.802399659847879,-1.093922022955,-0.420487347915062,0.0146974374226627,-0.94985198243983,0.805285848291585,-0.730338047946495,-0.409388358661783,-0.488278885185423,-0.419922567104733,0.0654172646736588,-0.0443710681358694,-0.490187746194689,-0.493293969440142,0,0
-0.524172870379144,1.24125806867182,-0.203640485666361,0.926323319809899,0.110133039331224,-0.0614006444954018,1.74596669697984,-1.35131709145649,0.295823839338565,-0.420487347915062,-1.39808792464813,1.45949656167945,-1.36856748540111,0.919703862706283,1.31064396054364,-0.488278885185423,0.241348771758162,0.193113439105929,0.369432458638892,1.41363126642444,1.14001752792857,0,0
0.639814536710864,-0.91998843744384,-0.203640485666361,-0.477793169479648,-0.683598474400773,-0.0614006444954018,-0.278294946006147,-0.154807785176287,-0.746485557381608,2.31808522261275,-0.070410114509313,-0.923375624812146,0.805285848291585,-0.675336650924735,-0.409388358661783,-0.488278885185423,0.301464348018426,0.384657700754335,0.369432458638892,-0.657189413968297,1.14001752792857,0,0
-0.418355833370962,1.20940812388708,-0.0482953919999146,-0.163283588160758,0.684961775051638,-0.0614006444954018,1.46683173533943,-1.47096802208452,0.874884615294217,-0.420487347915062,-1.07467922730663,0.87701669387039,-0.83401338695209,0.534694083553968,-0.0653818948206978,-0.488278885185423,-0.119344685803417,-0.445367433055424,-0.25127283152325,0.879225929548892,-0.493293969440142,0,0
-1.05325805542006,-0.304743084456892,-0.203640485666361,-1.63587114130974,1.68890562535429,-0.0614006444954018,-0.278294946006147,-1.9495717445966,2.49625478797004,-0.420487347915062,2.90835420310983,1.45949656167945,-1.40420442529772,0.864702465684524,0.966637496702558,0.963082541396573,-0.840731600926576,-0.892304043568371,-1.00991263061031,1.94803660329998,-0.493293969440142,0,1
2.75615527687451,1.52710037339166,0.442437607315031,-0.507679043146836,-0.683598474400773,-0.0614006444954018,-0.278294946006147,-0.274458715804308,-0.630673402190478,-0.420487347915062,-1.39808792464813,-0.896899267184462,2.40894814363866,1.85472761207619,-1.09740128634395,-0.488278885185423,3.00666527973027,3.13012545104815,3.40399165498714,-0.389986745530525,1.14001752792857,0,1
1.38053379576814,0.361426313694515,-0.203640485666361,-1.04509487877133,-0.683598474400773,-0.0614006444954018,-0.278294946006147,0.0844940760797547,-0.746485557381608,-0.420487347915062,0.0657619685818479,-0.182037611236984,0.484553389222171,0.36968989248869,-0.0653818948206978,-0.488278885185423,1.14308241566211,1.27853092178023,1.19703951218842,-0.556988413304132,1.14001752792857,0,0
1.27471675875996,-0.118511917675939,0.83211069880871,-0.804477604053861,1.37683296564671,-0.0614006444954018,1.03538988581105,1.28100338235996,2.26463047758778,-0.420487347915062,-1.34702339348895,1.0358748396365,-0.83401338695209,0.864702465684524,0.966637496702558,-0.488278885185423,0.301464348018426,-1.46693682851359,0.714268730951194,2.28203993884719,1.14001752792857,0,0
1.27471675875996,-0.710488985698188,-0.203640485666361,0.392444365231905,-0.683598474400773,-0.0614006444954018,-0.278294946006147,-0.57358604237436,-0.630673402190478,-0.296006776527434,0.440235197082541,-1.0028046976952,1.2329291270508,-0.180324077728902,-1.44140775018504,-0.488278885185423,0.842504534360795,0.959290485699553,0.921170494338574,-0.623789080413575,1.14001752792857,0,0
0.322363425686316,0.134497982600887,-0.133306713807843,-1.63587114130974,-0.683598474400773,-0.0614006444954018,-0.278294946006147,0.86222512516189,-1.093922022955,0.388636366104519,-0.274668239146055,0.559300402338178,-0.727102567262285,0.0396815103581349,0.278624569020388,-0.488278885185423,0.361579924278689,0.512353875186606,0.438399713101353,-0.623789080413575,1.14001752792857,0,0
0.533997499702681,0.26717514773477,-0.203640485666361,0.0060985611237747,-0.174939546586606,-0.0614006444954018,-0.278294946006147,-0.513760577060349,-0.630673402190478,-0.420487347915062,-0.547012405328377,-0.287943041747722,0.876559728084789,0.754699671641005,-0.0653818948206978,-0.488278885185423,0.722273381840268,0.959290485699553,0.852203239876114,-0.389986745530525,-0.493293969440142,0,0
0.0049123146617683,0.786642682523821,-0.203640485666361,1.90479915828794,3.3381829202044,-0.0614006444954018,-0.278294946006147,0.682748729219859,1.68556970163213,-0.420487347915062,-1.39808792464813,1.38006748879639,-1.0834719662283,1.19471084781508,0.966637496702558,-0.488278885185423,0.481811076799215,-1.21154447964905,0.162530695251511,2.7496446086133,-0.493293969440142,0,0
0.639814536710864,-0.405510628467186,-0.160746185904825,-0.212719377794437,2.29228916550257,-0.0614006444954018,-0.278294946006147,0.383621402649807,1.22232108086761,-0.420487347915062,-0.512969384555586,1.00939848200881,-1.0834719662283,0.42469128951045,-0.0653818948206978,-0.488278885185423,0.121117619237636,-0.253823171407018,0.0935634407890512,0.84582559599417,1.14001752792857,0,0
-0.735806944395509,-0.182770236172219,-0.203640485666361,-0.106397926527196,-0.209789363806395,-0.0614006444954018,-0.278294946006147,-0.753062438316391,-0.514861246999348,0.0151946519416356,0.0317189478090578,-0.526230260396881,0.0925470503595527,-0.950343636033532,-0.753394822502868,-0.488278885185423,-0.600269295885523,-0.445367433055424,-0.596109103835551,-0.590388746858854,-0.493293969440142,0,0
-1.05325805542006,-0.91998843744384,-0.203640485666361,-0.38902783897971,-0.683598474400773,-0.0614006444954018,-0.278294946006147,-1.29149162614248,0.180011684147435,-0.358247062221248,1.47854733065264,-0.870422909556777,0.734011968498382,-0.675336650924735,-0.753394822502868,-0.488278885185423,-0.660384872145786,-0.381519345839288,-0.665076358298012,-0.556988413304132,-0.493293969440142,0,0
-1.26489212943642,0.282226354851303,-0.203640485666361,1.68970297273981,-0.683598474400773,-0.0614006444954018,-0.278294946006147,0.682748729219859,-0.630673402190478,0.388636366104519,0.082783478968243,1.48597291930713,-1.26165666571131,1.13970945079332,1.99865688822581,-0.488278885185423,-0.660384872145786,-0.317671258623153,-0.458174594910631,-0.423387079085246,-0.493293969440142,0,0
1.59216786978451,1.03113689567895,-0.203640485666361,-0.556428084209592,-0.683598474400773,-0.0614006444954018,-0.278294946006147,-0.214633250490297,-0.746485557381608,0.513116937492147,-1.09170073769302,-1.02928105532288,1.76748322549983,0.589695480575728,-1.44140775018504,-0.488278885185423,1.26331356818264,1.53392327064477,1.47290853003826,-0.657189413968297,-0.493293969440142,0,0
0.639814536710864,1.0842322492607,-0.203640485666361,-1.63587114130974,0.175141439105821,-0.0614006444954018,-0.278294946006147,0.263970472021786,0.180011684147435,-0.420487347915062,-0.598076936487562,0.479871329455125,-0.370733168296268,0.42469128951045,-0.0653818948206978,0.963082541396573,0.361579924278689,0.576201962402741,0.576334222026273,0.0108172571261331,1.14001752792857,0,0
0.745631573719046,2.10575669640466,-0.185621212668066,0.456587682011315,-0.683598474400773,-0.0614006444954018,-0.278294946006147,0.503272333277827,-0.0516126262348262,-0.420487347915062,1.68280545528939,0.903493051498074,0.199457870049358,2.18473599420675,0.278624569020388,-0.488278885185423,0.481811076799215,1.27853092178023,1.05910500326349,0.879225929548892,-0.493293969440142,0,0
1.06308268474359,-0.709091143320261,-0.186057041647604,-0.177407644823257,-0.683598474400773,-0.0614006444954018,-0.278294946006147,0.323795937335796,-0.283236936617087,-0.420487347915062,2.65303154731391,0.797587620987337,-1.1547458460215,-0.125322680707143,1.31064396054364,-0.488278885185423,0.722273381840268,0.703898136835012,0.714268730951194,-0.423387079085246,1.14001752792857,0,0
1.06308268474359,-0.91998843744384,-0.203640485666361,0.0138436832477013,-0.683598474400773,-0.0614006444954018,-0.278294946006147,-0.214633250490297,-0.746485557381608,-0.420487347915062,0.746622384037653,-1.10871012820594,1.26856606694741,-0.34532826879418,-1.44140775018504,-0.488278885185423,0.902620110621058,0.831594311267282,0.783235985413654,-0.523588079749411,1.14001752792857,0,0
0.957265647735411,0.52633669237077,-0.203640485666361,0.697948503001842,-0.683598474400773,-0.0614006444954018,-0.278294946006147,0.802399659847879,-0.978109867763869,-0.420487347915062,-0.0193455833501277,-0.923375624812146,1.48238770632702,0.36968989248869,-1.44140775018504,-0.488278885185423,1.02285126314158,1.27853092178023,1.26600676665088,-0.590388746858854,-0.493293969440142,0,0
-0.418355833370962,0.556292545561461,0.130444933823979,-0.760793036423058,-0.683598474400773,-0.0614006444954018,-0.278294946006147,0.443446867963817,-0.978109867763869,-0.420487347915062,-0.257646728759659,-1.0028046976952,1.0903813674644,-0.400329665815939,-0.0653818948206978,-0.488278885185423,0.241348771758162,0.3208096135382,0.162530695251511,-0.523588079749411,-0.493293969440142,0,0
0.0049123146617683,1.24390018800146,-0.203640485666361,2.2121189689067,-0.683598474400773,-0.0614006444954018,-0.278294946006147,-0.753062438316391,-0.167424781425956,-0.420487347915062,0.695557852878468,0.347489541316703,0.163820930152756,0.974705259728042,0.278624569020388,-0.488278885185423,1.14308241566211,0.831594311267282,0.852203239876114,-0.189584744202196,-0.493293969440142,0,0
0.639814536710864,2.73251816674192,-0.203640485666361,-0.0814731782563574,-0.683598474400773,-0.0614006444954018,-0.278294946006147,0.383621402649807,-0.630673402190478,-0.420487347915062,-1.02361469614744,-0.658612048535303,1.126018307361,0.36968989248869,-0.409388358661783,-0.488278885185423,0.662157805580005,0.959290485699553,0.852203239876114,-0.523588079749411,-0.493293969440142,0,0
0.639814536710864,-0.198202006381875,-0.163521458829726,0.360739006554849,1.48122685648334,-0.0614006444954018,-0.278294946006147,0.323795937335796,0.990696770485347,-0.420487347915062,-0.615098446873957,0.744634905731968,-0.727102567262285,0.42469128951045,0.966637496702558,-0.488278885185423,0.121117619237636,0.129265351889794,0.231497949713972,0.177818924899741,1.14001752792857,0,0
0.428180462694498,0.103759914212677,-0.175189002761568,-1.63587114130974,-0.244957355889071,-0.0614006444954018,-0.278294946006147,1.46047977830199,-0.746485557381608,-0.420487347915062,1.52961186181183,1.38006748879639,-1.29729360560791,0.864702465684524,0.278624569020388,-0.488278885185423,0.241348771758162,0.384657700754335,0.300465204176432,-0.456787412639968,1.14001752792857,0,0
-0.735806944395509,-0.91998843744384,-0.203640485666361,0.902151665701706,2.14687811764039,-0.0614006444954018,-0.278294946006147,1.04170152110392,0.180011684147435,-0.420487347915062,-1.14276526885221,-0.0231794654708781,-0.798376447055488,-1.28035201816409,0.966637496702558,-0.488278885185423,-0.419922567104733,-1.02000021800064,-0.803010867222932,0.37822092622807,1.14001752792857,0,0
-0.206721759354597,1.25186543675697,0.313722662557021,-0.34848631069357,-0.683598474400773,-0.0614006444954018,-0.278294946006147,0.0844940760797547,1.22232108086761,-0.420487347915062,3.3679349835425,1.06235119726418,-1.36856748540111,0.0946829073798942,-0.753394822502868,-0.488278885185423,-0.119344685803417,0.3208096135382,0.162530695251511,0.0776179242355761,1.14001752792857,0,0
0.322363425686316,-0.0817591317823276,-0.203640485666361,-0.476513542431727,0.393859175796083,-0.0614006444954018,-0.278294946006147,-1.23166616082847,0.0641995289563043,-0.420487347915062,0.831729935969629,-0.499753902769196,0.413279509428967,-0.400329665815939,-0.0653818948206978,-0.488278885185423,0.0008864667171094,0.0654172646736588,-0.0443710681358694,-0.389986745530525,-0.493293969440142,0,0
-0.312538796362779,1.56314586823691,0.69348922905281,-0.491060853891809,-0.683598474400773,-0.0614006444954018,-0.278294946006147,-0.513760577060349,-0.0516126262348262,-0.420487347915062,0.201934051673009,1.75073649558397,-1.26165666571131,1.68972342101091,0.278624569020388,3.86580539456056,0.421695500538952,0.959290485699553,0.438399713101353,1.0462275973225,-0.493293969440142,0,0
0.533997499702681,2.27410640455254,-0.203640485666361,0.941157102931441,0.342821704562709,-0.0614006444954018,-0.278294946006147,0.563097798591838,1.569757546441,-0.420487347915062,-0.581055426101167,1.64483106507324,-1.36856748540111,1.3047136418586,1.65465042438473,2.41444396797857,1.68412260200448,0.512353875186606,1.95567931127548,0.912626263103613,1.14001752792857,0,0
0.533997499702681,0.833588844545072,-0.174399779674563,-0.180644169548348,0.218018890349639,-0.0614006444954018,-0.278294946006147,0.742574194533869,-0.0516126262348262,-0.420487347915062,-0.342754280691635,0.929969409125759,-0.762739507158886,0.754699671641005,-0.0653818948206978,-0.488278885185423,0.602042229319742,0.640050049618876,0.852203239876114,0.745624595330006,1.14001752792857,0,0
-1.3707091664446,-0.506132724044812,-0.203640485666361,-0.491060853891809,-0.683598474400773,-0.0614006444954018,-0.278294946006147,-0.872713368944412,-0.167424781425956,-0.296006776527434,0.576407280173702,0.400442256572072,-0.477643987986073,0.0946829073798942,-0.409388358661783,2.41444396797857,-0.900847177186839,-0.700759781919965,-0.940945376147853,-0.590388746858854,-0.493293969440142,0,0
-2.32306249951825,-0.0628160917688253,-0.203640485666361,-0.450313363987509,-0.316329480444571,-0.0614006444954018,-0.278294946006147,1.16135245173194,0.180011684147435,-0.420487347915062,-0.240625218373264,1.11530391251955,-1.0121980864351,0.754699671641005,2.68666981590798,0.963082541396573,-1.74246524483052,-1.78617726459426,-1.97545419308476,0.545222594001677,-0.493293969440142,0,1
0.216546388678133,1.82855332561821,-0.178178470160592,1.32086415099288,0.886609555485685,-0.0614006444954018,-0.278294946006147,0.622923263905848,0.0641995289563043,-0.420487347915062,-1.39808792464813,0.718158548104284,-0.156911528916659,1.24971224483684,0.278624569020388,-0.488278885185423,0.902620110621058,1.02313857291569,1.4039412755758,0.946026596658335,1.14001752792857,0,0
0.851448610727229,-0.0763993115226919,-0.203640485666361,1.28105585166322,0.400748674055592,-0.0614006444954018,-0.278294946006147,-0.57358604237436,4.11762496064587,-0.420487347915062,3.58921461856564,1.38006748879639,-1.43984136519432,0.644696877597487,1.99865688822581,0.963082541396573,0.722273381840268,0.640050049618876,0.783235985413654,0.745624595330006,1.14001752792857,0,0
-0.206721759354597,1.18898440264561,0.534864125172837,0.114285033489666,-0.683598474400773,-0.0614006444954018,-0.278294946006147,-0.0949823198622764,-0.514861246999348,-0.420487347915062,-0.529990894941981,0.373965898944387,-0.691465627365683,-0.290326871772421,0.278624569020388,0.963082541396573,-0.17946026206368,0.576201962402741,0.369432458638892,-0.122784077092753,1.14001752792857,0,0
0.533997499702681,2.04245658773236,-0.203640485666361,-0.757863897784229,0.676372483899127,-0.0614006444954018,-0.278294946006147,0.802399659847879,0.295823839338565,-0.420487347915062,-1.10872224807942,1.64483106507324,-1.36856748540111,1.3047136418586,0.966637496702558,0.963082541396573,0.782388958100532,0.767746224051147,1.47290853003826,0.779024928884727,1.14001752792857,0,0
-1.26489212943642,-0.709091143320261,-0.0453894979305691,-0.760793036423058,-0.412511671035029,-0.0614006444954018,-0.278294946006147,-0.154807785176287,-0.399049091808217,-0.420487347915062,0.797686915196839,1.11530391251955,-1.29729360560791,0.314688495466931,1.99865688822581,-0.488278885185423,-1.26154063474842,-0.956152130784506,-1.35474890292261,-0.222985077756917,-0.493293969440142,0,0
-0.206721759354597,0.358187683842166,9.68934973969638,0.131978287132636,0.685538253687677,-0.0614006444954018,1.11839447882814,-0.932538834258422,0.295823839338565,-0.420487347915062,-0.070410114509313,1.00939848200881,-0.905287266745293,0.699698274619246,0.622631032861473,0.963082541396573,-0.17946026206368,-0.253823171407018,-0.25127283152325,0.211219258454462,-0.493293969440142,0,0
0.322363425686316,-0.91998843744384,-0.203640485666361,0.889324128507159,-0.390247328936236,-0.0614006444954018,-0.278294946006147,0.802399659847879,-1.093922022955,1.57120179428698,-0.35977579107803,-1.13518648583362,0.947833607877992,-0.895342239011772,-0.0653818948206978,-0.488278885185423,0.241348771758162,0.384657700754335,0.300465204176432,-0.657189413968297,1.14001752792857,0,0
-1.05325805542006,-0.91998843744384,-0.203640485666361,0.292839591982022,-0.0861112289891421,-0.0614006444954018,-0.278294946006147,-1.05218976488644,-0.399049091808217,-0.420487347915062,0.423213686696146,-1.02928105532288,0.377642569532366,-1.55535900327288,-1.09740128634395,-0.488278885185423,-0.660384872145786,-0.700759781919965,-0.871978121685393,-0.590388746858854,-0.493293969440142,0,0
0.428180462694498,-0.469247183583832,-0.203640485666361,-0.077317013397204,-0.683598474400773,-0.0614006444954018,-0.278294946006147,-0.0949823198622764,-0.862297712572739,2.00688379414368,-0.512969384555586,-1.3469973468551,1.44675076643041,-0.565333856881217,-0.409388358661783,-0.488278885185423,0.301464348018426,0.448505787970471,0.369432458638892,-0.690589747523018,-0.493293969440142,0,0
0.957265647735411,0.0463778524341431,-0.203640485666361,-1.63587114130974,-0.683598474400773,-0.0614006444954018,-0.278294946006147,0.0246686107657443,-0.399049091808217,-0.420487347915062,1.34237524756148,0.691682190476599,-0.727102567262285,0.314688495466931,-1.09740128634395,-0.488278885185423,1.02285126314158,1.15083474734796,1.05910500326349,-0.456787412639968,1.14001752792857,0,0
-1.79397731447733,0.504607854655858,-0.203640485666361,0.827083394853552,0.23198760866605,-0.0614006444954018,2.05673365842665,-1.4111425567705,0.990696770485347,-0.420487347915062,-1.10872224807942,1.35359113116871,-0.691465627365683,1.74472481803267,-0.409388358661783,-0.488278885185423,0.541926653059479,-0.381519345839288,-0.458174594910631,3.55125261392661,-0.493293969440142,0,1
1.06308268474359,-0.215135926129533,0.810084832977364,-0.660987407752375,1.35493639845583,-0.0614006444954018,0.877015358360427,1.28100338235996,2.38044263277891,-0.420487347915062,-1.34702339348895,1.83016556846703,-0.83401338695209,2.5147443763373,0.966637496702558,-0.488278885185423,0.361579924278689,-1.59463300294586,0.714268730951194,2.14843860462831,-0.493293969440142,0,0
1.27471675875996,-0.342669167860197,-0.203640485666361,0.759605206588945,0.0584861311094802,-0.0614006444954018,-0.278294946006147,-1.11201523020045,0.180011684147435,-0.420487347915062,2.14238623572205,0.056249607412175,0.306368689739163,0.589695480575728,-0.409388358661783,0.963082541396573,0.842504534360795,0.959290485699553,0.921170494338574,-0.28978574486636,-0.493293969440142,0,0
-0.312538796362779,1.29166616637102,-0.203640485666361,-0.106397926527196,-0.683598474400773,-0.0614006444954018,-0.278294946006147,-1.23166616082847,0.0641995289563043,-0.420487347915062,0.882794467128814,-0.76451747904604,0.840922788188187,-0.290326871772421,-1.09740128634395,-0.488278885185423,-0.17946026206368,0.3208096135382,0.0935634407890512,-0.389986745530525,-0.493293969440142,0,0
-0.629989907387327,-0.510157260935981,-0.101132147746393,-0.502193518276437,-0.683598474400773,-0.0614006444954018,-0.278294946006147,-0.274458715804308,-0.399049091808217,-0.171526205139806,0.729600873651258,0.321013183689018,-0.869650326848691,-0.675336650924735,-0.409388358661783,-0.488278885185423,-0.419922567104733,-0.253823171407018,-0.389207340448171,-0.590388746858854,1.14001752792857,0,0
0.428180462694498,0.558759175996333,-0.203640485666361,0.409389351117953,0.266790588621826,-0.0614006444954018,-0.278294946006147,-0.513760577060349,-0.283236936617087,0.326396080410705,-0.410840322237216,0.135678680295228,-0.0856376491234554,0.149684304401653,-0.753394822502868,-0.488278885185423,0.662157805580005,0.448505787970471,0.576334222026273,-0.156184410647474,1.14001752792857,0,0
-0.206721759354597,0.873386337476338,-0.170413459819948,-0.80906370373591,0.853200869849381,-0.0614006444954018,-0.278294946006147,0.383621402649807,0.527448149720826,-0.420487347915062,-0.410840322237216,1.35359113116871,-0.62019174757248,1.85472761207619,0.278624569020388,-0.488278885185423,-0.299691414584207,0.256961526322065,0.231497949713972,1.01282726376778,-0.493293969440142,0,0
-2.32306249951825,-0.222908238247139,-0.203640485666361,1.01549686630698,0.660439005738824,-0.0614006444954018,-0.278294946006147,1.16135245173194,0.759072460103087,-0.420487347915062,-0.444883343010006,2.70388537018061,-1.0121980864351,4.05478349294656,1.99865688822581,-0.488278885185423,-1.74246524483052,-2.04156961345881,-1.97545419308476,0.411621259782791,-2.12660546680886,0,0
0.639814536710864,-0.276563891962937,-0.167877045842415,0.737255555615345,1.79756993055252,-0.0614006444954018,-0.278294946006147,0.383621402649807,0.990696770485347,-0.420487347915062,-0.632119957260352,1.00939848200881,-1.0834719662283,0.42469128951045,0.622631032861473,-0.488278885185423,0.121117619237636,-0.126126996974747,0.162530695251511,0.678823928220563,1.14001752792857,0,0
1.69798490679269,-0.0728666745551449,-0.203640485666361,-0.171300178119657,-0.683598474400773,-0.0614006444954018,-0.278294946006147,-0.0351568545482661,-0.862297712572739,-0.0470456337521783,-0.0023240729637326,-1.21461555871667,1.83875710529303,0.314688495466931,-1.09740128634395,-0.488278885185423,1.14308241566211,1.4062270962125,1.33497402111334,-0.657189413968297,-0.493293969440142,0,0
1.16889972175178,-0.91998843744384,-0.203640485666361,-0.155492125547094,-0.683598474400773,-0.0614006444954018,-0.278294946006147,1.28100338235996,-1.20973417814613,-0.171526205139806,0.287041603604985,-1.37347370448278,1.48238770632702,-0.565333856881217,-1.44140775018504,-0.488278885185423,0.481811076799215,0.640050049618876,0.576334222026273,-0.657189413968297,-0.493293969440142,0,0
0.216546388678133,-0.544259102482045,-0.203640485666361,-0.596526282648256,0.76528589515182,-0.0614006444954018,-0.278294946006147,-0.932538834258422,0.180011684147435,-0.420487347915062,-0.512969384555586,0.744634905731968,-0.83401338695209,0.259687098445172,1.99865688822581,0.963082541396573,0.662157805580005,0.193113439105929,0.438399713101353,0.812425262439449,1.14001752792857,0,0
0.428180462694498,-0.567316421474257,-0.203640485666361,-0.172525770407846,-0.683598474400773,-0.0614006444954018,-0.278294946006147,-0.453935111746339,-0.630673402190478,-0.420487347915062,0.593428790560097,-0.711564763790671,0.591464208911976,-0.565333856881217,-0.753394822502868,-0.488278885185423,0.121117619237636,0.384657700754335,0.231497949713972,-0.623789080413575,1.14001752792857,0,0
0.639814536710864,-0.91998843744384,-0.203640485666361,-1.10435208928683,-0.683598474400773,-0.0614006444954018,-0.278294946006147,-0.0351568545482661,-0.862297712572739,3.18944922232615,-0.547012405328377,-1.53233185024889,1.37547688663721,-1.06034643007705,-1.09740128634395,-0.488278885185423,0.301464348018426,0.448505787970471,0.369432458638892,-0.690589747523018,1.14001752792857,0,0
-0.100904722346414,1.4817224094665,-0.203640485666361,-0.686781468636724,-0.683598474400773,-0.0614006444954018,-0.278294946006147,-1.17184069551446,-0.0516126262348262,-0.420487347915062,-0.29168974953245,0.45339497182744,-0.121274589020057,0.754699671641005,0.622631032861473,-0.488278885185423,0.0008864667171094,0.703898136835012,0.507366967563813,-0.122784077092753,-0.493293969440142,0,0
-0.100904722346414,0.621876462664436,-0.203640485666361,-0.0364525006410859,1.29831043879407,-0.0614006444954018,-0.278294946006147,-0.394109646432328,-0.167424781425956,-0.420487347915062,-0.904464123442674,0.559300402338178,-1.1547458460215,-0.620335253902976,0.278624569020388,-0.488278885185423,0.421695500538952,-0.126126996974747,0.369432458638892,1.44703159997916,1.14001752792857,0,0
-2.32306249951825,-0.332383849712186,-0.203640485666361,0.802282139616118,-0.431830043487002,-0.0614006444954018,-0.278294946006147,1.10152698641793,-0.746485557381608,-0.420487347915062,0.457256707468936,-0.261466684120037,0.0569101104629511,-0.455331062837698,-0.409388358661783,-0.488278885185423,-1.44188736352921,-1.27539256686518,-1.63061792077246,-0.222985077756917,-2.12660546680886,0,0
0.216546388678133,-0.272444656813712,-0.203640485666361,1.05098836540438,0.14875252497966,-0.0614006444954018,-0.278294946006147,-1.71026988334056,1.10650892567648,-0.420487347915062,2.51685946422275,1.14178027014723,-1.33293054550451,0.314688495466931,2.3426633520669,-0.488278885185423,0.0610020429773727,0.0654172646736588,0.0245961863265909,-0.256385411311639,1.14001752792857,0,0
0.639814536710864,1.14253883913297,-0.203640485666361,0.0757416371730731,-0.683598474400773,-0.0614006444954018,-0.278294946006147,-0.453935111746339,-0.283236936617087,-0.420487347915062,-0.512969384555586,-0.579182975652249,0.91219666798139,0.204685701423413,-0.753394822502868,-0.488278885185423,0.602042229319742,0.831594311267282,0.714268730951194,-0.556988413304132,-0.493293969440142,0,0
-0.418355833370962,-0.91998843744384,-0.0535867616505611,0.853378282766606,1.62980408389081,-0.0614006444954018,-0.278294946006147,1.16135245173194,0.874884615294217,-0.420487347915062,-1.39808792464813,0.26806046843365,-0.121274589020057,0.36968989248869,0.278624569020388,0.963082541396573,-0.419922567104733,-0.956152130784506,-0.803010867222932,-0.256385411311639,-0.493293969440142,0,0
0.428180462694498,1.61077896560619,-0.203640485666361,0.405977746776543,-0.683598474400773,-0.0614006444954018,-0.278294946006147,-0.57358604237436,4.92831004698378,-0.420487347915062,3.64027914972483,1.96254735660545,-1.36856748540111,1.96473040611971,0.278624569020388,3.86580539456056,0.602042229319742,1.08698666013182,0.990137748801035,1.38023093286971,1.14001752792857,0,1
0.428180462694498,-0.91998843744384,-0.203640485666361,0.993749501804137,-0.683598474400773,-0.0614006444954018,-0.278294946006147,-0.453935111746339,-0.514861246999348,-0.420487347915062,1.2742892060159,-0.976328340067515,0.947833607877992,-0.565333856881217,-0.753394822502868,0.963082541396573,0.121117619237636,0.256961526322065,0.162530695251511,-0.623789080413575,-0.493293969440142,0,0
-0.947441018411874,-0.709091143320261,-0.203640485666361,-0.177407644823257,-0.683598474400773,-0.0614006444954018,-0.278294946006147,0.563097798591838,-1.093922022955,0.139675223329264,0.0317189478090578,-1.18813920108899,0.91219666798139,-1.06034643007705,-0.0653818948206978,-0.488278885185423,-0.600269295885523,-0.317671258623153,-0.527141849373091,-0.590388746858854,-0.493293969440142,0,0
0.110729351669951,-0.91998843744384,-0.177054675465235,1.01032970934456,-0.683598474400773,-0.0614006444954018,-0.278294946006147,1.520305243616,0.643260304911956,-0.0470456337521783,-0.972550164988255,-0.1555612536093,0.0212731705663495,-0.290326871772421,0.966637496702558,0.963082541396573,-0.17946026206368,-0.0622789097586118,-0.11333832259833,-0.590388746858854,-0.493293969440142,0,0
-1.89979435148552,-0.91998843744384,-0.203640485666361,1.32802331948281,-0.683598474400773,-0.0614006444954018,-0.278294946006147,1.22117791704595,-1.20973417814613,-0.420487347915062,0.559385769787307,-1.37347370448278,0.484553389222171,-2.10537297349048,-1.09740128634395,-0.488278885185423,-1.26154063474842,-1.14769639243291,-1.42371615738507,-0.690589747523018,-0.493293969440142,0,0
1.48635083277632,-0.91998843744384,-0.203640485666361,0.844551171411742,1.045300771629,-0.0614006444954018,-0.278294946006147,-0.872713368944412,-0.399049091808217,-0.420487347915062,-0.598076936487562,-0.393848472258459,0.306368689739163,-0.34532826879418,-0.409388358661783,-0.488278885185423,0.662157805580005,0.640050049618876,0.714268730951194,-0.523588079749411,1.14001752792857,0,0
0.428180462694498,0.390197288119922,-0.203640485666361,-0.54859794040223,0.663688816290566,-0.0614006444954018,-0.278294946006147,-0.453935111746339,-0.283236936617087,-0.420487347915062,0.0657619685818479,0.532824044710493,-0.940924206641895,-0.34532826879418,-0.753394822502868,-0.488278885185423,0.181233195497899,0.256961526322065,0.300465204176432,0.0108172571261331,1.14001752792857,0,0
-1.05325805542006,-0.160631553499611,-0.0770185741375479,0.464666665505075,1.2685520369433,-0.0614006444954018,-0.278294946006147,-1.35131709145649,6.43386806446848,-0.420487347915062,1.42748279949346,1.98902371423313,-1.43984136519432,1.90972900909795,0.966637496702558,-0.488278885185423,-0.419922567104733,-0.956152130784506,-0.871978121685393,1.81443526908109,-0.493293969440142,0,1
-0.100904722346414,0.640911823997074,-0.203640485666361,-0.556428084209592,0.821184203301125,-0.0614006444954018,2.28014693566133,-0.57358604237436,0.295823839338565,-0.420487347915062,-1.39808792464813,1.38006748879639,-1.36856748540111,0.754699671641005,0.622631032861473,0.963082541396573,0.421695500538952,-0.317671258623153,0.369432458638892,2.38224093951136,1.14001752792857,0,0
1.48635083277632,1.39794846154272,-0.133365325400346,-1.34442153198072,-0.683598474400773,-0.0614006444954018,-0.278294946006147,-0.214633250490297,0.527448149720826,-0.420487347915062,3.24878441083774,1.48597291930713,-1.43984136519432,0.864702465684524,0.966637496702558,-0.488278885185423,1.08296683940185,1.21468283456409,1.26600676665088,-0.0893837435380313,1.14001752792857,0,1
-0.206721759354597,1.37879195218489,-0.148880619921653,1.08937207064464,-0.683598474400773,-0.0614006444954018,-0.278294946006147,1.22117791704595,0.295823839338565,-0.420487347915062,-1.176808289625,-0.76451747904604,0.769648908394984,-0.400329665815939,-0.0653818948206978,-0.488278885185423,0.0008864667171094,0.129265351889794,0.0935634407890512,-0.590388746858854,-0.493293969440142,0,0
0.639814536710864,-0.91998843744384,-0.109099911062203,-1.63587114130974,-0.683598474400773,-0.0614006444954018,-0.278294946006147,-0.394109646432328,-0.283236936617087,-0.420487347915062,1.41046128910706,0.26806046843365,-0.691465627365683,-0.510332459859458,-0.0653818948206978,-0.488278885185423,0.481811076799215,0.448505787970471,0.369432458638892,-0.523588079749411,1.14001752792857,0,0
-1.79397731447733,-0.91998843744384,-0.203640485666361,0.24782478999111,-0.100056187388833,-0.0614006444954018,-0.278294946006147,-1.47096802208452,0.295823839338565,-0.420487347915062,0.984923529447185,-0.393848472258459,-0.0500007092268538,-0.895342239011772,-1.09740128634395,0.963082541396573,-0.960962753447102,-0.956152130784506,-1.07887988507277,-0.556988413304132,-0.493293969440142,0,0
-1.15907509242824,1.91664761289584,-0.203640485666361,-0.514911062384023,-0.683598474400773,-0.0614006444954018,-0.278294946006147,-0.69323697300238,0.527448149720826,-0.420487347915062,-0.29168974953245,1.72426013795629,-1.1191089061249,1.85472761207619,2.3426633520669,-0.488278885185423,0.361579924278689,0.256961526322065,0.231497949713972,-0.0893837435380313,-0.493293969440142,0,0
-0.206721759354597,-0.91998843744384,-0.203640485666361,-1.63587114130974,-0.683598474400773,-0.0614006444954018,-0.278294946006147,0.503272333277827,-0.978109867763869,2.75376722246945,-0.547012405328377,-1.45290277736583,0.840922788188187,-1.72036319433816,-0.753394822502868,-0.488278885185423,-0.960962753447102,-0.700759781919965,-1.00991263061031,-0.590388746858854,-2.12660546680886,0,1
0.533997499702681,1.25801192265295,-0.131004659761874,-0.12967155440522,-0.403638918550488,-0.0614006444954018,-0.278294946006147,0.802399659847879,-0.283236936617087,-0.420487347915062,-0.308711259918845,-0.685088406162987,1.126018307361,0.314688495466931,-1.09740128634395,-0.488278885185423,0.602042229319742,0.703898136835012,0.645301476488733,-0.423387079085246,-0.493293969440142,0,0
-0.947441018411874,-0.287296580359687,-0.133306713807843,-1.63587114130974,-0.683598474400773,-0.0614006444954018,-0.278294946006147,0.443446867963817,-0.746485557381608,-0.296006776527434,1.22322467485672,0.426918614199756,-1.43984136519432,-1.33535341518585,0.966637496702558,-0.488278885185423,-0.419922567104733,-0.317671258623153,-0.458174594910631,-0.556988413304132,1.14001752792857,0,0
2.65033823986633,0.694048849869687,-0.113927515248571,-0.891744440498501,-0.683598474400773,-0.0614006444954018,-0.278294946006147,0.323795937335796,-0.978109867763869,-0.420487347915062,-0.444883343010006,-0.923375624812146,2.23076344415565,1.52471922994563,-1.09740128634395,-0.488278885185423,1.74423817826474,2.10855605558999,2.02464656573794,-0.556988413304132,-2.12660546680886,0,0
-0.524172870379144,-0.265743054533454,0.150917247754337,0.173906567689386,-0.683598474400773,-0.0614006444954018,-0.278294946006147,1.28100338235996,3.19112771911683,-0.109285919445992,-1.34702339348895,-1.3469973468551,1.1616552472576,-1.00534503305529,-1.44140775018504,-0.488278885185423,-0.17946026206368,-0.445367433055424,-0.18230557706079,-0.690589747523018,-0.493293969440142,0,0
0.428180462694498,-0.91998843744384,-0.203640485666361,1.11798352838313,1.87571694671041,-0.0614006444954018,-0.278294946006147,-0.69323697300238,-0.167424781425956,-0.420487347915062,-0.0363670937365228,0.188631395550597,-0.62019174757248,-0.565333856881217,-0.0653818948206978,0.963082541396573,-0.17946026206368,-0.0622789097586118,-0.11333832259833,-0.122784077092753,1.14001752792857,0,0
-0.735806944395509,-0.91998843744384,-0.203640485666361,1.55809731089719,1.54265537463329,-0.0614006444954018,1.61425105575434,1.22117791704595,-0.167424781425956,-0.420487347915062,-0.29168974953245,0.215107753178281,-0.940924206641895,-1.00534503305529,0.278624569020388,0.963082541396573,-1.20142505848816,-1.40308874129745,-1.42371615738507,-0.423387079085246,-0.493293969440142,0,0
0.110729351669951,-0.91998843744384,-0.203640485666361,0.650008234637326,0.378601083832118,-0.0614006444954018,-0.278294946006147,-0.812887903630401,-0.0516126262348262,0.575357223185961,0.814708425583234,0.215107753178281,-0.299459288503065,-0.0153198866636243,0.278624569020388,-0.488278885185423,0.662157805580005,0.129265351889794,0.231497949713972,0.344820592673348,1.14001752792857,0,0
0.0049123146617683,0.134497982600887,-0.203640485666361,0.989363138376343,1.21400905164952,-0.0614006444954018,-0.278294946006147,-0.513760577060349,2.26463047758778,-0.420487347915062,1.20620316447032,1.8831182837224,-1.33293054550451,1.85472761207619,0.622631032861473,2.41444396797857,-0.17946026206368,0.193113439105929,-0.18230557706079,1.48043193353388,-0.493293969440142,0,0
-0.947441018411874,-0.037385146398652,-0.203640485666361,-1.02550544223623,-0.683598474400773,-0.0614006444954018,-0.278294946006147,-0.453935111746339,-0.630673402190478,-0.420487347915062,0.780665404810443,0.135678680295228,-0.869650326848691,-1.06034643007705,-0.753394822502868,-0.488278885185423,-0.660384872145786,-0.381519345839288,-0.665076358298012,-0.556988413304132,1.14001752792857,0,0
0.533997499702681,-0.181334565064238,-0.162583915798987,-1.63587114130974,-0.683598474400773,-0.0614006444954018,-0.278294946006147,0.86222512516189,-0.746485557381608,1.07327950873647,0.882794467128814,0.612253117593546,-0.727102567262285,0.149684304401653,1.31064396054364,-0.488278885185423,0.421695500538952,0.703898136835012,0.576334222026273,-0.523588079749411,1.14001752792857,0,0
0.110729351669951,0.817921125217681,9.39580160582646,-0.434017040035915,0.433353617939981,-0.0614006444954018,-0.278294946006147,-1.17184069551446,0.295823839338565,-0.420487347915062,0.865772956742419,0.850540336242706,-0.798376447055488,0.534694083553968,0.966637496702558,0.963082541396573,0.421695500538952,-0.0622789097586118,0.0935634407890512,0.678823928220563,-0.493293969440142,0,1
0.322363425686316,1.18503418302559,-0.203640485666361,0.911659370211498,0.66929667668936,-0.0614006444954018,-0.278294946006147,-1.11201523020045,0.180011684147435,-0.420487347915062,-0.376797301464425,0.850540336242706,-0.940924206641895,0.314688495466931,-0.0653818948206978,2.41444396797857,0.301464348018426,0.3208096135382,0.300465204176432,-0.156184410647474,1.14001752792857,0,0
-1.15907509242824,-0.91998843744384,-0.203640485666361,1.13983952198871,1.89602897773153,-0.0614006444954018,-0.278294946006147,-0.992364299572432,-0.0516126262348262,-0.420487347915062,-0.427861832623611,-0.182037611236984,-0.727102567262285,-1.50035760625112,-0.753394822502868,0.963082541396573,-1.32165621100868,-1.33924065408132,-1.42371615738507,0.0108172571261331,1.14001752792857,0,0
0.216546388678133,1.20493459840578,-0.183955566966071,1.95622503588163,1.13731503078182,-0.0614006444954018,-0.278294946006147,0.981876055789911,-0.399049091808217,-0.420487347915062,-0.768292040351513,0.929969409125759,-0.370733168296268,1.35971503888036,1.99865688822581,-0.488278885185423,1.20319799192237,0.703898136835012,0.990137748801035,1.34683059931499,-0.493293969440142,0,0
0.639814536710864,0.502204162529211,-0.156210680425023,-0.455647696452525,-0.683598474400773,-0.0614006444954018,-0.278294946006147,0.9220505904759,-0.746485557381608,-0.420487347915062,-0.138496156054893,-0.817470194301409,1.2329291270508,0.204685701423413,-1.09740128634395,-0.488278885185423,0.722273381840268,0.703898136835012,0.714268730951194,-0.490187746194689,-0.493293969440142,0,0
-1.05325805542006,0.843020437035276,-0.203640485666361,-0.590832662748472,-0.683598474400773,-0.0614006444954018,-0.278294946006147,-1.53079348739853,0.990696770485347,-0.420487347915062,0.661514832105677,-0.552706618024565,0.484553389222171,-0.400329665815939,-0.753394822502868,0.963082541396573,-0.660384872145786,-0.381519345839288,-0.596109103835551,-0.423387079085246,-0.493293969440142,0,0
-1.58234324046097,-0.91998843744384,0.0269498862624035,-1.63587114130974,-0.683598474400773,-0.0614006444954018,-0.278294946006147,0.383621402649807,-0.746485557381608,0.139675223329264,0.865772956742419,0.0827259650398594,-1.22601972581471,-1.72036319433816,0.278624569020388,-0.488278885185423,-0.780616024666313,-0.700759781919965,-0.871978121685393,-0.623789080413575,1.14001752792857,0,0
0.428180462694498,-0.485511034135168,-0.203640485666361,0.166910028087972,-0.683598474400773,-0.0614006444954018,-0.278294946006147,-0.0351568545482661,-0.862297712572739,0.450876651798333,-0.189560687214079,-1.24109191634436,1.26856606694741,-0.620335253902976,-0.753394822502868,-0.488278885185423,0.361579924278689,0.448505787970471,0.369432458638892,-0.657189413968297,-0.493293969440142,0,0
-1.79397731447733,-0.447341997230286,-0.203640485666361,0.325285174406461,-0.076060036640583,-0.0614006444954018,-0.278294946006147,-1.53079348739853,0.295823839338565,-0.420487347915062,1.01896655021997,-0.393848472258459,-0.0500007092268538,-0.895342239011772,-1.09740128634395,0.963082541396573,-0.960962753447102,-0.956152130784506,-1.07887988507277,-0.523588079749411,-0.493293969440142,0,0
-0.312538796362779,1.10455793441499,-0.203640485666361,1.16428533692637,-0.683598474400773,-0.0614006444954018,-0.278294946006147,-1.35131709145649,0.0641995289563043,-0.420487347915062,0.40619217630975,-0.552706618024565,0.662738088705179,-0.125322680707143,-0.0653818948206978,-0.488278885185423,0.662157805580005,0.640050049618876,0.645301476488733,-0.456787412639968,1.14001752792857,0,0
0.428180462694498,1.05295701796304,-0.203640485666361,0.638118104345737,-0.683598474400773,-0.0614006444954018,-0.278294946006147,-0.154807785176287,-0.862297712572739,0.824318365961217,-0.666162978033143,-0.94985198243983,1.0547444275678,-0.34532826879418,-0.753394822502868,0.963082541396573,0.301464348018426,0.640050049618876,0.507366967563813,-0.590388746858854,-0.493293969440142,0,0
-0.947441018411874,-0.91998843744384,-0.203640485666361,-1.63587114130974,-0.683598474400773,-0.0614006444954018,-0.278294946006147,0.263970472021786,-0.746485557381608,0.0151946519416356,0.950880508674395,0.0032968921568063,-0.976561146538496,-1.50035760625112,-0.753394822502868,-0.488278885185423,-0.419922567104733,-0.381519345839288,-0.527141849373091,-0.623789080413575,1.14001752792857,0,0
1.16889972175178,0.607901857159384,-0.203640485666361,1.18176871186827,-0.0289498098635688,-0.0614006444954018,-0.278294946006147,-0.992364299572432,-0.0516126262348262,-0.420487347915062,0.0146974374226627,0.162155037922912,0.413279509428967,0.974705259728042,-0.409388358661783,-0.488278885185423,1.14308241566211,1.21468283456409,1.19703951218842,0.0776179242355761,-0.493293969440142,0,0
0.851448610727229,0.0834474539419563,-0.203640485666361,-0.248015792173537,-0.683598474400773,-0.0614006444954018,-0.278294946006147,2.11855989675611,-1.44135848852839,1.82016293706224,-1.02361469614744,-1.47937913499352,1.76748322549983,-0.34532826879418,-1.09740128634395,-0.488278885185423,0.662157805580005,0.959290485699553,0.852203239876114,-0.657189413968297,-0.493293969440142,0,0
0.533997499702681,0.702432187009366,-0.164992367141415,-0.0330318030715009,0.210167976800584,-0.0614006444954018,-0.278294946006147,0.802399659847879,0.0641995289563043,-0.420487347915062,-0.512969384555586,0.929969409125759,-0.762739507158886,0.754699671641005,0.278624569020388,0.963082541396573,0.722273381840268,0.640050049618876,0.921170494338574,0.946026596658335,1.14001752792857,0,0
-0.206721759354597,-0.524885558371506,-0.203640485666361,0.0035329767421653,-0.683598474400773,-0.0614006444954018,-0.278294946006147,-1.4111425567705,-0.0516126262348262,0.264155794716891,-0.155517666441289,-1.08223377057825,1.0191074876712,-0.675336650924735,-1.09740128634395,-0.488278885185423,-0.17946026206368,-0.126126996974747,-0.25127283152325,-0.623789080413575,-0.493293969440142,0,0
-1.26489212943642,0.59417829686287,0.364452133271658,0.458377649003569,-0.683598474400773,-0.0614006444954018,-0.278294946006147,-0.57358604237436,0.295823839338565,-0.420487347915062,0.235977072445799,1.40654384642408,-1.0121980864351,1.35971503888036,0.966637496702558,-0.488278885185423,-0.660384872145786,0.193113439105929,-0.32024008598571,0.946026596658335,-0.493293969440142,0,0
0.216546388678133,-0.187043972351277,-0.0508683968482607,-1.12900222206679,-0.683598474400773,-0.0614006444954018,-0.278294946006147,1.34082884767397,-0.283236936617087,-0.420487347915062,1.30833222678869,1.32711477354102,-0.798376447055488,1.52471922994563,0.622631032861473,-0.488278885185423,0.121117619237636,0.193113439105929,0.0245961863265909,-0.490187746194689,-0.493293969440142,0,0
1.06308268474359,-0.91998843744384,0.0609940126494255,-1.63587114130974,-0.683598474400773,-0.0614006444954018,-0.278294946006147,0.383621402649807,-0.283236936617087,-0.109285919445992,1.95514962147171,1.1947329854026,-1.22601972581471,0.589695480575728,2.68666981590798,-0.488278885185423,0.301464348018426,0.512353875186606,0.438399713101353,-0.523588079749411,1.14001752792857,0,1
-1.26489212943642,0.345395251437882,-0.203640485666361,-1.05248574970993,-0.683598474400773,-0.0614006444954018,-0.278294946006147,-0.214633250490297,0.874884615294217,-0.171526205139806,2.89133269272344,0.87701669387039,-1.1547458460215,0.0396815103581349,-0.0653818948206978,0.963082541396573,-0.900847177186839,-0.573063607487694,-0.734043612760472,-0.156184410647474,-0.493293969440142,0,0
0.428180462694498,-0.91998843744384,-0.116999877119219,1.23870046917389,1.54265537463329,-0.0614006444954018,1.99276025610644,1.16135245173194,0.874884615294217,-0.420487347915062,-0.887442613056279,0.294536826061334,-0.83401338695209,-0.675336650924735,0.278624569020388,-0.488278885185423,-0.119344685803417,-0.892304043568371,-0.389207340448171,0.812425262439449,1.14001752792857,0,0
0.428180462694498,-0.91998843744384,-0.203640485666361,0.713344947103677,-0.683598474400773,-0.0614006444954018,-0.278294946006147,0.144319541393765,-0.862297712572739,0.948798937348845,0.30406311399138,-1.0028046976952,0.947833607877992,-0.620335253902976,-0.753394822502868,0.963082541396573,0.481811076799215,0.512353875186606,0.438399713101353,-0.623789080413575,1.14001752792857,0,0
1.38053379576814,0.891742273576477,-0.182061622565147,-1.27789820262237,-0.683598474400773,-0.0614006444954018,-0.278294946006147,0.383621402649807,-0.746485557381608,-0.420487347915062,0.082783478968243,0.479871329455125,-0.584554807675878,0.0946829073798942,-0.0653818948206978,-0.488278885185423,1.38354472070316,1.4062270962125,1.4039412755758,-0.523588079749411,1.14001752792857,0,0
-0.418355833370962,-0.91998843744384,-0.203640485666361,1.94507981584733,0.980393294619674,-0.0614006444954018,-0.278294946006147,0.0844940760797547,0.759072460103087,-0.420487347915062,0.576407280173702,1.06235119726418,-1.43984136519432,-0.0153198866636243,1.31064396054364,0.963082541396573,-0.419922567104733,-0.636911694703829,-0.596109103835551,-0.122784077092753,1.14001752792857,0,0
0.110729351669951,-0.91998843744384,-0.203640485666361,0.221975050571167,-0.683598474400773,-0.0614006444954018,-0.278294946006147,1.81943257018606,-0.978109867763869,0.824318365961217,-0.598076936487562,-1.26756827397204,1.37547688663721,-0.510332459859458,-0.753394822502868,-0.488278885185423,0.0008864667171094,0.193113439105929,0.0935634407890512,-0.690589747523018,-2.12660546680886,0,0
0.0049123146617683,-0.91998843744384,-0.203640485666361,-0.718721992183962,0.452880759126691,-0.0614006444954018,-0.278294946006147,-0.63341150768837,-0.514861246999348,0.0151946519416356,0.201934051673009,-0.208513968864669,-0.263822348606464,-0.840340841990013,0.966637496702558,0.963082541396573,0.0008864667171094,0.0015691774575234,0.0245961863265909,-0.456787412639968,1.14001752792857,0,0
0.639814536710864,-0.91998843744384,-0.0070666093368286,-0.820627457083932,0.074054337116434,-0.0614006444954018,-0.278294946006147,0.622923263905848,-0.862297712572739,-0.420487347915062,0.184912541286614,-0.685088406162987,0.448916449325569,-0.730338047946495,-0.0653818948206978,-0.488278885185423,0.481811076799215,0.448505787970471,0.438399713101353,-0.523588079749411,1.14001752792857,0,0
-1.05325805542006,0.213939099598192,-0.203640485666361,-0.590311970513601,-0.683598474400773,-0.0614006444954018,-0.278294946006147,-1.47096802208452,0.643260304911956,-0.420487347915062,0.33810613476417,-0.843946551929093,0.484553389222171,-1.00534503305529,-1.44140775018504,-0.488278885185423,-0.299691414584207,-0.317671258623153,-0.458174594910631,-0.556988413304132,-0.493293969440142,0,0
1.48635083277632,1.41415779421839,-0.0739017259817515,-1.09781031601602,-0.683598474400773,-0.0614006444954018,-0.278294946006147,-0.274458715804308,0.643260304911956,-0.420487347915062,3.044526286201,1.56540199219018,-1.43984136519432,1.0297066567498,1.31064396054364,-0.488278885185423,1.20319799192237,1.34237900899636,1.4039412755758,-0.0225830764285883,1.14001752792857,0,1
0.0049123146617683,-0.91998843744384,-0.203640485666361,0.032203015854475,-0.683598474400773,-0.0614006444954018,-0.278294946006147,-0.69323697300238,-0.514861246999348,-0.420487347915062,0.865772956742419,-1.02928105532288,1.0547444275678,-0.510332459859458,-1.09740128634395,-0.488278885185423,0.121117619237636,0.3208096135382,0.162530695251511,-0.623789080413575,-0.493293969440142,0,0
-0.100904722346414,2.66526538565092,0.112861489805222,-1.34417842802286,-0.683598474400773,-0.0614006444954018,-0.278294946006147,-0.932538834258422,2.61206694316117,-0.420487347915062,-0.581055426101167,1.22120934303029,-1.40420442529772,0.36968989248869,2.3426633520669,0.963082541396573,0.842504534360795,0.703898136835012,0.990137748801035,0.411621259782791,1.14001752792857,0,0
-0.735806944395509,0.0601117296570345,-0.176402050425114,0.623428239047038,2.25597699204045,-0.0614006444954018,-0.278294946006147,0.981876055789911,-0.283236936617087,-0.420487347915062,-0.223603707986869,0.585776759965862,-0.798376447055488,-0.0153198866636243,0.278624569020388,0.963082541396573,-1.56211851604973,-0.956152130784506,-1.21681439399769,0.311420259118627,-0.493293969440142,0,0
-0.841623981403692,0.22940174472723,0.115792065213852,-1.10596274481427,-0.683598474400773,-0.0614006444954018,-0.278294946006147,0.0844940760797547,-0.746485557381608,-0.420487347915062,-0.121474645668498,-0.579182975652249,-0.0143637693302521,-1.22535062114233,-0.0653818948206978,-0.488278885185423,-0.419922567104733,-0.189975084190882,-0.389207340448171,-0.623789080413575,1.14001752792857,0,0
0.745631573719046,1.88114375668544,-0.182409320168066,0.829563712734046,-0.683598474400773,-0.0614006444954018,-0.278294946006147,0.503272333277827,0.0641995289563043,-0.420487347915062,2.17642925649484,0.87701669387039,0.235094809945959,2.18473599420675,0.966637496702558,-0.488278885185423,0.962735686881321,1.4062270962125,1.12807225772596,0.61202326111112,-0.493293969440142,0,0
1.16889972175178,-0.91998843744384,-0.203640485666361,-1.16642208009448,-0.683598474400773,-0.0614006444954018,-0.278294946006147,0.682748729219859,-0.978109867763869,0.326396080410705,0.678536342492073,1.11530391251955,-0.798376447055488,1.08470805377156,0.278624569020388,0.963082541396573,0.541926653059479,0.767746224051147,0.714268730951194,-0.590388746858854,1.14001752792857,0,0
-0.206721759354597,1.51609868631154,-0.203640485666361,1.39655264995047,0.568937388728963,-0.0614006444954018,-0.278294946006147,0.263970472021786,0.0641995289563043,-0.420487347915062,0.355127645150565,1.06235119726418,-0.228185408709862,1.85472761207619,0.966637496702558,-0.488278885185423,0.842504534360795,0.512353875186606,0.576334222026273,0.979426930213056,-0.493293969440142,0,0
-0.312538796362779,1.85875708848099,0.43346948973236,-0.675048231505105,-0.683598474400773,-0.0614006444954018,-0.278294946006147,-0.453935111746339,-0.283236936617087,-0.420487347915062,0.0657619685818479,0.744634905731968,0.0925470503595527,1.68972342101091,1.31064396054364,-0.488278885185423,3.06678085599053,1.53392327064477,1.12807225772596,3.88525594947383,-0.493293969440142,0,1
0.851448610727229,1.20047983557,-0.115244057141676,-0.169457960039352,-0.683598474400773,-0.0614006444954018,-0.278294946006147,0.443446867963817,0.527448149720826,-0.420487347915062,1.6147194137438,0.903493051498074,-0.798376447055488,0.644696877597487,-0.753394822502868,-0.488278885185423,0.481811076799215,0.895442398483418,0.714268730951194,-0.0893837435380313,1.14001752792857,0,0
1.48635083277632,-0.136313293696659,-0.203640485666361,-0.913268776093376,0.995291314959258,-0.0614006444954018,-0.278294946006147,-1.17184069551446,1.22232108086761,-0.420487347915062,0.508321238628121,0.479871329455125,-0.370733168296268,0.42469128951045,1.31064396054364,0.963082541396573,1.14308241566211,0.767746224051147,1.05910500326349,0.37822092622807,1.14001752792857,0,0
-0.524172870379144,1.18898440264561,-0.133306713807843,-1.63587114130974,-0.412511671035029,-0.0614006444954018,-0.278294946006147,-0.57358604237436,-0.283236936617087,-0.420487347915062,-0.529990894941981,1.1947329854026,-1.0121980864351,0.919703862706283,0.622631032861473,-0.488278885185423,-0.17946026206368,0.3208096135382,-0.18230557706079,0.211219258454462,-0.493293969440142,0,0
-0.735806944395509,2.70100215658894,-0.0023751077574599,0.0335300326107683,0.867871984609454,-0.0614006444954018,-0.278294946006147,-1.35131709145649,0.874884615294217,-0.420487347915062,-1.39808792464813,0.87701669387039,-0.83401338695209,0.534694083553968,0.966637496702558,0.963082541396573,-0.119344685803417,0.0654172646736588,0.0935634407890512,0.0108172571261331,-0.493293969440142,0,0
-0.100904722346414,1.50674710057394,-0.203640485666361,0.377984208866483,-0.371666554008373,-0.0614006444954018,-0.278294946006147,0.443446867963817,-0.167424781425956,-0.420487347915062,-0.921485633829069,-0.473277545141512,0.734011968498382,0.149684304401653,-0.753394822502868,-0.488278885185423,0.121117619237636,0.448505787970471,0.369432458638892,-0.423387079085246,-0.493293969440142,0,0
-2.11142842550188,-0.91998843744384,-0.203640485666361,0.0255993736581213,-0.683598474400773,-0.0614006444954018,-0.278294946006147,-1.11201523020045,-0.167424781425956,-0.420487347915062,0.321084624377775,-0.976328340067515,-0.0143637693302521,-2.05037157646872,-0.753394822502868,0.963082541396573,-1.32165621100868,-1.21154447964905,-1.42371615738507,-0.623789080413575,1.14001752792857,0,0
1.48635083277632,-0.0700192281613083,-0.203640485666361,-0.460276044671632,0.408949615707461,-0.0614006444954018,-0.278294946006147,-0.992364299572432,0.180011684147435,-0.420487347915062,-0.308711259918845,0.506347687082809,-0.370733168296268,0.479692686532209,-0.0653818948206978,-0.488278885185423,0.722273381840268,0.959290485699553,0.990137748801035,0.244619592009184,1.14001752792857,0,0
-1.05325805542006,-0.91998843744384,-0.203640485666361,-1.63587114130974,1.15274649538024,-0.0614006444954018,-0.278294946006147,-1.4111425567705,0.527448149720826,-0.420487347915062,0.218955562059404,-0.446801187513828,-0.299459288503065,-1.39035481220761,-0.0653818948206978,-0.488278885185423,-0.17946026206368,-0.892304043568371,-0.871978121685393,0.578622927556398,1.14001752792857,0,0
1.06308268474359,0.373442978980267,-0.203640485666361,-1.18863386373936,-0.683598474400773,-0.0614006444954018,-0.278294946006147,-0.334284181118318,-0.746485557381608,-0.420487347915062,0.33810613476417,-0.552706618024565,0.555827269015374,-0.290326871772421,0.966637496702558,-0.488278885185423,0.842504534360795,1.02313857291569,0.990137748801035,-0.623789080413575,1.14001752792857,0,0
-1.26489212943642,-0.91998843744384,-0.087483194245533,0.291068510925208,-0.683598474400773,-0.0614006444954018,-0.278294946006147,-0.274458715804308,-0.399049091808217,-0.420487347915062,0.984923529447185,-1.18813920108899,0.555827269015374,-1.61036040029464,-1.09740128634395,-0.488278885185423,-0.900847177186839,-0.892304043568371,-1.07887988507277,-0.590388746858854,-0.493293969440142,0,0
-1.05325805542006,-0.395914142161018,-0.203640485666361,-0.911022329046747,-0.683598474400773,-0.0614006444954018,1.43970532968572,-0.812887903630401,-0.283236936617087,-0.358247062221248,0.0146974374226627,-0.367372114630775,-0.121274589020057,-0.950343636033532,-0.753394822502868,0.963082541396573,-0.960962753447102,-0.892304043568371,-0.940945376147853,-0.389986745530525,-0.493293969440142,0,0
0.110729351669951,-0.91998843744384,-0.150890155718345,-1.05248574970993,-0.683598474400773,-0.0614006444954018,-0.278294946006147,0.622923263905848,-1.093922022955,0.575357223185961,0.167891030900219,-1.37347370448278,1.2329291270508,-0.950343636033532,-1.09740128634395,-0.488278885185423,0.0610020429773727,0.193113439105929,0.0245961863265909,-0.657189413968297,-0.493293969440142,0,0
-0.629989907387327,-0.91998843744384,-0.203640485666361,0.114285033489666,-0.683598474400773,-0.0614006444954018,-0.278294946006147,0.682748729219859,-1.093922022955,1.38448093720554,-0.121474645668498,-1.26756827397204,0.91219666798139,-1.22535062114233,-0.753394822502868,-0.488278885185423,-0.419922567104733,-0.317671258623153,-0.458174594910631,-0.657189413968297,-0.493293969440142,0,0
0.533997499702681,1.73942446303214,-0.129731463588054,-0.103270170800658,-0.398731634410217,-0.0614006444954018,-0.278294946006147,0.682748729219859,-0.399049091808217,-0.420487347915062,-0.512969384555586,-0.685088406162987,1.126018307361,0.314688495466931,-1.09740128634395,-0.488278885185423,0.602042229319742,0.703898136835012,0.645301476488733,-0.423387079085246,-0.493293969440142,0,0
0.851448610727229,1.60110669540699,-0.0775235475507147,-0.589790753669413,-0.683598474400773,-0.0614006444954018,-0.278294946006147,0.443446867963817,0.180011684147435,-0.420487347915062,1.35939675794788,0.797587620987337,-0.798376447055488,0.42469128951045,-1.44140775018504,-0.488278885185423,0.481811076799215,0.895442398483418,0.714268730951194,-0.222985077756917,1.14001752792857,0,0
-0.206721759354597,1.99769435213394,-0.203640485666361,0.718145017439469,-0.683598474400773,-0.0614006444954018,-0.278294946006147,0.323795937335796,-0.0516126262348262,-0.420487347915062,-0.921485633829069,-0.1555612536093,0.484553389222171,0.42469128951045,-0.0653818948206978,0.963082541396573,0.481811076799215,0.576201962402741,0.507366967563813,-0.356586411975803,-0.493293969440142,0,0
-0.312538796362779,-0.287296580359687,-0.150890155718345,-1.63587114130974,-0.683598474400773,-0.0614006444954018,-0.278294946006147,0.981876055789911,-0.978109867763869,-0.296006776527434,0.440235197082541,1.27416205828566,-0.905287266745293,1.24971224483684,0.966637496702558,0.963082541396573,-0.419922567104733,-0.0622789097586118,-0.25127283152325,-0.523588079749411,-0.493293969440142,0,0
1.06308268474359,-0.579657564209242,-0.203640485666361,0.717692419494046,2.81608455790948,-0.0614006444954018,-0.278294946006147,-1.17184069551446,1.91719401201439,-0.420487347915062,-0.972550164988255,1.85664192609471,-1.43984136519432,1.63472202398915,0.966637496702558,-0.488278885185423,0.421695500538952,-0.253823171407018,0.0245961863265909,1.17982893154139,-0.493293969440142,0,0
0.639814536710864,-0.0618464271221829,-0.203640485666361,1.13355963368933,1.15482381417297,-0.0614006444954018,-0.278294946006147,-0.992364299572432,-0.167424781425956,0.139675223329264,-0.802335061124304,0.426918614199756,-0.19254846881326,0.589695480575728,0.622631032861473,-0.488278885185423,0.481811076799215,0.0654172646736588,0.0935634407890512,0.344820592673348,-0.493293969440142,0,0
-1.26489212943642,0.134497982600887,-0.203640485666361,1.57274852997614,-0.141424900172591,-0.0614006444954018,-0.278294946006147,0.323795937335796,0.180011684147435,0.0151946519416356,-0.0193455833501277,1.16825662777492,-1.33293054550451,0.36968989248869,0.966637496702558,2.41444396797857,-0.660384872145786,-0.445367433055424,-0.665076358298012,-0.222985077756917,-0.493293969440142,0,0
0.216546388678133,-0.91998843744384,-0.203640485666361,0.176250871860758,1.8425651997084,-0.0614006444954018,-0.278294946006147,-1.35131709145649,0.759072460103087,-0.420487347915062,-0.0363670937365228,0.982922124381127,-1.29729360560791,0.0396815103581349,0.278624569020388,2.41444396797857,-0.600269295885523,-0.956152130784506,-0.665076358298012,1.28002993220555,-0.493293969440142,0,0
-2.32306249951825,-0.0254158934583887,-0.191209738728614,1.66355854277909,0.274635781589017,-0.0614006444954018,-0.278294946006147,1.16135245173194,0.411635994529696,-0.420487347915062,-0.240625218373264,2.70388537018061,-1.0121980864351,4.05478349294656,0.966637496702558,-0.488278885185423,-1.56211851604973,-1.72232917737813,-1.83751968415984,0.511822260446955,-2.12660546680886,0,0
1.27471675875996,-0.607808385155657,-0.203640485666361,0.0912377220713312,-0.683598474400773,-0.0614006444954018,-0.278294946006147,0.0246686107657443,-0.746485557381608,-0.296006776527434,0.559385769787307,-1.16166284346131,1.69620934570663,0.204685701423413,-0.409388358661783,-0.488278885185423,1.56389144948395,1.53392327064477,1.61084303896318,-0.523588079749411,1.14001752792857,0,0
0.428180462694498,-0.91998843744384,-0.203640485666361,-0.0015741998882535,1.44278604150824,-0.0614006444954018,1.27111649744277,-1.17184069551446,0.180011684147435,-0.420487347915062,-0.717227509192328,0.638729475221231,-1.0834719662283,-0.34532826879418,0.622631032861473,-0.488278885185423,0.0008864667171094,-0.445367433055424,-0.18230557706079,0.445021593337513,1.14001752792857,0,0
0.639814536710864,3.39723325757275,-0.203640485666361,-0.356336214785234,-0.683598474400773,-0.0614006444954018,-0.278294946006147,0.383621402649807,-0.630673402190478,-0.420487347915062,-1.36404490387534,-0.658612048535303,1.126018307361,0.36968989248869,-0.0653818948206978,-0.488278885185423,0.662157805580005,1.02313857291569,0.921170494338574,-0.523588079749411,-0.493293969440142,0,0
-0.524172870379144,-0.91998843744384,-0.184999859371825,0.219511065527434,-0.683598474400773,-0.0614006444954018,-0.278294946006147,1.28100338235996,-0.746485557381608,3.18944922232615,-0.700205998805933,-1.45290277736583,1.0547444275678,-1.39035481220761,-1.09740128634395,-0.488278885185423,-0.780616024666313,-0.509215520271559,-0.665076358298012,-0.657189413968297,-2.12660546680886,0,0
-1.15907509242824,0.105143368524161,-0.203640485666361,1.67247592191057,0.194869255704061,-0.0614006444954018,-0.278294946006147,-0.453935111746339,-0.514861246999348,-0.420487347915062,-0.274668239146055,-0.0761321807262468,-0.299459288503065,-0.620335253902976,0.622631032861473,-0.488278885185423,0.0008864667171094,-0.445367433055424,-0.527141849373091,0.478421926892234,1.14001752792857,0,0
0.0049123146617683,-0.91998843744384,-0.203640485666361,1.86152431053432,-0.683598474400773,-0.0614006444954018,-0.278294946006147,-0.753062438316391,-0.399049091808217,-0.420487347915062,1.24024618524311,-0.923375624812146,0.734011968498382,-0.785339444968254,-1.09740128634395,-0.488278885185423,-0.17946026206368,-0.126126996974747,-0.32024008598571,-0.590388746858854,-0.493293969440142,0,0
-0.418355833370962,1.16693735855437,0.0863533013303928,-0.19265429547789,-0.683598474400773,-0.0614006444954018,-0.278294946006147,-0.274458715804308,-0.399049091808217,-0.420487347915062,0.763643894424048,1.30063841591334,-1.1191089061249,0.974705259728042,0.966637496702558,-0.488278885185423,-0.419922567104733,0.384657700754335,-0.0443710681358694,0.144418591345019,-0.493293969440142,0,0
1.69798490679269,-0.91998843744384,-0.203640485666361,0.926323319809899,-0.683598474400773,-0.0614006444954018,-0.278294946006147,-0.453935111746339,-0.399049091808217,-0.23376649083362,0.814708425583234,-0.843946551929093,1.26856606694741,0.204685701423413,-0.753394822502868,-0.488278885185423,1.26331356818264,1.27853092178023,1.33497402111334,-0.523588079749411,1.14001752792857,0,0
0.533997499702681,1.28407199823953,-0.186934821978704,0.0269159332020135,0.346617245622969,-0.0614006444954018,-0.278294946006147,0.802399659847879,0.0641995289563043,-0.420487347915062,-0.478926363782796,0.929969409125759,-0.762739507158886,0.754699671641005,-0.753394822502868,-0.488278885185423,0.602042229319742,0.640050049618876,0.921170494338574,1.0462275973225,1.14001752792857,0,0
1.48635083277632,0.558759175996333,-0.203640485666361,0.117209275774862,-0.683598474400773,-0.0614006444954018,-0.278294946006147,-0.453935111746339,-0.630673402190478,-0.420487347915062,-0.0533886041229178,-0.658612048535303,1.26856606694741,0.589695480575728,-0.753394822502868,-0.488278885185423,1.14308241566211,1.21468283456409,1.19703951218842,-0.556988413304132,-0.493293969440142,0,0
0.957265647735411,1.10293830340651,0.302340673308756,-1.07628786901469,-0.163545577658659,-0.0614006444954018,-0.278294946006147,0.323795937335796,-0.630673402190478,-0.358247062221248,-0.666162978033143,1.06235119726418,-1.1547458460215,0.42469128951045,0.966637496702558,-0.488278885185423,0.722273381840268,0.895442398483418,0.990137748801035,-0.456787412639968,1.14001752792857,0,0
-1.26489212943642,-0.169644678306886,-0.0368151770509089,-0.252134080239947,-0.683598474400773,-0.0614006444954018,-0.278294946006147,-0.214633250490297,-0.399049091808217,-0.420487347915062,0.287041603604985,-0.182037611236984,0.520190329118772,0.42469128951045,-0.0653818948206978,-0.488278885185423,-0.780616024666313,-0.381519345839288,-0.734043612760472,-0.156184410647474,-2.12660546680886,0,0
-0.735806944395509,0.138027635751491,-0.203640485666361,0.315256043208753,-0.683598474400773,-0.0614006444954018,-0.278294946006147,-0.812887903630401,-0.167424781425956,-0.420487347915062,0.525342749014517,0.294536826061334,0.840922788188187,1.90972900909795,-0.409388358661783,-0.488278885185423,-0.600269295885523,-0.126126996974747,-0.32024008598571,-0.389986745530525,-2.12660546680886,0,0
-0.735806944395509,-0.91998843744384,-0.203640485666361,0.753060180740364,1.98060693550722,-0.0614006444954018,-0.278294946006147,1.04170152110392,-0.0516126262348262,-0.420487347915062,-1.1597867792386,-0.0231794654708781,-0.798376447055488,-1.28035201816409,1.31064396054364,-0.488278885185423,-0.480038143364997,-1.02000021800064,-0.803010867222932,0.311420259118627,1.14001752792857,0,0
-0.312538796362779,-0.380828848728902,0.0660722862267147,-1.63587114130974,-0.683598474400773,-0.0614006444954018,-0.278294946006147,0.144319541393765,-0.630673402190478,-0.420487347915062,1.54663337219822,0.797587620987337,-1.36856748540111,-0.455331062837698,0.622631032861473,-0.488278885185423,-0.17946026206368,0.0015691774575234,-0.18230557706079,-0.556988413304132,1.14001752792857,0,0
0.957265647735411,-0.47004922346341,-0.203640485666361,0.853378282766606,1.05145345244374,-0.0614006444954018,-0.278294946006147,-1.17184069551446,0.411635994529696,-0.358247062221248,0.746622384037653,0.321013183689018,-0.19254846881326,0.36968989248869,1.65465042438473,-0.488278885185423,0.541926653059479,0.512353875186606,0.576334222026273,-0.122784077092753,1.14001752792857,0,0
-0.312538796362779,0.817921125217681,-0.203640485666361,0.367219050795935,-0.683598474400773,-0.0614006444954018,-0.278294946006147,-1.29149162614248,0.0641995289563043,-0.420487347915062,0.746622384037653,-0.790993836673724,0.876559728084789,-0.290326871772421,-1.09740128634395,-0.488278885185423,-0.17946026206368,0.384657700754335,0.300465204176432,-0.323186078421082,-0.493293969440142,0,0
-0.524172870379144,-0.91998843744384,-0.203640485666361,0.211344752069242,-0.683598474400773,-0.0614006444954018,-0.278294946006147,1.22117791704595,-0.862297712572739,3.00272836524471,-0.802335061124304,-1.61176092313194,1.0547444275678,-1.72036319433816,-1.09740128634395,-0.488278885185423,-0.600269295885523,-0.445367433055424,-0.665076358298012,-0.690589747523018,-0.493293969440142,0,0
0.110729351669951,-0.194404947602715,-0.203640485666361,-0.130535935691143,0.715396050648332,-0.0614006444954018,-0.278294946006147,-0.992364299572432,0.180011684147435,-0.420487347915062,1.18918165408393,0.585776759965862,-1.19038278591811,-0.620335253902976,0.278624569020388,2.41444396797857,0.301464348018426,0.129265351889794,0.231497949713972,0.177818924899741,1.14001752792857,0,0
-0.735806944395509,0.724667439147265,-0.203640485666361,0.0701754273895995,-0.683598474400773,-0.0614006444954018,-0.278294946006147,-1.11201523020045,-0.167424781425956,-0.420487347915062,-0.0363670937365228,0.347489541316703,-0.40637010819287,0.0946829073798942,-0.0653818948206978,-0.488278885185423,-0.299691414584207,0.0015691774575234,-0.32024008598571,-0.323186078421082,-0.493293969440142,0,0
1.69798490679269,0.589658395786036,-0.203640485666361,1.49612479250078,-0.683598474400773,-0.0614006444954018,-0.278294946006147,-1.4111425567705,0.411635994529696,-0.420487347915062,1.24024618524311,-0.473277545141512,1.37547688663721,1.13970945079332,-0.753394822502868,-0.488278885185423,1.26331356818264,1.4062270962125,1.33497402111334,-0.456787412639968,-0.493293969440142,0,0
-0.629989907387327,-0.91998843744384,-0.203640485666361,-0.404393855741114,-0.683598474400773,-0.0614006444954018,-0.278294946006147,-0.57358604237436,-0.514861246999348,-0.109285919445992,-0.070410114509313,-1.39995006211046,1.0903813674644,-1.22535062114233,-1.09740128634395,-0.488278885185423,0.0008864667171094,0.0015691774575234,-0.11333832259833,-0.623789080413575,-0.493293969440142,0,0
0.533997499702681,1.58186441395535,-0.203640485666361,0.341454892642699,0.694633588812024,-0.0614006444954018,-0.278294946006147,0.682748729219859,0.180011684147435,-0.420487347915062,-0.189560687214079,1.64483106507324,-1.36856748540111,1.3047136418586,0.278624569020388,-0.488278885185423,0.722273381840268,0.640050049618876,1.4039412755758,1.28002993220555,1.14001752792857,0,0
-0.735806944395509,-0.63840065109902,-0.203640485666361,-0.467476237610207,-0.683598474400773,-0.0614006444954018,-0.278294946006147,-0.453935111746339,-0.746485557381608,0.326396080410705,0.082783478968243,-0.843946551929093,0.448916449325569,-1.06034643007705,-0.753394822502868,-0.488278885185423,-0.299691414584207,-0.253823171407018,-0.32024008598571,-0.657189413968297,1.14001752792857,0,0
-0.947441018411874,1.18898440264561,-0.203640485666361,-0.177407644823257,-0.683598474400773,-0.0614006444954018,-0.278294946006147,-0.334284181118318,0.759072460103087,-0.420487347915062,2.22749378765403,0.373965898944387,-1.1547458460215,-1.00534503305529,0.966637496702558,-0.488278885185423,-0.54015371962526,-0.381519345839288,-0.527141849373091,-0.222985077756917,1.14001752792857,0,0
0.428180462694498,-0.91998843744384,-0.203640485666361,0.283665329154608,-0.683598474400773,-0.0614006444954018,-0.278294946006147,0.383621402649807,-1.093922022955,1.13551979443029,-0.342754280691635,-1.55880820787657,1.58929852601682,-0.785339444968254,-1.09740128634395,-0.488278885185423,0.481811076799215,0.640050049618876,0.507366967563813,-0.690589747523018,-0.493293969440142,0,0
-0.524172870379144,0.76718983968504,-0.0981398278785846,-1.63587114130974,-0.683598474400773,-0.0614006444954018,-0.278294946006147,0.204145006707776,-0.399049091808217,-0.296006776527434,0.984923529447185,0.26806046843365,-0.940924206641895,-0.895342239011772,-0.753394822502868,-0.488278885185423,-0.17946026206368,-0.0622789097586118,-0.18230557706079,-0.456787412639968,1.14001752792857,0,0
-0.524172870379144,-0.91998843744384,-0.203640485666361,0.584697382334227,-0.683598474400773,-0.0614006444954018,-0.278294946006147,-1.35131709145649,0.295823839338565,-0.420487347915062,1.24024618524311,0.45339497182744,0.591464208911976,1.85472761207619,0.622631032861473,-0.488278885185423,-0.0592291095431538,0.0654172646736588,0.0245961863265909,-0.490187746194689,-2.12660546680886,0,0
0.216546388678133,0.957728222082612,-0.203640485666361,0.528358713349334,0.12093879592965,-0.0614006444954018,-0.278294946006147,1.10152698641793,-0.514861246999348,-0.420487347915062,-0.751270529965118,0.241584110805965,-0.0143637693302521,0.479692686532209,-0.409388358661783,-0.488278885185423,0.782388958100532,0.703898136835012,0.714268730951194,-0.189584744202196,1.14001752792857,0,0
0.0049123146617683,-0.91998843744384,-0.203640485666361,-0.0675323851155345,2.23149624950236,-0.0614006444954018,-0.278294946006147,-1.11201523020045,0.759072460103087,-0.420487347915062,-1.39808792464813,0.188631395550597,-0.513280927882675,-0.400329665815939,-0.0653818948206978,-0.488278885185423,-3.00489234629605,-1.53078491572972,-2.11338870200968,2.98344694349635,-2.12660546680886,0,1
-0.735806944395509,-0.705695357346732,-0.203640485666361,-0.153923928400442,-0.408146737059448,-0.0614006444954018,-0.278294946006147,-0.57358604237436,-0.630673402190478,0.824318365961217,-0.223603707986869,-0.817470194301409,0.377642569532366,-1.11534782709881,-0.0653818948206978,-0.488278885185423,-0.600269295885523,-0.509215520271559,-0.665076358298012,-0.623789080413575,-0.493293969440142,0,0
-0.206721759354597,-0.91998843744384,-0.203640485666361,0.234393812185302,-0.683598474400773,-0.0614006444954018,-0.278294946006147,-0.812887903630401,-0.399049091808217,-0.420487347915062,1.59769790335741,-0.711564763790671,0.448916449325569,-0.785339444968254,-0.409388358661783,0.963082541396573,-0.299691414584207,-0.0622789097586118,-0.25127283152325,-0.623789080413575,-0.493293969440142,0,0
0.533997499702681,0.59417829686287,-0.10264624155,0.0395278909409082,-0.29433732103061,-0.0614006444954018,-0.278294946006147,0.86222512516189,-0.0516126262348262,-0.420487347915062,-0.206582197600474,-0.685088406162987,1.126018307361,0.314688495466931,-0.753394822502868,-0.488278885185423,0.602042229319742,0.512353875186606,0.438399713101353,-0.423387079085246,-0.493293969440142,0,0
-0.947441018411874,-0.91998843744384,-0.203640485666361,-1.63587114130974,-0.683598474400773,-0.0614006444954018,-0.278294946006147,0.263970472021786,-0.746485557381608,0.0151946519416356,0.950880508674395,0.0032968921568063,-0.976561146538496,-1.50035760625112,-0.753394822502868,-0.488278885185423,-0.419922567104733,-0.381519345839288,-0.527141849373091,-0.623789080413575,1.14001752792857,0,0
-0.418355833370962,0.787122748326009,-0.0613110447244173,-0.160176851780885,1.23642804447848,-0.0614006444954018,1.12075180462779,-1.4111425567705,0.990696770485347,-0.420487347915062,-0.512969384555586,0.87701669387039,-0.83401338695209,0.534694083553968,0.966637496702558,-0.488278885185423,0.421695500538952,-0.445367433055424,-0.11333832259833,1.84783560263581,-0.493293969440142,0,0
0.322363425686316,0.953091876285257,-0.203640485666361,0.0912377220713312,-0.683598474400773,-0.0614006444954018,-0.278294946006147,0.802399659847879,-0.746485557381608,-0.420487347915062,-0.223603707986869,-0.632135690907618,1.0903813674644,0.36968989248869,-0.753394822502868,-0.488278885185423,0.722273381840268,0.831594311267282,0.714268730951194,-0.423387079085246,-0.493293969440142,0,0
-0.206721759354597,1.29813298271642,-0.18052365699211,-0.868898439162375,-0.683598474400773,-0.0614006444954018,-0.278294946006147,1.28100338235996,-0.283236936617087,-0.420487347915062,-1.22787282078418,-0.76451747904604,0.769648908394984,-0.400329665815939,0.622631032861473,-0.488278885185423,0.0610020429773727,0.193113439105929,0.0935634407890512,-0.623789080413575,-0.493293969440142,0,0
0.110729351669951,-0.91998843744384,-0.13642725984261,1.33747247759273,0.352638710591203,-0.0614006444954018,-0.278294946006147,1.10152698641793,1.10650892567648,-0.420487347915062,-1.38106641426174,-0.923375624812146,0.448916449325569,-1.22535062114233,-0.753394822502868,-0.488278885185423,-0.17946026206368,-0.509215520271559,-0.389207340448171,-0.423387079085246,1.14001752792857,0,0
-0.524172870379144,-0.91998843744384,-0.203640485666361,-0.0364525006410859,-0.683598474400773,-0.0614006444954018,-0.278294946006147,-1.35131709145649,0.0641995289563043,-0.420487347915062,0.695557852878468,0.45339497182744,0.591464208911976,1.85472761207619,0.278624569020388,0.963082541396573,-0.0592291095431538,-0.0622789097586118,-0.18230557706079,-0.590388746858854,-2.12660546680886,0,0
0.0049123146617683,1.06586895476454,-0.203640485666361,2.0263230531313,-0.683598474400773,-0.0614006444954018,-0.278294946006147,-0.932538834258422,0.180011684147435,-0.420487347915062,-0.138496156054893,0.479871329455125,-0.228185408709862,0.644696877597487,-0.409388358661783,-0.488278885185423,1.14308241566211,0.895442398483418,0.921170494338574,-0.122784077092753,1.14001752792857,0,0
-1.05325805542006,-0.91998843744384,-0.203640485666361,-1.63587114130974,-0.683598474400773,-0.0614006444954018,-0.278294946006147,-1.53079348739853,0.527448149720826,-0.420487347915062,1.17216014369753,-0.923375624812146,0.448916449325569,-1.22535062114233,-1.09740128634395,-0.488278885185423,-0.960962753447102,-0.828455956352235,-1.00991263061031,-0.590388746858854,-0.493293969440142,0,0
0.428180462694498,0.897555811017501,-0.203640485666361,0.249517249598166,-0.683598474400773,-0.0614006444954018,-0.278294946006147,-0.154807785176287,-0.862297712572739,0.824318365961217,-0.717227509192328,-0.94985198243983,1.0547444275678,-0.34532826879418,-0.753394822502868,-0.488278885185423,0.301464348018426,0.640050049618876,0.507366967563813,-0.590388746858854,-0.493293969440142,0,0
0.110729351669951,0.550161813207472,0.531797244764744,-0.473945754690983,-0.413637455543251,-0.0614006444954018,-0.278294946006147,1.22117791704595,1.45394539124987,-0.420487347915062,-1.21085131039779,-1.02928105532288,1.26856606694741,-0.180324077728902,-0.753394822502868,-0.488278885185423,0.121117619237636,-0.445367433055424,0.231497949713972,-0.590388746858854,-0.493293969440142,0,0
0.428180462694498,-0.312867562833495,-0.203640485666361,0.0435504552938011,-0.683598474400773,-0.0614006444954018,-0.278294946006147,-0.274458715804308,-0.746485557381608,0.0151946519416356,0.355127645150565,-1.02928105532288,1.0191074876712,-0.565333856881217,-0.753394822502868,-0.488278885185423,0.121117619237636,0.384657700754335,0.231497949713972,-0.623789080413575,-0.493293969440142,0,0
-1.15907509242824,0.47899272180593,-0.116161032038303,-0.184669706687375,1.11464807023103,-0.0614006444954018,-0.278294946006147,0.682748729219859,0.527448149720826,-0.420487347915062,-0.887442613056279,0.665205832848915,-0.727102567262285,0.259687098445172,0.278624569020388,0.963082541396573,-0.72050044840605,-0.7646078691361,-0.665076358298012,0.578622927556398,-0.493293969440142,0,0
-0.206721759354597,0.331822652049405,-0.203640485666361,0.0955127284279381,0.389117886039791,-0.0614006444954018,-0.278294946006147,-0.513760577060349,1.22232108086761,-0.420487347915062,0.082783478968243,1.85664192609471,-1.40420442529772,1.68972342101091,0.966637496702558,2.41444396797857,-0.17946026206368,0.0654172646736588,-0.18230557706079,0.578622927556398,-0.493293969440142,0,0
1.69798490679269,-0.0335174621896518,-0.203640485666361,0.203250030295949,-0.683598474400773,-0.0614006444954018,-0.278294946006147,-0.0351568545482661,-0.746485557381608,0.0774349376354496,0.201934051673009,-1.13518648583362,1.83875710529303,0.479692686532209,-0.0653818948206978,-0.488278885185423,1.26331356818264,1.47007518342864,1.47290853003826,-0.657189413968297,-0.493293969440142,0,0
0.322363425686316,1.16325310322759,-0.187098667110999,-0.263805448446023,-0.683598474400773,-0.0614006444954018,-0.278294946006147,0.981876055789911,-0.746485557381608,-0.420487347915062,-0.257646728759659,-0.685088406162987,1.0547444275678,0.204685701423413,-0.753394822502868,-0.488278885185423,0.722273381840268,0.640050049618876,0.576334222026273,-0.490187746194689,-0.493293969440142,0,0
1.27471675875996,0.556292545561461,-0.0805563838598278,-0.760793036423058,-0.683598474400773,-0.0614006444954018,-0.278294946006147,-0.63341150768837,0.180011684147435,-0.420487347915062,1.9721711318581,0.797587620987337,-0.691465627365683,0.589695480575728,-0.0653818948206978,0.963082541396573,0.722273381840268,1.02313857291569,0.990137748801035,-0.323186078421082,1.14001752792857,0,0
1.27471675875996,-0.169644678306886,-0.203640485666361,0.95863586131135,-0.683598474400773,-0.0614006444954018,-0.278294946006147,-0.394109646432328,-0.630673402190478,-0.109285919445992,0.882794467128814,-0.473277545141512,0.769648908394984,0.204685701423413,-0.409388358661783,-0.488278885185423,1.26331356818264,1.27853092178023,1.33497402111334,-0.490187746194689,1.14001752792857,0,0
2.65033823986633,1.07422166985068,-0.203640485666361,-0.53259183032523,-0.683598474400773,-0.0614006444954018,-0.278294946006147,0.263970472021786,-0.862297712572739,-0.420487347915062,-0.836378081897094,-0.94985198243983,2.26640038405225,1.52471922994563,-0.753394822502868,-0.488278885185423,1.50377587322369,2.17240414280612,2.02464656573794,-0.389986745530525,-2.12660546680886,0,0
-0.418355833370962,-0.256298565885277,-0.203640485666361,0.659007767587965,1.02261180634001,-0.0614006444954018,-0.278294946006147,-0.334284181118318,1.33813323605874,-0.420487347915062,1.51259035142543,1.43302020405176,-1.40420442529772,0.809701068662764,0.966637496702558,-0.488278885185423,-0.17946026206368,-0.445367433055424,-0.32024008598571,0.0442175906808546,-0.493293969440142,0,0
-2.74633064755098,0.674373737955255,-0.203640485666361,0.569296216748531,-0.683598474400773,-0.0614006444954018,-0.278294946006147,1.16135245173194,-0.862297712572739,-0.420487347915062,0.746622384037653,-0.526230260396881,0.342005629635764,-0.565333856881217,-0.409388358661783,-0.488278885185423,-1.44188736352921,-1.08384830521678,-1.56165066631,-0.222985077756917,-2.12660546680886,0,0
-0.206721759354597,1.45712877876094,-0.203640485666361,-0.402946773398959,-0.683598474400773,-0.0614006444954018,-0.278294946006147,1.34082884767397,-0.399049091808217,-0.420487347915062,-1.22787282078418,-0.76451747904604,0.769648908394984,-0.400329665815939,0.278624569020388,-0.488278885185423,0.0610020429773727,0.193113439105929,0.0935634407890512,-0.623789080413575,-0.493293969440142,0,0
1.38053379576814,0.315512425902535,0.0023779021565466,0.0729540031542261,-0.683598474400773,-0.0614006444954018,-0.278294946006147,-0.57358604237436,0.527448149720826,-0.420487347915062,2.22749378765403,1.75073649558397,-1.22601972581471,1.74472481803267,0.278624569020388,-0.488278885185423,0.722273381840268,1.08698666013182,0.990137748801035,-0.28978574486636,1.14001752792857,0,0
0.428180462694498,-0.91998843744384,-0.203640485666361,0.391604465714145,0.258526330529779,-0.0614006444954018,-0.278294946006147,0.682748729219859,-0.399049091808217,1.57120179428698,-0.138496156054893,0.559300402338178,-0.584554807675878,0.259687098445172,-0.0653818948206978,3.86580539456056,0.241348771758162,0.256961526322065,0.231497949713972,-0.28978574486636,1.14001752792857,0,0
0.639814536710864,2.9149437784514,-0.203640485666361,-0.309844427721054,-0.683598474400773,-0.0614006444954018,-0.278294946006147,0.383621402649807,-0.630673402190478,-0.420487347915062,-1.07467922730663,-0.658612048535303,1.126018307361,0.36968989248869,-0.753394822502868,-0.488278885185423,0.662157805580005,0.959290485699553,0.852203239876114,-0.523588079749411,-0.493293969440142,0,0
0.428180462694498,0.57625916121925,-0.203640485666361,0.433593635925712,-0.683598474400773,-0.0614006444954018,-0.278294946006147,-0.0949823198622764,-0.862297712572739,-0.358247062221248,-0.615098446873957,-0.923375624812146,1.0547444275678,-0.290326871772421,-1.44140775018504,0.963082541396573,0.541926653059479,0.703898136835012,0.645301476488733,-0.623789080413575,-0.493293969440142,0,0
1.06308268474359,-0.172969712417653,-0.203640485666361,-0.0860651885367197,-0.683598474400773,-0.0614006444954018,-0.278294946006147,-0.513760577060349,-0.514861246999348,0.388636366104519,0.644493321719282,0.559300402338178,-0.691465627365683,0.0946829073798942,0.278624569020388,-0.488278885185423,0.541926653059479,0.767746224051147,0.645301476488733,-0.623789080413575,1.14001752792857,0,0
-0.418355833370962,-0.211680767256161,-0.0855309713563689,-0.656208566606975,1.13731503078182,-0.0614006444954018,4.3655994114323,-1.82992081396858,1.45394539124987,-0.420487347915062,-1.39808792464813,0.400442256572072,-0.83401338695209,-0.455331062837698,-0.0653818948206978,-0.488278885185423,-1.26154063474842,-1.14769639243291,-1.42371615738507,0.779024928884727,-0.493293969440142,0,1
-1.05325805542006,-0.603510525575215,-0.203640485666361,-0.322706379286846,-0.683598474400773,-0.0614006444954018,-0.278294946006147,-1.4111425567705,0.295823839338565,-0.420487347915062,1.34237524756148,-0.685088406162987,0.484553389222171,-0.675336650924735,-0.753394822502868,-0.488278885185423,-0.660384872145786,-0.445367433055424,-0.734043612760472,-0.556988413304132,-0.493293969440142,0,0
0.0049123146617683,-0.480603818447213,-0.203640485666361,1.09884294758033,-0.401206598649119,-0.0614006444954018,-0.278294946006147,-0.0949823198622764,-0.746485557381608,-0.420487347915062,0.661514832105677,-0.499753902769196,0.662738088705179,-0.0153198866636243,-0.409388358661783,-0.488278885185423,0.0008864667171094,0.129265351889794,0.0245961863265909,-0.556988413304132,-0.493293969440142,0,0
-1.26489212943642,-0.124812828742003,-0.203640485666361,-0.536061246613459,-0.683598474400773,-0.0614006444954018,-0.278294946006147,-0.453935111746339,-0.399049091808217,-0.420487347915062,0.235977072445799,-1.29404463159973,0.769648908394984,-1.50035760625112,-1.09740128634395,-0.488278885185423,-0.54015371962526,-0.381519345839288,-0.527141849373091,-0.623789080413575,-0.493293969440142,0,0
-1.05325805542006,-0.214644380218091,-0.203640485666361,-0.660307549050491,-0.683598474400773,-0.0614006444954018,-0.278294946006147,-0.753062438316391,-0.283236936617087,-0.420487347915062,0.082783478968243,-0.579182975652249,0.163820930152756,-0.950343636033532,-0.409388358661783,0.963082541396573,-0.780616024666313,-0.700759781919965,-0.871978121685393,-0.556988413304132,-0.493293969440142,0,0
-0.629989907387327,-0.91998843744384,-0.203640485666361,0.275273923325135,-0.683598474400773,-0.0614006444954018,-0.278294946006147,-1.29149162614248,-0.0516126262348262,-0.420487347915062,0.678536342492073,-0.843946551929093,0.377642569532366,-1.17034922412057,-0.409388358661783,-0.488278885185423,-0.600269295885523,-0.317671258623153,-0.527141849373091,-0.623789080413575,-0.493293969440142,0,0
1.59216786978451,0.465577834843487,0.0851615449323652,-0.677680616139845,-0.683598474400773,-0.0614006444954018,-0.278294946006147,1.34082884767397,-0.746485557381608,-0.420487347915062,0.457256707468936,-0.0496558230985624,1.0547444275678,1.52471922994563,-1.09740128634395,-0.488278885185423,1.20319799192237,1.53392327064477,1.4039412755758,-0.323186078421082,-0.493293969440142,0,0
-0.947441018411874,0.201367848946437,-0.0634018052549087,-1.63587114130974,-0.683598474400773,-0.0614006444954018,-0.278294946006147,0.682748729219859,-0.862297712572739,-0.420487347915062,-0.138496156054893,-0.0761321807262468,-0.335096228399667,-0.675336650924735,-0.0653818948206978,-0.488278885185423,-0.54015371962526,-0.253823171407018,-0.389207340448171,-0.556988413304132,1.14001752792857,0,0
-0.206721759354597,-0.380828848728902,-0.0238319724764803,-1.63587114130974,-0.683598474400773,-0.0614006444954018,-0.278294946006147,0.0844940760797547,-0.283236936617087,-0.420487347915062,1.35939675794788,0.559300402338178,-1.0834719662283,-0.510332459859458,1.31064396054364,-0.488278885185423,0.0008864667171094,0.0015691774575234,-0.11333832259833,-0.423387079085246,1.14001752792857,0,0
-1.15907509242824,-0.204667811263902,-0.203640485666361,0.342853291240164,1.15534386706971,-0.0614006444954018,-0.278294946006147,-1.17184069551446,0.0641995289563043,-0.420487347915062,-0.649141467646747,-0.0231794654708781,-0.691465627365683,-1.11534782709881,-0.0653818948206978,-0.488278885185423,-0.840731600926576,-1.33924065408132,-1.35474890292261,0.445021593337513,-0.493293969440142,0,0
-0.418355833370962,1.16121191957291,-0.203640485666361,-0.676366224981133,1.09984765731951,-0.0614006444954018,-0.278294946006147,-1.11201523020045,0.874884615294217,-0.420487347915062,-0.427861832623611,0.559300402338178,-0.40637010819287,0.534694083553968,-0.753394822502868,0.963082541396573,1.26331356818264,0.576201962402741,0.645301476488733,0.745624595330006,1.14001752792857,0,0
1.06308268474359,0.562474634968084,-0.203640485666361,0.7074423927996,-0.683598474400773,-0.0614006444954018,-0.278294946006147,-0.154807785176287,-0.514861246999348,-0.420487347915062,0.542364259400912,0.612253117593546,-0.584554807675878,0.36968989248869,0.622631032861473,-0.488278885185423,0.722273381840268,0.959290485699553,0.852203239876114,-0.523588079749411,1.14001752792857,0,0
-0.524172870379144,0.806058278223986,-0.203640485666361,0.751429520110942,0.425729382447294,-0.0614006444954018,-0.278294946006147,-1.4111425567705,0.874884615294217,-0.420487347915062,2.84026816156425,0.718158548104284,-0.335096228399667,0.974705259728042,0.278624569020388,-0.488278885185423,-0.299691414584207,-0.126126996974747,-0.25127283152325,0.177818924899741,-0.493293969440142,0,0
0.745631573719046,2.26071399736351,-0.203640485666361,1.66355854277909,-0.683598474400773,-0.0614006444954018,-0.278294946006147,0.323795937335796,-0.630673402190478,-0.420487347915062,0.882794467128814,-0.0761321807262468,0.591464208911976,0.754699671641005,-0.0653818948206978,-0.488278885185423,1.56389144948395,1.27853092178023,1.47290853003826,0.144418591345019,1.14001752792857,0,0
1.16889972175178,-0.91998843744384,-0.203640485666361,-1.28890730402569,-0.683598474400773,-0.0614006444954018,-0.278294946006147,1.46047977830199,-1.32554633333726,0.0774349376354496,0.287041603604985,-1.24109191634436,1.48238770632702,-0.290326871772421,-1.09740128634395,-0.488278885185423,0.602042229319742,0.767746224051147,0.645301476488733,-0.657189413968297,-0.493293969440142,0,0
-0.947441018411874,-0.113827400935568,-0.13642725984261,-1.63587114130974,-0.683598474400773,-0.0614006444954018,-0.278294946006147,0.443446867963817,-0.746485557381608,-0.23376649083362,1.03598806060637,0.0827259650398594,-0.976561146538496,-1.33535341518585,0.966637496702558,-0.488278885185423,-0.54015371962526,-0.317671258623153,-0.458174594910631,-0.523588079749411,1.14001752792857,0,0
1.69798490679269,-0.456439680375328,-0.203640485666361,0.928671820855812,-0.683598474400773,-0.0614006444954018,-0.278294946006147,-0.154807785176287,-0.862297712572739,0.326396080410705,-0.189560687214079,-1.0028046976952,1.91003098508624,0.864702465684524,-1.09740128634395,-0.488278885185423,1.62400702574422,1.66161944507704,1.67981029342564,-0.590388746858854,-0.493293969440142,0,0
2.33288712884178,0.556292545561461,-0.168473599737102,-0.760793036423058,-0.683598474400773,-0.0614006444954018,-0.278294946006147,0.204145006707776,-0.862297712572739,-0.420487347915062,-0.138496156054893,-0.208513968864669,1.1616552472576,1.35971503888036,-0.409388358661783,2.41444396797857,1.50377587322369,1.98085988115772,1.88671205681302,-0.423387079085246,-0.493293969440142,0,0
0.0049123146617683,-0.131015450855046,-0.104970213013173,0.546590915631433,-0.683598474400773,-0.0614006444954018,-0.278294946006147,0.802399659847879,-1.093922022955,1.01103922304266,-0.070410114509313,-1.0028046976952,1.0547444275678,-0.455331062837698,-0.753394822502868,-0.488278885185423,-0.17946026206368,0.129265351889794,-0.18230557706079,-0.590388746858854,-0.493293969440142,0,0
-0.206721759354597,0.0407480473143566,-0.203640485666361,2.08476232777248,0.0573583638995888,-0.0614006444954018,-0.278294946006147,0.443446867963817,1.45394539124987,-0.420487347915062,-1.02361469614744,0.400442256572072,-0.513280927882675,0.0396815103581349,0.278624569020388,-0.488278885185423,0.181233195497899,-0.253823171407018,-0.11333832259833,-0.0225830764285883,-0.493293969440142,0,0
1.16889972175178,-0.91998843744384,-0.203640485666361,-1.29532631871614,-0.683598474400773,-0.0614006444954018,-0.278294946006147,1.46047977830199,-1.32554633333726,-0.0470456337521783,0.201934051673009,-1.24109191634436,1.48238770632702,-0.290326871772421,-1.09740128634395,-0.488278885185423,0.541926653059479,0.703898136835012,0.645301476488733,-0.657189413968297,-0.493293969440142,0,0
-0.735806944395509,-0.306236383690404,-0.203640485666361,-0.221067171102625,-0.420626738952323,-0.0614006444954018,-0.278294946006147,-0.872713368944412,-0.399049091808217,-0.23376649083362,0.474278217855331,-0.76451747904604,0.413279509428967,-0.950343636033532,-1.09740128634395,-0.488278885185423,-0.600269295885523,-0.381519345839288,-0.596109103835551,-0.590388746858854,-0.493293969440142,0,0
-0.947441018411874,0.85825236736952,-0.203640485666361,0.331721221412763,-0.683598474400773,-0.0614006444954018,-0.278294946006147,-0.69323697300238,-0.630673402190478,-0.0470456337521783,-0.819356571510699,-1.08223377057825,0.91219666798139,-0.840340841990013,-0.753394822502868,-0.488278885185423,-0.600269295885523,-0.317671258623153,-0.596109103835551,-0.590388746858854,-0.493293969440142,0,0
-1.15907509242824,0.805217119998556,-0.203640485666361,1.77289635772773,0.583586953797128,-0.0614006444954018,-0.278294946006147,-1.4111425567705,0.527448149720826,-0.420487347915062,-0.904464123442674,0.241584110805965,-0.584554807675878,-0.400329665815939,-0.753394822502868,-0.488278885185423,-0.660384872145786,-0.636911694703829,-0.734043612760472,-0.0559834099833098,-0.493293969440142,0,0
0.0049123146617683,-0.91998843744384,-0.203640485666361,0.503208662863487,1.80136374893756,-0.0614006444954018,-0.278294946006147,-0.394109646432328,1.33813323605874,-0.420487347915062,0.40619217630975,1.43302020405176,-1.40420442529772,0.809701068662764,0.966637496702558,0.963082541396573,-0.17946026206368,-0.509215520271559,-0.458174594910631,0.144418591345019,-0.493293969440142,0,0
-1.05325805542006,-0.139538294080091,-0.203640485666361,1.06273646646667,1.82437267677126,-0.0614006444954018,-0.278294946006147,-1.59061895271254,1.80138185682326,-0.420487347915062,1.35939675794788,0.638729475221231,-1.0834719662283,-0.34532826879418,0.966637496702558,-0.488278885185423,-0.54015371962526,-0.828455956352235,-0.871978121685393,0.244619592009184,-0.493293969440142,0,0
2.96778935089088,1.57539817920139,-0.203640485666361,1.24027643053845,-0.683598474400773,-0.0614006444954018,-0.278294946006147,0.802399659847879,-0.746485557381608,-0.420487347915062,-0.0023240729637326,0.0032968921568063,1.44675076643041,2.23973739122851,0.966637496702558,-0.488278885185423,2.58585624590843,2.36394840445453,2.57638460143762,-0.222985077756917,-0.493293969440142,0,1
0.851448610727229,0.0405655793223318,-0.183619072629314,1.02121940966715,0.859768390359195,-0.0614006444954018,-0.278294946006147,1.10152698641793,-0.283236936617087,-0.420487347915062,-0.342754280691635,-0.102608538353931,0.163820930152756,0.0396815103581349,0.622631032861473,-0.488278885185423,0.662157805580005,0.256961526322065,0.438399713101353,0.144418591345019,1.14001752792857,0,0
-1.26489212943642,0.537451587488619,0.160899254599872,1.38781367296099,-0.683598474400773,-0.0614006444954018,-0.278294946006147,-0.57358604237436,0.0641995289563043,-0.420487347915062,1.13811712292474,0.109202322667544,0.199457870049358,0.534694083553968,0.278624569020388,0.963082541396573,1.50377587322369,0.576201962402741,0.162530695251511,1.64743360130749,-0.493293969440142,0,0
0.216546388678133,-0.91998843744384,-0.203640485666361,0.157664977976613,0.983237723938405,-0.0614006444954018,-0.278294946006147,-0.69323697300238,-0.0516126262348262,0.824318365961217,0.287041603604985,0.956445766753443,-1.33293054550451,-0.0703212836853836,-0.409388358661783,0.963082541396573,0.0008864667171094,-0.253823171407018,-0.0443710681358694,0.211219258454462,1.14001752792857,0,0
-0.629989907387327,-0.91998843744384,-0.203640485666361,-0.566331239223124,-0.683598474400773,-0.0614006444954018,-0.278294946006147,-0.513760577060349,-0.630673402190478,-0.171526205139806,-0.155517666441289,-1.39995006211046,1.0903813674644,-1.22535062114233,-1.09740128634395,-0.488278885185423,0.0008864667171094,0.0015691774575234,-0.11333832259833,-0.657189413968297,1.14001752792857,0,0
0.110729351669951,0.435860585861878,-0.203640485666361,1.17704743785201,0.187803817048922,-0.0614006444954018,-0.278294946006147,-0.812887903630401,-0.167424781425956,-0.420487347915062,0.780665404810443,-0.367372114630775,0.448916449325569,-0.0703212836853836,-0.753394822502868,-0.488278885185423,0.241348771758162,0.384657700754335,0.231497949713972,-0.356586411975803,-0.493293969440142,0,0
-0.524172870379144,-0.185980191038016,-0.142442958388368,0.902151665701706,-0.683598474400773,-0.0614006444954018,-0.278294946006147,1.22117791704595,-0.283236936617087,2.31808522261275,-0.887442613056279,-1.26756827397204,1.0547444275678,-1.00534503305529,-0.753394822502868,-0.488278885185423,-0.600269295885523,-0.445367433055424,-0.596109103835551,-0.657189413968297,-2.12660546680886,0,0
-1.05325805542006,0.845218144646536,-0.203640485666361,-1.63587114130974,-0.11635054975617,-0.0614006444954018,-0.278294946006147,-1.11201523020045,-0.0516126262348262,-0.420487347915062,-0.444883343010006,-0.34089575700309,-0.19254846881326,-1.00534503305529,0.278624569020388,-0.488278885185423,0.241348771758162,-0.253823171407018,-0.18230557706079,0.244619592009184,1.14001752792857,0,0
-1.89979435148552,-0.91998843744384,-0.203640485666361,1.26762697229468,-0.683598474400773,-0.0614006444954018,-0.278294946006147,1.16135245173194,-1.093922022955,-0.420487347915062,0.712579363264863,-1.26756827397204,0.342005629635764,-2.10537297349048,-1.09740128634395,-0.488278885185423,-1.26154063474842,-1.21154447964905,-1.42371615738507,-0.657189413968297,-0.493293969440142,0,0
1.16889972175178,-0.91998843744384,-0.203640485666361,-1.28331112156319,-0.683598474400773,-0.0614006444954018,-0.278294946006147,1.40065431298798,-1.32554633333726,-0.109285919445992,0.201934051673009,-1.26756827397204,1.51802464622362,-0.290326871772421,-1.09740128634395,-0.488278885185423,0.481811076799215,0.703898136835012,0.576334222026273,-0.657189413968297,-0.493293969440142,0,0
1.69798490679269,-0.91998843744384,-0.203640485666361,-0.214165655735638,-0.683598474400773,-0.0614006444954018,-0.278294946006147,0.622923263905848,-0.978109867763869,0.388636366104519,0.37214915553696,-0.738041121418356,0.876559728084789,-0.180324077728902,0.278624569020388,-0.488278885185423,0.902620110621058,1.21468283456409,1.12807225772596,-0.657189413968297,1.14001752792857,0,0
-0.629989907387327,-0.0337763715258962,-0.203640485666361,0.407000035467117,-0.683598474400773,-0.0614006444954018,-0.278294946006147,-0.932538834258422,-0.167424781425956,-0.420487347915062,0.167891030900219,-0.234990326492353,0.448916449325569,0.204685701423413,-0.753394822502868,-0.488278885185423,-0.54015371962526,0.0654172646736588,-0.25127283152325,-0.0893837435380313,-0.493293969440142,0,0
1.06308268474359,2.26739612897388,0.859345143123565,-0.901124210282665,-0.683598474400773,-0.0614006444954018,-0.278294946006147,-0.394109646432328,-0.399049091808217,-0.420487347915062,-1.39808792464813,0.056249607412175,0.769648908394984,1.3047136418586,-0.753394822502868,-0.488278885185423,2.40550951712764,2.55549266610294,2.71431911036254,-0.323186078421082,1.14001752792857,0,0
-0.735806944395509,0.254311129010444,-0.171004962336064,0.529698810364617,2.33528444123081,-0.0614006444954018,-0.278294946006147,0.9220505904759,-0.167424781425956,-0.420487347915062,-0.121474645668498,0.585776759965862,-0.798376447055488,-0.0153198866636243,0.622631032861473,0.963082541396573,-1.56211851604973,-0.828455956352235,-1.14784713953523,0.445021593337513,-0.493293969440142,0,0
0.0049123146617683,-0.354925094806223,-0.203640485666361,-0.854330248251445,0.405897815296154,-0.0614006444954018,-0.278294946006147,-0.932538834258422,0.0641995289563043,-0.420487347915062,0.0657619685818479,0.744634905731968,-0.83401338695209,0.259687098445172,2.3426633520669,0.963082541396573,0.421695500538952,0.193113439105929,0.300465204176432,0.411621259782791,1.14001752792857,0,0
-0.206721759354597,2.938293208065,2.22134746371116,-1.63587114130974,-0.683598474400773,-0.0614006444954018,-0.278294946006147,-0.812887903630401,1.33813323605874,-0.420487347915062,0.984923529447185,1.22120934303029,-1.43984136519432,0.314688495466931,2.68666981590798,-0.488278885185423,1.26331356818264,1.15083474734796,1.33497402111334,0.111018257790298,1.14001752792857,0,1
-0.524172870379144,0.693190774919386,-0.136391527031512,-1.63587114130974,-0.683598474400773,-0.0614006444954018,-0.278294946006147,0.144319541393765,-0.399049091808217,-0.420487347915062,0.746622384037653,0.241584110805965,-0.940924206641895,-0.950343636033532,-0.753394822502868,-0.488278885185423,-0.419922567104733,-0.126126996974747,-0.32024008598571,-0.456787412639968,1.14001752792857,0,0
0.216546388678133,0.354536983812706,-0.182387917165041,0.47948901214349,0.954673006002194,-0.0614006444954018,-0.278294946006147,0.682748729219859,0.180011684147435,-0.420487347915062,-1.22787282078418,0.241584110805965,-0.263822348606464,0.0946829073798942,0.966637496702558,-0.488278885185423,-0.0592291095431538,0.0015691774575234,0.0935634407890512,0.0776179242355761,-0.493293969440142,0,0
1.16889972175178,-0.91998843744384,-0.203640485666361,-1.09698125842416,-0.683598474400773,-0.0614006444954018,-0.278294946006147,0.383621402649807,-0.746485557381608,0.139675223329264,0.831729935969629,1.11530391251955,-0.798376447055488,1.08470805377156,0.622631032861473,0.963082541396573,0.541926653059479,0.895442398483418,0.783235985413654,-0.590388746858854,1.14001752792857,0,0
-1.79397731447733,0.405072753475843,-0.203640485666361,0.502274543512254,-0.399726820634745,-0.0614006444954018,-0.278294946006147,-1.29149162614248,0.0641995289563043,-0.420487347915062,0.440235197082541,-0.446801187513828,0.128183990256154,-0.730338047946495,-0.753394822502868,-0.488278885185423,-0.960962753447102,-0.7646078691361,-1.00991263061031,-0.490187746194689,-0.493293969440142,0,0
2.33288712884178,0.96942010648012,-0.177385755803591,-0.764788845700744,-0.683598474400773,-0.0614006444954018,-0.278294946006147,0.0246686107657443,-0.746485557381608,-0.420487347915062,-0.802335061124304,-0.711564763790671,1.83875710529303,1.35971503888036,-0.753394822502868,0.963082541396573,1.50377587322369,2.10855605558999,1.95567931127548,-0.356586411975803,-0.493293969440142,0,0
-1.26489212943642,-0.91998843744384,-0.203640485666361,-0.489184116518395,-0.683598474400773,-0.0614006444954018,-0.278294946006147,0.0246686107657443,-0.746485557381608,-0.420487347915062,0.508321238628121,-1.24109191634436,0.662738088705179,-1.55535900327288,-0.753394822502868,-0.488278885185423,-0.780616024666313,-0.573063607487694,-0.734043612760472,-0.623789080413575,-0.493293969440142,0,0
0.110729351669951,-0.91998843744384,-0.178209185325197,0.0516538156338605,-0.683598474400773,-0.0614006444954018,-0.278294946006147,1.93908350081408,-0.630673402190478,1.69568236567461,-0.649141467646747,-1.5058554926212,1.41111382653381,-0.950343636033532,-1.09740128634395,-0.488278885185423,0.0008864667171094,0.129265351889794,0.0245961863265909,-0.690589747523018,-0.493293969440142,0,0
1.48635083277632,-0.821864327665568,-0.203640485666361,0.128433886685919,-0.0529561341466118,-0.0614006444954018,-0.278294946006147,0.443446867963817,-0.746485557381608,1.57120179428698,0.0657619685818479,-0.0496558230985624,0.0925470503595527,0.0396815103581349,-0.409388358661783,-0.488278885185423,0.962735686881321,0.895442398483418,0.990137748801035,-0.389986745530525,1.14001752792857,0,0
-0.206721759354597,-0.57264524038159,-0.203640485666361,0.285774713273479,-0.683598474400773,-0.0614006444954018,-0.278294946006147,-1.35131709145649,-0.0516126262348262,0.264155794716891,-0.172539176827684,-1.10871012820594,1.0547444275678,-0.675336650924735,-0.753394822502868,-0.488278885185423,-0.17946026206368,-0.0622789097586118,-0.18230557706079,-0.657189413968297,-0.493293969440142,0,0
-1.68816027746915,-0.536276987574829,0.596152697435622,-0.0437336233104166,-0.683598474400773,-0.0614006444954018,-0.278294946006147,-0.274458715804308,0.180011684147435,-0.358247062221248,0.865772956742419,0.506347687082809,-1.26165666571131,-0.895342239011772,0.622631032861473,-0.488278885185423,-0.54015371962526,-0.573063607487694,-0.665076358298012,-0.389986745530525,1.14001752792857,0,0
-0.947441018411874,-0.91998843744384,-0.203640485666361,0.114285033489666,0.671835477421337,-0.0614006444954018,-0.278294946006147,0.144319541393765,-0.399049091808217,1.50896150859317,-0.138496156054893,1.48597291930713,-1.1191089061249,1.35971503888036,3.37468274359016,2.41444396797857,-0.419922567104733,-0.700759781919965,-0.665076358298012,-0.189584744202196,-0.493293969440142,0,1
0.428180462694498,0.778998194089653,-0.203640485666361,0.714002632318396,0.0443591216926229,-0.0614006444954018,-0.278294946006147,-0.812887903630401,-0.0516126262348262,-0.420487347915062,-0.0363670937365228,0.135678680295228,-0.0856376491234554,0.149684304401653,-0.753394822502868,-0.488278885185423,0.481811076799215,0.448505787970471,0.507366967563813,-0.222985077756917,1.14001752792857,0,0
-0.629989907387327,-0.91998843744384,-0.203640485666361,0.86993932457995,-0.683598474400773,-0.0614006444954018,-0.278294946006147,-0.63341150768837,-0.630673402190478,-0.420487347915062,1.12109561253835,-1.13518648583362,0.734011968498382,-1.22535062114233,-1.09740128634395,-0.488278885185423,-0.17946026206368,-0.0622789097586118,-0.18230557706079,-0.623789080413575,1.14001752792857,0,0
-0.206721759354597,-0.0285694845278688,-0.203640485666361,-1.22489636366413,-0.683598474400773,-0.0614006444954018,-0.278294946006147,1.81943257018606,-0.978109867763869,0.201915509023077,-0.478926363782796,-1.10871012820594,1.26856606694741,-0.34532826879418,-0.409388358661783,-0.488278885185423,0.181233195497899,0.384657700754335,0.231497949713972,-0.590388746858854,-0.493293969440142,0,0
-2.11142842550188,-0.180614630723753,-0.203640485666361,-0.101925771988969,-0.683598474400773,-0.0614006444954018,-0.278294946006147,-1.23166616082847,-0.167424781425956,0.0774349376354496,0.37214915553696,-0.896899267184462,0.484553389222171,-1.11534782709881,-1.44140775018504,0.963082541396573,-1.32165621100868,-1.21154447964905,-1.56165066631,-0.590388746858854,-2.12660546680886,0,0
0.110729351669951,1.67883831287536,-0.203640485666361,0.88024069303963,-0.683598474400773,-0.0614006444954018,-0.278294946006147,-0.753062438316391,-0.0516126262348262,-0.420487347915062,-0.32573277030524,0.241584110805965,0.199457870049358,0.809701068662764,0.278624569020388,-0.488278885185423,1.62400702574422,1.02313857291569,0.852203239876114,0.545222594001677,-0.493293969440142,0,0
0.0049123146617683,-0.705695357346732,-0.203640485666361,0.142465542160581,0.693660244809159,-0.0614006444954018,-0.278294946006147,-0.932538834258422,0.0641995289563043,-0.358247062221248,1.32535373717509,0.479871329455125,-1.0478350263317,-0.620335253902976,-0.0653818948206978,0.963082541396573,-0.17946026206368,-0.253823171407018,-0.18230557706079,0.0776179242355761,1.14001752792857,0,0
0.110729351669951,-0.91998843744384,-0.177772327517302,-0.34848631069357,-0.683598474400773,-0.0614006444954018,-0.278294946006147,1.87925803550007,-0.978109867763869,0.326396080410705,-0.240625218373264,-1.5058554926212,1.41111382653381,-0.950343636033532,-1.44140775018504,-0.488278885185423,0.0008864667171094,0.193113439105929,0.0935634407890512,-0.657189413968297,-0.493293969440142,0,0
-0.418355833370962,0.826322618124859,-0.203640485666361,0.779457192600612,0.214282895346056,-0.0614006444954018,-0.278294946006147,0.323795937335796,0.527448149720826,-0.171526205139806,-0.39381881185082,1.77721285321166,-1.40420442529772,1.52471922994563,1.31064396054364,-0.488278885185423,-0.17946026206368,0.0015691774575234,-0.0443710681358694,-0.189584744202196,-0.493293969440142,0,0
1.06308268474359,-0.165165033472194,-0.203640485666361,-0.0698731918914536,-0.683598474400773,-0.0614006444954018,-0.278294946006147,0.0844940760797547,-0.862297712572739,1.26000036581791,-0.39381881185082,-1.26756827397204,1.51802464622362,-0.290326871772421,-1.09740128634395,-0.488278885185423,0.842504534360795,0.959290485699553,0.921170494338574,-0.657189413968297,-0.493293969440142,0,0
-0.735806944395509,-0.91998843744384,-0.203640485666361,1.45136316696663,1.36579029245051,-0.0614006444954018,1.81233588769098,1.22117791704595,-0.399049091808217,-0.420487347915062,-0.155517666441289,0.215107753178281,-0.940924206641895,-1.00534503305529,0.278624569020388,0.963082541396573,-1.20142505848816,-1.40308874129745,-1.42371615738507,-0.389986745530525,-0.493293969440142,0,0
-0.947441018411874,-0.91998843744384,-0.203640485666361,-0.0315612881798185,1.30437133027254,-0.0614006444954018,-0.278294946006147,0.0246686107657443,-0.514861246999348,0.762078080267403,-0.751270529965118,0.294536826061334,-1.1191089061249,-1.11534782709881,1.31064396054364,0.963082541396573,-0.72050044840605,-0.892304043568371,-0.803010867222932,-0.222985077756917,1.14001752792857,0,0
1.27471675875996,-0.455161519400706,-0.203640485666361,0.292839591982022,-0.384854867946611,-0.0614006444954018,-0.278294946006147,0.383621402649807,-0.978109867763869,0.575357223185961,-0.376797301464425,-0.790993836673724,1.2329291270508,0.259687098445172,-0.409388358661783,-0.488278885185423,1.26331356818264,1.47007518342864,1.47290853003826,-0.590388746858854,1.14001752792857,0,0
-0.841623981403692,-0.91998843744384,-0.0567237731555426,-1.63587114130974,-0.683598474400773,-0.0614006444954018,-0.278294946006147,0.86222512516189,-0.978109867763869,-0.420487347915062,-0.104453135282103,-1.29404463159973,0.734011968498382,-1.55535900327288,-1.44140775018504,-0.488278885185423,-0.419922567104733,-0.253823171407018,-0.458174594910631,-0.690589747523018,1.14001752792857,0,0
0.745631573719046,0.736338032240826,-0.157608721125055,2.1822461754985,1.44543902635436,-0.0614006444954018,-0.278294946006147,0.622923263905848,-0.0516126262348262,-0.420487347915062,-0.785313550737908,-0.0761321807262468,0.163820930152756,0.0946829073798942,0.278624569020388,-0.488278885185423,1.50377587322369,0.448505787970471,0.714268730951194,1.71423426841693,1.14001752792857,0,0
0.110729351669951,-0.91998843744384,-0.203640485666361,-1.18517584896031,1.8295437577434,-0.0614006444954018,-0.278294946006147,-0.453935111746339,-0.167424781425956,-0.171526205139806,1.08705259176556,0.188631395550597,-0.691465627365683,-0.675336650924735,-0.0653818948206978,-0.488278885185423,0.0008864667171094,-0.189975084190882,-0.0443710681358694,0.111018257790298,1.14001752792857,0,0
0.639814536710864,-0.91998843744384,-0.203640485666361,-0.359449456320648,-0.683598474400773,-0.0614006444954018,-0.278294946006147,-0.334284181118318,-0.746485557381608,0.201915509023077,0.150869520513824,-1.3469973468551,1.44675076643041,-0.565333856881217,-0.753394822502868,-0.488278885185423,0.361579924278689,0.512353875186606,0.438399713101353,-0.657189413968297,-0.493293969440142,0,0
1.27471675875996,-0.62038436439867,-0.203640485666361,0.0216622506761168,-0.683598474400773,-0.0614006444954018,-0.278294946006147,-0.872713368944412,-0.399049091808217,-0.420487347915062,0.899815977515209,-0.817470194301409,1.126018307361,0.0396815103581349,-1.44140775018504,-0.488278885185423,0.722273381840268,0.895442398483418,0.852203239876114,-0.590388746858854,-0.493293969440142,0,0
-0.735806944395509,-0.271614472965851,-0.149582668779731,-1.63587114130974,-0.683598474400773,-0.0614006444954018,-0.278294946006147,-0.932538834258422,-0.399049091808217,-0.420487347915062,0.474278217855331,-1.18813920108899,0.947833607877992,-1.00534503305529,-1.44140775018504,-0.488278885185423,-0.299691414584207,-0.189975084190882,-0.32024008598571,-0.657189413968297,-0.493293969440142,0,0
-0.100904722346414,0.805217119998556,-0.203640485666361,0.750266111513886,-0.0500057765534757,-0.0614006444954018,-0.278294946006147,0.443446867963817,-0.0516126262348262,-0.420487347915062,-0.98957167537465,-0.1555612536093,0.306368689739163,0.149684304401653,-0.409388358661783,-0.488278885185423,0.241348771758162,0.384657700754335,0.300465204176432,-0.423387079085246,-0.493293969440142,0,0
0.957265647735411,-0.91998843744384,-0.168473599737102,-0.469100358110135,-0.683598474400773,-0.0614006444954018,-0.278294946006147,0.802399659847879,-1.093922022955,0.513116937492147,-0.0193455833501277,-1.3469973468551,1.41111382653381,-0.620335253902976,-1.09740128634395,-0.488278885185423,0.481811076799215,0.640050049618876,0.576334222026273,-0.657189413968297,-0.493293969440142,0,0
0.745631573719046,0.0955370457367161,-0.203640485666361,0.70508965990519,-0.683598474400773,-0.0614006444954018,-0.278294946006147,0.802399659847879,-1.093922022955,-0.420487347915062,-0.0193455833501277,-0.34089575700309,0.591464208911976,0.204685701423413,-0.409388358661783,-0.488278885185423,1.02285126314158,1.21468283456409,1.19703951218842,-0.590388746858854,1.14001752792857,0,0
2.01543601781724,0.556292545561461,-0.062972939841071,-1.05248574970993,-0.683598474400773,-0.0614006444954018,-0.278294946006147,0.682748729219859,-1.093922022955,1.01103922304266,-0.751270529965118,-0.976328340067515,1.80312016539643,0.754699671641005,-0.409388358661783,-0.488278885185423,1.26331356818264,1.72546753229318,1.61084303896318,-0.556988413304132,-0.493293969440142,0,0
-1.47652620345279,-0.91998843744384,-0.203640485666361,-0.913268776093376,-0.0120425651574221,-0.0614006444954018,-0.278294946006147,-1.23166616082847,0.0641995289563043,-0.420487347915062,0.252998582832194,-0.499753902769196,-0.0500007092268538,-1.11534782709881,-1.09740128634395,0.963082541396573,-0.660384872145786,-0.956152130784506,-1.07887988507277,-0.356586411975803,-0.493293969440142,0,0
-0.100904722346414,-0.91998843744384,-0.203640485666361,0.990458347762088,2.16400030670942,-0.0614006444954018,-0.278294946006147,-1.17184069551446,1.10650892567648,-0.23376649083362,-0.734249019578723,0.903493051498074,-1.1191089061249,0.149684304401653,0.966637496702558,0.963082541396573,0.0008864667171094,-0.828455956352235,-0.18230557706079,2.04823760396414,1.14001752792857,0,0
-0.206721759354597,1.33171096209636,-0.184867066724907,-0.390138122139853,-0.394165634983433,-0.0614006444954018,-0.278294946006147,0.443446867963817,-0.167424781425956,-0.420487347915062,-0.98957167537465,0.665205832848915,-0.62019174757248,0.42469128951045,0.622631032861473,-0.488278885185423,0.481811076799215,0.512353875186606,0.507366967563813,-0.156184410647474,1.14001752792857,0,0
0.110729351669951,0.34434077558763,-0.203640485666361,-0.470072669019702,-0.141876696126635,-0.0614006444954018,-0.278294946006147,-1.05218976488644,0.295823839338565,-0.420487347915062,2.07430019417647,0.400442256572072,-0.940924206641895,-0.620335253902976,1.65465042438473,2.41444396797857,0.361579924278689,0.129265351889794,0.231497949713972,0.0108172571261331,1.14001752792857,0,0
0.428180462694498,3.07072069346589,-0.203640485666361,-0.130535935691143,-0.683598474400773,-0.0614006444954018,-0.278294946006147,-0.57358604237436,4.00181280545474,-0.420487347915062,-0.512969384555586,1.96254735660545,-1.36856748540111,1.96473040611971,2.3426633520669,2.41444396797857,0.602042229319742,1.66161944507704,1.7487775478881,1.78103493552637,1.14001752792857,0,1
-1.05325805542006,-0.456864191551896,-0.203640485666361,-0.0344995899947308,-0.0882998391017752,-0.0614006444954018,-0.278294946006147,-1.11201523020045,0.0641995289563043,-0.171526205139806,0.30406311399138,-0.208513968864669,0.0212731705663495,-0.400329665815939,-0.409388358661783,-0.488278885185423,-0.600269295885523,-0.7646078691361,-0.940945376147853,-0.323186078421082,-0.493293969440142,0,0
1.38053379576814,-0.167411518904493,-0.140894805727997,-1.11542540287064,-0.683598474400773,-0.0614006444954018,-0.278294946006147,-0.63341150768837,0.295823839338565,-0.420487347915062,2.39770889151798,1.14178027014723,-1.19038278591811,0.534694083553968,0.622631032861473,0.963082541396573,0.842504534360795,0.895442398483418,0.921170494338574,-0.323186078421082,1.14001752792857,0,0
-0.524172870379144,1.37531421239177,-0.107955697918825,-1.63587114130974,-0.683598474400773,-0.0614006444954018,-0.278294946006147,-0.57358604237436,-0.283236936617087,-0.420487347915062,-0.870421102669884,1.22120934303029,-1.0121980864351,0.974705259728042,0.622631032861473,-0.488278885185423,-0.17946026206368,0.384657700754335,-0.11333832259833,0.177818924899741,-0.493293969440142,0,0
-0.100904722346414,1.08092822830145,-0.203640485666361,0.0938001937709881,-0.362101871144716,-0.0614006444954018,-0.278294946006147,0.563097798591838,0.180011684147435,-0.420487347915062,-0.938507144215464,-0.473277545141512,0.734011968498382,0.149684304401653,-0.753394822502868,-0.488278885185423,0.121117619237636,0.384657700754335,0.300465204176432,-0.423387079085246,-0.493293969440142,0,0
-2.11142842550188,1.01768084215733,-0.203640485666361,0.374126231943554,-0.683598474400773,-0.0614006444954018,-0.278294946006147,-1.17184069551446,-0.167424781425956,-0.420487347915062,-0.155517666441289,-0.976328340067515,0.520190329118772,-1.22535062114233,-1.09740128634395,-0.488278885185423,-1.32165621100868,-1.14769639243291,-1.49268341184753,-0.556988413304132,-2.12660546680886,0,0
0.0049123146617683,0.654798836774248,-0.203640485666361,1.1645344564044,-0.394423158677239,-0.0614006444954018,1.19667861769984,-0.872713368944412,0.0641995289563043,-0.420487347915062,-0.0533886041229178,0.744634905731968,-1.0478350263317,-0.0703212836853836,-0.0653818948206978,-0.488278885185423,0.541926653059479,-0.573063607487694,-0.389207340448171,2.51584227373024,1.14001752792857,0,0
-1.79397731447733,-0.91998843744384,-0.203640485666361,0.166910028087972,-0.683598474400773,-0.0614006444954018,-0.278294946006147,-1.4111425567705,0.180011684147435,-0.420487347915062,0.831729935969629,-0.870422909556777,0.342005629635764,-1.28035201816409,-1.09740128634395,-0.488278885185423,-1.32165621100868,-1.27539256686518,-1.56165066631,-0.623789080413575,-2.12660546680886,0,0
0.533997499702681,-0.43788006083897,-0.163444969236273,0.697948503001842,1.17550388012845,-0.0614006444954018,-0.278294946006147,0.802399659847879,0.411635994529696,-0.420487347915062,-0.39381881185082,0.850540336242706,-1.0834719662283,0.0946829073798942,0.622631032861473,-0.488278885185423,0.181233195497899,0.0015691774575234,0.300465204176432,0.0442175906808546,1.14001752792857,0,0
-1.05325805542006,-0.436034671206214,-0.203640485666361,-0.631834168484439,-0.683598474400773,-0.0614006444954018,-0.278294946006147,-1.4111425567705,0.411635994529696,-0.420487347915062,1.37641826833427,-0.790993836673724,0.627101148808577,-0.675336650924735,-1.09740128634395,-0.488278885185423,-0.660384872145786,-0.381519345839288,-0.665076358298012,-0.523588079749411,-0.493293969440142,0,0
-0.206721759354597,1.18898440264561,0.0776946038759638,-0.177407644823257,-0.683598474400773,-0.0614006444954018,-0.278294946006147,-0.513760577060349,0.527448149720826,-0.420487347915062,2.09132170456287,1.16825662777492,-1.29729360560791,0.42469128951045,0.622631032861473,-0.488278885185423,1.08296683940185,0.959290485699553,1.19703951218842,0.177818924899741,1.14001752792857,0,0
-1.26489212943642,0.556292545561461,-0.186057041647604,-1.34417842802286,-0.683598474400773,-0.0614006444954018,-0.278294946006147,0.383621402649807,-0.167424781425956,-0.23376649083362,0.491299728241726,1.0358748396365,-1.1191089061249,0.42469128951045,4.06269567127233,0.963082541396573,-1.14130948222789,-0.381519345839288,-0.527141849373091,0.0776179242355761,-0.493293969440142,0,1
-1.05325805542006,-0.91998843744384,0.175736989751196,-0.736797755967501,0.987522667277806,-0.0614006444954018,-0.278294946006147,-1.35131709145649,3.42275202949909,-0.420487347915062,1.18918165408393,2.01550007186082,-1.43984136519432,1.96473040611971,0.966637496702558,-0.488278885185423,-1.02107832970737,-1.27539256686518,-1.35474890292261,0.111018257790298,-0.493293969440142,0,0
1.59216786978451,-0.459814023325404,-0.203640485666361,0.591769290807628,-0.683598474400773,-0.0614006444954018,-0.278294946006147,0.0844940760797547,-0.978109867763869,2.62928665108182,-0.581055426101167,-1.32052098922741,1.87439404518963,0.149684304401653,-1.09740128634395,-0.488278885185423,1.44366029696343,1.53392327064477,1.54187578450072,-0.657189413968297,-0.493293969440142,0,0
0.322363425686316,0.660423078845497,-0.203640485666361,0.914313053984539,-0.683598474400773,-0.0614006444954018,-0.278294946006147,0.204145006707776,-0.862297712572739,-0.358247062221248,-0.0193455833501277,-0.843946551929093,1.0547444275678,-0.125322680707143,0.278624569020388,-0.488278885185423,0.181233195497899,0.512353875186606,0.369432458638892,-0.556988413304132,-0.493293969440142,0,0
0.639814536710864,-0.327796762180971,-0.203640485666361,0.002253174824472,-0.683598474400773,-0.0614006444954018,-0.278294946006147,0.0246686107657443,-0.862297712572739,0.388636366104519,-0.29168974953245,-1.29404463159973,1.44675076643041,-0.455331062837698,-1.44140775018504,-0.488278885185423,0.662157805580005,0.767746224051147,0.645301476488733,-0.623789080413575,-0.493293969440142,0,0
1.27471675875996,0.0079596162413734,-0.203640485666361,0.289300682446165,-0.683598474400773,-0.0614006444954018,-0.278294946006147,-0.753062438316391,-0.283236936617087,-0.420487347915062,0.746622384037653,-0.420324829886143,0.947833607877992,0.589695480575728,-0.0653818948206978,-0.488278885185423,0.722273381840268,1.08698666013182,0.921170494338574,-0.423387079085246,-0.493293969440142,0,0
0.110729351669951,-0.91998843744384,-0.0764839818522876,0.895416276618681,-0.683598474400773,-0.0614006444954018,-0.278294946006147,1.40065431298798,1.80138185682326,-0.358247062221248,-1.176808289625,-0.446801187513828,0.0212731705663495,-0.895342239011772,1.31064396054364,-0.488278885185423,-0.17946026206368,-0.253823171407018,-0.18230557706079,-0.623789080413575,1.14001752792857,0,0
-1.15907509242824,1.18503418302559,-0.203640485666361,0.547726449986738,-0.345374694754067,-0.0614006444954018,-0.278294946006147,-1.05218976488644,-0.283236936617087,-0.420487347915062,-0.836378081897094,-0.182037611236984,-0.0143637693302521,-0.400329665815939,-0.0653818948206978,-0.488278885185423,-0.419922567104733,-0.253823171407018,-0.527141849373091,-0.28978574486636,-0.493293969440142,0,0
-1.05325805542006,-0.91998843744384,-0.203640485666361,0.654999227790834,0.380920292228445,-0.0614006444954018,-0.278294946006147,-0.872713368944412,-0.167424781425956,-0.420487347915062,0.576407280173702,-0.605659333279934,-0.0500007092268538,-1.33535341518585,-1.09740128634395,-0.488278885185423,-0.54015371962526,-0.7646078691361,-0.803010867222932,-0.423387079085246,1.14001752792857,0,0
0.428180462694498,-0.0812957551257516,-0.203640485666361,0.104126603582103,-0.683598474400773,-0.0614006444954018,-0.278294946006147,-0.0351568545482661,-0.862297712572739,0.699837794573589,-0.700205998805933,-1.32052098922741,1.51802464622362,-0.400329665815939,-1.09740128634395,-0.488278885185423,0.241348771758162,0.512353875186606,0.369432458638892,-0.657189413968297,-0.493293969440142,0,0
0.110729351669951,0.307515644776448,3.78771574306919,0.910776033042226,0.105316731944577,-0.0614006444954018,-0.278294946006147,-1.11201523020045,0.180011684147435,-0.420487347915062,0.797686915196839,0.347489541316703,-0.691465627365683,-0.34532826879418,-0.753394822502868,-0.488278885185423,0.301464348018426,0.129265351889794,0.162530695251511,-0.256385411311639,1.14001752792857,0,1
-1.05325805542006,-0.91998843744384,-0.203640485666361,0.695725838244286,1.48328860619247,-0.0614006444954018,-0.278294946006147,-1.4111425567705,0.527448149720826,-0.420487347915062,-0.444883343010006,-0.0231794654708781,-0.477643987986073,-0.785339444968254,-0.409388358661783,2.41444396797857,-0.54015371962526,-1.14769639243291,-1.35474890292261,0.311420259118627,-0.493293969440142,0,0
0.110729351669951,-0.91998843744384,-0.0212204139720751,0.0933726022030458,-0.683598474400773,-0.0614006444954018,-0.278294946006147,1.63995617424402,0.759072460103087,0.264155794716891,-0.972550164988255,-0.367372114630775,0.0212731705663495,-0.730338047946495,1.99865688822581,-0.488278885185423,0.0008864667171094,-0.0622789097586118,-0.0443710681358694,-0.657189413968297,1.14001752792857,0,0
0.110729351669951,-0.91998843744384,-0.134743268107093,0.0785383993940491,0.644150949012861,-0.0614006444954018,-0.278294946006147,1.04170152110392,0.643260304911956,-0.420487347915062,-1.12574375846581,0.691682190476599,-1.0121980864351,-0.125322680707143,-0.409388358661783,-0.488278885185423,-0.17946026206368,-0.892304043568371,-0.596109103835551,0.779024928884727,-0.493293969440142,0,0
0.216546388678133,-0.498193874483266,-0.115723269789086,-1.05248574970993,-0.683598474400773,-0.0614006444954018,-0.278294946006147,1.34082884767397,0.0641995289563043,-0.23376649083362,2.99346175504181,1.6977837803286,-1.29729360560791,1.52471922994563,-0.753394822502868,-0.488278885185423,0.0008864667171094,0.193113439105929,0.0245961863265909,-0.456787412639968,-0.493293969440142,0,1
-1.05325805542006,0.126352971517864,-0.203640485666361,-1.15347178431957,1.10968738315893,-0.0614006444954018,-0.278294946006147,-1.88974627928259,1.80138185682326,-0.420487347915062,2.19345076688124,1.45949656167945,-1.40420442529772,0.864702465684524,0.622631032861473,0.963082541396573,-0.840731600926576,-0.700759781919965,-0.940945376147853,1.11302826443194,-0.493293969440142,0,0
-1.05325805542006,-0.91998843744384,-0.203640485666361,-0.101925771988969,-0.208403942889474,-0.0614006444954018,-0.278294946006147,-1.05218976488644,-0.283236936617087,-0.420487347915062,0.321084624377775,-0.817470194301409,0.0925470503595527,-1.55535900327288,-0.753394822502868,-0.488278885185423,-0.660384872145786,-0.700759781919965,-0.871978121685393,-0.590388746858854,1.14001752792857,0,0
0.0049123146617683,0.371241402521615,-0.203640485666361,-1.04056977366596,0.146273172794442,-0.0614006444954018,-0.278294946006147,-1.11201523020045,0.0641995289563043,-0.420487347915062,-0.121474645668498,0.532824044710493,-0.798376447055488,-0.125322680707143,1.65465042438473,0.963082541396573,0.421695500538952,0.256961526322065,0.369432458638892,0.177818924899741,1.14001752792857,0,0
0.322363425686316,-0.10429215873648,-0.203640485666361,-0.883743099183772,-0.683598474400773,-0.0614006444954018,-0.278294946006147,1.16135245173194,-0.862297712572739,-0.420487347915062,0.218955562059404,-0.870422909556777,1.0191074876712,-0.235325474750661,-0.753394822502868,-0.488278885185423,0.662157805580005,0.512353875186606,0.438399713101353,-0.456787412639968,-0.493293969440142,0,0
1.27471675875996,-0.91998843744384,-0.203640485666361,0.388084547035591,-0.683598474400773,-0.0614006444954018,-0.278294946006147,-0.753062438316391,-0.514861246999348,-0.420487347915062,0.848751446356024,-0.94985198243983,1.126018307361,-0.235325474750661,-1.09740128634395,-0.488278885185423,0.842504534360795,0.895442398483418,0.852203239876114,-0.623789080413575,1.14001752792857,0,0
1.16889972175178,-0.91998843744384,-0.203640485666361,-1.34417842802286,-0.683598474400773,-0.0614006444954018,-0.278294946006147,0.86222512516189,-1.093922022955,1.38448093720554,0.27002009321859,-0.976328340067515,1.0547444275678,-0.400329665815939,0.278624569020388,0.963082541396573,0.602042229319742,0.831594311267282,0.714268730951194,-0.623789080413575,1.14001752792857,0,0
0.428180462694498,-0.91998843744384,-0.203640485666361,0.772803397753478,-0.683598474400773,-0.0614006444954018,-0.278294946006147,-0.334284181118318,-0.630673402190478,-0.420487347915062,0.746622384037653,-0.870422909556777,0.69837502860178,-0.730338047946495,-0.409388358661783,-0.488278885185423,0.181233195497899,0.384657700754335,0.231497949713972,-0.657189413968297,1.14001752792857,0,0
-1.05325805542006,-0.630336835238058,-0.203640485666361,-0.0333989946199901,0.433353617939981,-0.0614006444954018,-0.278294946006147,-0.992364299572432,-0.0516126262348262,-0.420487347915062,0.0487404581954529,-0.579182975652249,-0.0500007092268538,-1.28035201816409,-0.409388358661783,-0.488278885185423,-0.660384872145786,-0.828455956352235,-0.940945376147853,-0.389986745530525,-0.493293969440142,0,0
0.957265647735411,0.268290892978686,-0.203640485666361,1.32245207344988,-0.378116282537075,-0.0614006444954018,-0.278294946006147,0.742574194533869,-0.862297712572739,-0.358247062221248,-0.0193455833501277,-0.129084895981615,0.413279509428967,0.36968989248869,-0.0653818948206978,-0.488278885185423,1.44366029696343,1.21468283456409,1.33497402111334,-0.256385411311639,1.14001752792857,0,0
0.639814536710864,0.595690940333341,-0.203640485666361,0.111079635584096,-0.683598474400773,-0.0614006444954018,-0.278294946006147,0.86222512516189,-0.746485557381608,-0.420487347915062,-0.0874316248957081,-0.817470194301409,1.2329291270508,0.204685701423413,-0.409388358661783,-0.488278885185423,0.722273381840268,0.703898136835012,0.645301476488733,-0.490187746194689,-0.493293969440142,0,0
-0.312538796362779,0.904440437594637,-0.0211075991479171,1.39217688363089,3.06858691347378,-0.0614006444954018,-0.278294946006147,-1.35131709145649,4.34924927102813,-0.420487347915062,-1.39808792464813,1.8831182837224,-1.43984136519432,1.68972342101091,3.03067627974907,0.963082541396573,0.181233195497899,-0.700759781919965,-0.527141849373091,2.18183893818303,-0.493293969440142,0,1
-1.05325805542006,0.274653326304255,-0.203640485666361,-1.63587114130974,-0.683598474400773,-0.0614006444954018,-0.278294946006147,-1.47096802208452,0.759072460103087,-0.420487347915062,0.27002009321859,-0.499753902769196,0.377642569532366,-0.455331062837698,-0.0653818948206978,0.963082541396573,-0.54015371962526,-0.445367433055424,-0.665076358298012,-0.456787412639968,-0.493293969440142,0,0
0.428180462694498,0.06584331327847,0.864870733560956,-0.272364134699958,-0.0500057765534757,-0.0614006444954018,-0.278294946006147,1.10152698641793,0.411635994529696,-0.420487347915062,-0.308711259918845,0.056249607412175,0.199457870049358,0.42469128951045,1.31064396054364,-0.488278885185423,0.361579924278689,-0.0622789097586118,0.438399713101353,-0.523588079749411,-0.493293969440142,0,0
-0.735806944395509,1.18898440264561,-0.203640485666361,-1.63587114130974,-0.683598474400773,-0.0614006444954018,-0.278294946006147,-0.214633250490297,-0.283236936617087,-0.420487347915062,0.542364259400912,-0.287943041747722,0.270731749842561,-0.180324077728902,-0.0653818948206978,-0.488278885185423,0.121117619237636,0.129265351889794,0.0245961863265909,-0.490187746194689,-0.493293969440142,0,0
0.639814536710864,2.83312240999106,-0.203640485666361,-0.662569979194334,-0.683598474400773,-0.0614006444954018,-0.278294946006147,0.323795937335796,-0.514861246999348,-0.420487347915062,-1.02361469614744,-0.0496558230985624,0.306368689739163,0.36968989248869,0.278624569020388,0.963082541396573,0.662157805580005,0.895442398483418,0.783235985413654,-0.456787412639968,1.14001752792857,0,0
2.12125305482542,-0.91998843744384,-0.203640485666361,0.0164416535111946,-0.17173540317986,-0.0614006444954018,-0.278294946006147,0.622923263905848,-0.978109867763869,2.38032550830657,-0.257646728759659,-0.261466684120037,0.306368689739163,-0.0703212836853836,-0.0653818948206978,3.86580539456056,1.38354472070316,1.34237900899636,1.47290853003826,-0.523588079749411,1.14001752792857,0,0
-0.735806944395509,-0.91998843744384,-0.203640485666361,1.06482031959874,2.24462729261534,-0.0614006444954018,-0.278294946006147,1.04170152110392,-0.167424781425956,-0.420487347915062,-1.176808289625,-0.102608538353931,-0.798376447055488,-1.44535620922936,0.622631032861473,-0.488278885185423,-0.480038143364997,-1.02000021800064,-0.871978121685393,0.144418591345019,1.14001752792857,0,0
-0.206721759354597,0.556292545561461,8.39466319677218,-0.177407644823257,0.942922248283775,-0.0614006444954018,1.1044159794876,-1.4111425567705,0.990696770485347,-0.420487347915062,-0.0533886041229178,0.87701669387039,-0.83401338695209,0.534694083553968,0.966637496702558,-0.488278885185423,0.421695500538952,-0.509215520271559,-0.11333832259833,1.84783560263581,-0.493293969440142,0,1
-0.524172870379144,-0.91998843744384,-0.203640485666361,0.008028004246648,-0.683598474400773,-0.0614006444954018,-0.278294946006147,1.10152698641793,-1.093922022955,3.99857293634573,-0.717227509192328,-1.63823728075962,1.0191074876712,-1.83036598838168,-1.09740128634395,-0.488278885185423,-0.780616024666313,-0.636911694703829,-0.871978121685393,-0.690589747523018,-0.493293969440142,0,1
0.851448610727229,-0.91998843744384,-0.203640485666361,0.104126603582103,-0.279328496920715,-0.0614006444954018,-0.278294946006147,1.93908350081408,-0.862297712572739,0.637597508879775,-0.376797301464425,-1.13518648583362,1.1972921871542,-0.510332459859458,-0.753394822502868,-0.488278885185423,0.541926653059479,0.640050049618876,0.576334222026273,-0.623789080413575,-0.493293969440142,0,0
0.639814536710864,2.07842076092263,-0.203640485666361,0.852394395478093,-0.426655354647888,-0.0614006444954018,-0.278294946006147,0.323795937335796,-0.283236936617087,-0.420487347915062,-1.1597867792386,0.638729475221231,-0.62019174757248,0.36968989248869,0.966637496702558,-0.488278885185423,0.722273381840268,0.831594311267282,0.783235985413654,-0.323186078421082,1.14001752792857,0,0
-1.15907509242824,0.357111790255045,-0.161049479444534,-1.28259887697942,-0.683598474400773,-0.0614006444954018,-0.278294946006147,0.622923263905848,-0.0516126262348262,-0.420487347915062,0.933858998287999,-0.0231794654708781,0.199457870049358,0.259687098445172,0.622631032861473,-0.488278885185423,-0.72050044840605,-0.381519345839288,-0.665076358298012,-0.0559834099833098,-0.493293969440142,0,0
1.69798490679269,-0.91998843744384,-0.203640485666361,0.139456488035678,-0.683598474400773,-0.0614006444954018,-0.278294946006147,0.323795937335796,-1.093922022955,3.31392979371378,-0.564033915714772,-1.63823728075962,2.15948956436245,-0.0703212836853836,-1.09740128634395,-0.488278885185423,1.44366029696343,1.66161944507704,1.61084303896318,-0.690589747523018,1.14001752792857,0,0
-1.3707091664446,-0.190567733727748,-0.203640485666361,0.381857014746128,-0.683598474400773,-0.0614006444954018,-0.278294946006147,-1.17184069551446,-0.167424781425956,-0.420487347915062,0.950880508674395,-0.923375624812146,0.555827269015374,-1.06034643007705,-1.44140775018504,-0.488278885185423,-0.960962753447102,-0.636911694703829,-0.940945376147853,-0.523588079749411,-0.493293969440142,0,0
0.639814536710864,3.12586504425686,-0.203640485666361,-1.63587114130974,-0.683598474400773,-0.0614006444954018,-0.278294946006147,0.383621402649807,-0.514861246999348,-0.420487347915062,-0.98957167537465,-0.261466684120037,0.591464208911976,0.36968989248869,-0.753394822502868,3.86580539456056,0.662157805580005,0.959290485699553,0.852203239876114,-0.456787412639968,-0.493293969440142,0,1
-0.418355833370962,2.38113222644784,-0.203640485666361,-0.722713045003834,0.165051827849515,-0.0614006444954018,-0.278294946006147,-0.63341150768837,4.00181280545474,-0.420487347915062,1.32535373717509,1.93607099897776,-1.36856748540111,1.90972900909795,0.966637496702558,2.41444396797857,-0.17946026206368,1.4062270962125,1.81774480235056,3.88525594947383,1.14001752792857,0,1
0.0049123146617683,2.25671813545889,-0.203640485666361,-0.757128570390479,0.133067502090776,-0.0614006444954018,-0.278294946006147,-0.812887903630401,3.88600065026361,-0.420487347915062,-0.478926363782796,1.93607099897776,-1.36856748540111,1.90972900909795,1.65465042438473,0.963082541396573,-0.17946026206368,1.34237900899636,1.81774480235056,3.88525594947383,1.14001752792857,0,1
0.322363425686316,-0.447341997230286,-0.203640485666361,0.325285174406461,-0.683598474400773,-0.0614006444954018,-0.278294946006147,-1.11201523020045,-0.167424781425956,-0.420487347915062,0.321084624377775,-0.976328340067515,1.1616552472576,-0.235325474750661,-1.09740128634395,0.963082541396573,0.0610020429773727,0.3208096135382,0.162530695251511,-0.623789080413575,-0.493293969440142,0,0
2.8619723138827,-0.518614080889521,-0.203640485666361,1.69498166164318,-0.683598474400773,-0.0614006444954018,-0.278294946006147,0.802399659847879,-1.093922022955,-0.420487347915062,-0.070410114509313,-0.790993836673724,1.51802464622362,0.699698274619246,-0.0653818948206978,-0.488278885185423,1.62400702574422,1.98085988115772,1.95567931127548,-0.623789080413575,1.14001752792857,0,0
0.0049123146617683,-0.91998843744384,1.66517265963574,-1.15146732206425,2.46769159891327,-0.0614006444954018,-0.278294946006147,-0.932538834258422,1.68556970163213,-0.420487347915062,1.17216014369753,1.85664192609471,-1.43984136519432,1.63472202398915,2.3426633520669,0.963082541396573,-0.17946026206368,-0.573063607487694,-0.458174594910631,0.478421926892234,-0.493293969440142,0,0
-1.3707091664446,-0.564839777552019,-0.203640485666361,-0.162249478273556,-0.227091361164475,-0.0614006444954018,-0.278294946006147,-0.932538834258422,-0.167424781425956,-0.296006776527434,0.40619217630975,0.400442256572072,-0.477643987986073,0.0946829073798942,-0.409388358661783,0.963082541396573,-0.900847177186839,-0.7646078691361,-0.940945376147853,-0.556988413304132,-0.493293969440142,0,0
-1.15907509242824,-0.157770376490521,-0.171865733267203,-0.84520148653886,0.541092781538209,-0.0614006444954018,-0.278294946006147,0.742574194533869,0.180011684147435,-0.420487347915062,0.916837487901604,0.665205832848915,-0.83401338695209,0.0946829073798942,0.966637496702558,0.963082541396573,-0.840731600926576,-0.892304043568371,-0.940945376147853,0.111018257790298,-0.493293969440142,0,0
-1.26489212943642,-0.91998843744384,-0.203640485666361,0.931966926954721,-0.683598474400773,-0.0614006444954018,-0.278294946006147,0.323795937335796,-0.746485557381608,-0.296006776527434,0.33810613476417,-1.18813920108899,0.484553389222171,-1.72036319433816,-0.753394822502868,-0.488278885185423,-1.20142505848816,-0.892304043568371,-1.14784713953523,-0.590388746858854,-0.493293969440142,0,0
-0.841623981403692,1.0152093314117,0.692726363367678,1.04070700204669,-0.683598474400773,-0.0614006444954018,-0.278294946006147,-0.214633250490297,-0.167424781425956,-0.420487347915062,0.184912541286614,-0.0231794654708781,0.876559728084789,1.3047136418586,1.65465042438473,0.963082541396573,0.842504534360795,0.767746224051147,0.990137748801035,-0.28978574486636,-0.493293969440142,0,0
0.322363425686316,0.967070097771859,-0.158688356314763,0.601268811412063,-0.683598474400773,-0.0614006444954018,-0.278294946006147,1.04170152110392,-0.630673402190478,-0.358247062221248,-0.0023240729637326,-0.870422909556777,1.0191074876712,-0.235325474750661,-1.09740128634395,-0.488278885185423,0.722273381840268,0.576201962402741,0.645301476488733,-0.423387079085246,-0.493293969440142,0,0
0.110729351669951,0.224200901222841,3.10342591290515,1.00168197940242,0.296893428006765,-0.0614006444954018,-0.278294946006147,-1.11201523020045,0.180011684147435,-0.420487347915062,1.01896655021997,-0.102608538353931,-0.0856376491234554,-0.34532826879418,-0.753394822502868,-0.488278885185423,0.241348771758162,0.129265351889794,0.162530695251511,-0.28978574486636,1.14001752792857,0,0
1.06308268474359,-0.91998843744384,-0.0955248540013563,-1.63587114130974,-0.683598474400773,-0.0614006444954018,-0.278294946006147,0.742574194533869,-0.746485557381608,1.57120179428698,1.07003108137916,0.691682190476599,-1.22601972581471,-0.455331062837698,1.99865688822581,-0.488278885185423,0.481811076799215,0.576201962402741,0.507366967563813,-0.590388746858854,1.14001752792857,0,1
-0.947441018411874,-0.91998843744384,-0.203640485666361,-0.668403529886147,-0.683598474400773,-0.0614006444954018,-0.278294946006147,0.323795937335796,-1.093922022955,0.0774349376354496,-0.104453135282103,-1.39995006211046,0.91219666798139,-1.50035760625112,-1.09740128634395,-0.488278885185423,-0.600269295885523,-0.445367433055424,-0.665076358298012,-0.657189413968297,-0.493293969440142,0,0
-2.11142842550188,-0.52794837060349,-0.203640485666361,0.533056275024433,0.324255978665545,-0.0614006444954018,-0.278294946006147,-1.65044441802655,0.643260304911956,-0.420487347915062,0.576407280173702,-0.208513968864669,-0.442007048089472,-1.11534782709881,-0.409388358661783,0.963082541396573,-1.44188736352921,-1.53078491572972,-1.76855242969738,-0.389986745530525,-0.493293969440142,0,0
0.0049123146617683,1.07108117723185,-0.203640485666361,1.4239674038872,3.29755885816217,-0.0614006444954018,-0.278294946006147,0.622923263905848,1.45394539124987,-0.420487347915062,-1.39808792464813,1.30063841591334,-1.0834719662283,1.0297066567498,0.278624569020388,-0.488278885185423,0.481811076799215,-0.956152130784506,0.369432458638892,2.64944360794913,1.14001752792857,0,0
-0.947441018411874,-0.0327398744370531,-0.203640485666361,0.204863308869975,1.02710184554057,-0.0614006444954018,-0.278294946006147,-1.23166616082847,-0.167424781425956,-0.420487347915062,-1.04063620653384,-0.473277545141512,0.0569101104629511,-0.895342239011772,-0.409388358661783,-0.488278885185423,-0.900847177186839,-0.636911694703829,-0.803010867222932,-0.456787412639968,-0.493293969440142,0,0
-0.735806944395509,-0.91998843744384,-0.203640485666361,-0.222782083988483,-0.0269660355856399,-0.0614006444954018,-0.278294946006147,-0.753062438316391,-0.514861246999348,0.513116937492147,-0.376797301464425,-1.08223377057825,0.235094809945959,-1.88536738540344,-1.09740128634395,-0.488278885185423,-0.780616024666313,-0.7646078691361,-0.871978121685393,-0.623789080413575,1.14001752792857,0,0
-0.206721759354597,2.5743887902205,1.57089561477696,-1.19649985585011,-0.683598474400773,-0.0614006444954018,-0.278294946006147,-0.63341150768837,0.759072460103087,-0.420487347915062,-0.444883343010006,1.5389256345625,-1.43984136519432,0.974705259728042,1.99865688822581,-0.488278885185423,1.38354472070316,1.08698666013182,1.26600676665088,0.177818924899741,1.14001752792857,0,0
-0.312538796362779,2.62613449765393,-0.203640485666361,1.00509631171228,-0.683598474400773,-0.0614006444954018,-0.278294946006147,-1.29149162614248,0.0641995289563043,-0.420487347915062,-1.31298037271616,-0.552706618024565,0.662738088705179,-0.125322680707143,0.278624569020388,-0.488278885185423,0.481811076799215,0.640050049618876,0.576334222026273,-0.423387079085246,-0.493293969440142,0,0
0.0049123146617683,-0.91998843744384,-0.203640485666361,1.86152431053432,-0.683598474400773,-0.0614006444954018,-0.278294946006147,-1.71026988334056,1.22232108086761,-0.420487347915062,4.30411805479423,0.824063978615021,-1.29729360560791,-0.290326871772421,1.65465042438473,0.963082541396573,0.0008864667171094,-0.126126996974747,-0.18230557706079,-0.189584744202196,1.14001752792857,0,1
-0.629989907387327,0.403916499123942,-0.203640485666361,-0.415139743162723,-0.683598474400773,-0.0614006444954018,-0.278294946006147,0.263970472021786,-0.862297712572739,-0.420487347915062,0.252998582832194,0.426918614199756,-0.976561146538496,-0.620335253902976,-0.753394822502868,-0.488278885185423,-0.17946026206368,0.0015691774575234,-0.18230557706079,-0.556988413304132,1.14001752792857,0,0
-1.05325805542006,0.114227700352713,-0.203640485666361,-0.920657338750987,-0.683598474400773,-0.0614006444954018,3.11203293609388,-1.05218976488644,0.180011684147435,-0.420487347915062,-0.853399592283489,-0.367372114630775,-0.121274589020057,-0.950343636033532,-1.09740128634395,0.963082541396573,-0.780616024666313,-0.956152130784506,-0.940945376147853,-0.0893837435380313,-0.493293969440142,0,1
2.12125305482542,-0.91998843744384,-0.203640485666361,-0.796160343007967,-0.683598474400773,-0.0614006444954018,-0.278294946006147,0.86222512516189,-1.093922022955,2.69152693677564,0.150869520513824,-1.0028046976952,1.33983994674061,-0.0153198866636243,-0.753394822502868,-0.488278885185423,1.44366029696343,1.53392327064477,1.61084303896318,-0.623789080413575,1.14001752792857,0,0
-0.735806944395509,-0.91998843744384,0.846112955762079,-1.63587114130974,2.01377132629528,-0.0614006444954018,-0.278294946006147,-1.35131709145649,2.84369125354343,-0.420487347915062,0.831729935969629,1.8831182837224,-1.36856748540111,1.79972621505443,0.966637496702558,0.963082541396573,-0.900847177186839,-1.02000021800064,-1.07887988507277,0.0776179242355761,-0.493293969440142,0,0
-1.05325805542006,-0.91998843744384,-0.203640485666361,-1.63587114130974,-0.683598474400773,-0.0614006444954018,-0.278294946006147,-0.932538834258422,-0.283236936617087,-0.420487347915062,0.0487404581954529,-1.26756827397204,0.591464208911976,-1.72036319433816,-1.09740128634395,-0.488278885185423,-0.600269295885523,-0.573063607487694,-0.734043612760472,-0.657189413968297,1.14001752792857,0,0
0.533997499702681,-0.336676222103844,-0.106373827938973,-0.425699709042112,1.19087131321395,-0.0614006444954018,-0.278294946006147,0.802399659847879,0.527448149720826,-0.420487347915062,-0.070410114509313,1.11530391251955,-1.36856748540111,0.204685701423413,1.65465042438473,2.41444396797857,0.361579924278689,-0.189975084190882,0.162530695251511,0.578622927556398,1.14001752792857,0,0
1.38053379576814,-0.91998843744384,-0.161726870154131,-0.940563884131702,-0.683598474400773,-0.0614006444954018,-0.278294946006147,-0.63341150768837,0.295823839338565,-0.420487347915062,3.0104832654282,0.929969409125759,-1.19038278591811,0.0946829073798942,0.278624569020388,0.963082541396573,0.842504534360795,0.895442398483418,0.921170494338574,-0.356586411975803,1.14001752792857,0,0
-1.26489212943642,-0.0584353174785926,0.209390698967697,-0.146350073731792,-0.683598474400773,-0.0614006444954018,-0.278294946006147,-0.513760577060349,0.0641995289563043,-0.420487347915062,0.899815977515209,1.00939848200881,-1.0121980864351,0.534694083553968,0.622631032861473,-0.488278885185423,-1.02107832970737,-0.253823171407018,-0.803010867222932,0.712224261775284,-0.493293969440142,0,0
0.851448610727229,-0.021176193021746,-0.178661163536726,0.850428929182066,0.856842572762124,-0.0614006444954018,-0.278294946006147,1.16135245173194,-0.399049091808217,-0.420487347915062,-0.751270529965118,-0.0231794654708781,0.199457870049358,0.259687098445172,0.278624569020388,-0.488278885185423,0.602042229319742,0.448505787970471,0.507366967563813,-0.156184410647474,-0.493293969440142,0,0
-1.47652620345279,-0.487369370499065,-0.203640485666361,0.159199250387383,-0.127511112443398,-0.0614006444954018,-0.278294946006147,-1.17184069551446,-0.0516126262348262,0.948798937348845,-0.0533886041229178,0.373965898944387,-0.655828687469082,-0.235325474750661,-0.753394822502868,2.41444396797857,-0.600269295885523,-0.828455956352235,-0.940945376147853,-0.323186078421082,-0.493293969440142,0,0
0.639814536710864,-0.452583931434099,-0.203640485666361,-0.342933810700268,-0.683598474400773,-0.0614006444954018,-0.278294946006147,-0.214633250490297,-0.746485557381608,0.0774349376354496,0.355127645150565,-0.605659333279934,0.520190329118772,-0.455331062837698,-0.0653818948206978,-0.488278885185423,0.361579924278689,0.576201962402741,0.438399713101353,-0.623789080413575,1.14001752792857,0,0
-0.312538796362779,2.22337147775177,-0.203640485666361,1.26252287337226,-0.683598474400773,-0.0614006444954018,-0.278294946006147,-1.35131709145649,0.180011684147435,-0.420487347915062,-1.39808792464813,-0.420324829886143,0.627101148808577,0.0946829073798942,-0.0653818948206978,-0.488278885185423,0.301464348018426,0.576201962402741,0.507366967563813,-0.323186078421082,-0.493293969440142,0,0
-2.74633064755098,-0.64180819533423,-0.203640485666361,2.21164860419238,-0.683598474400773,-0.0614006444954018,-0.278294946006147,1.10152698641793,-0.978109867763869,-0.420487347915062,0.559385769787307,-1.16166284346131,0.163820930152756,-2.16037437051224,-1.09740128634395,-0.488278885185423,-1.44188736352921,-1.46693682851359,-1.69958517523492,-0.657189413968297,-0.493293969440142,0,0
-0.206721759354597,-0.502718074279425,-0.203640485666361,0.0955127284279381,-0.683598474400773,-0.0614006444954018,-0.278294946006147,-1.29149162614248,-0.167424781425956,0.201915509023077,-0.427861832623611,-1.10871012820594,1.0547444275678,-0.675336650924735,-0.753394822502868,-0.488278885185423,-0.17946026206368,0.0015691774575234,-0.18230557706079,-0.657189413968297,-0.493293969440142,0,0
-0.524172870379144,-0.91998843744384,-0.203640485666361,0.476082618921303,-0.683598474400773,-0.0614006444954018,-0.278294946006147,-1.29149162614248,0.0641995289563043,-0.420487347915062,0.848751446356024,0.45339497182744,0.591464208911976,1.85472761207619,0.622631032861473,-0.488278885185423,-0.0592291095431538,0.0654172646736588,-0.11333832259833,-0.556988413304132,-2.12660546680886,0,0
0.110729351669951,-0.14193968512757,-0.203640485666361,0.516372229813047,-0.683598474400773,-0.0614006444954018,-0.278294946006147,-0.63341150768837,-0.399049091808217,-0.0470456337521783,1.07003108137916,-0.420324829886143,0.377642569532366,-0.290326871772421,-0.0653818948206978,-0.488278885185423,0.361579924278689,0.384657700754335,0.369432458638892,-0.556988413304132,1.14001752792857,0,0
1.27471675875996,-0.91998843744384,-0.203640485666361,0.445911882394561,-0.683598474400773,-0.0614006444954018,-0.278294946006147,-0.394109646432328,-0.746485557381608,-0.0470456337521783,0.082783478968243,-1.24109191634436,1.55366158612022,-0.180324077728902,-1.09740128634395,-0.488278885185423,0.722273381840268,0.895442398483418,0.852203239876114,-0.657189413968297,-0.493293969440142,0,0
-0.735806944395509,-0.91998843744384,-0.203640485666361,0.877227372092275,2.04122956668706,-0.0614006444954018,-0.278294946006147,1.16135245173194,-0.0516126262348262,-0.420487347915062,-0.98957167537465,0.426918614199756,-0.905287266745293,-0.510332459859458,0.622631032861473,-0.488278885185423,-1.50200293978947,-1.40308874129745,-1.56165066631,-0.423387079085246,-0.493293969440142,0,0
0.639814536710864,0.629751160161713,-0.203640485666361,-0.564146276388539,0.644422189101818,-0.0614006444954018,-0.278294946006147,0.263970472021786,0.180011684147435,-0.420487347915062,-0.427861832623611,0.479871329455125,-0.370733168296268,0.42469128951045,0.278624569020388,-0.488278885185423,0.361579924278689,0.448505787970471,0.507366967563813,0.0442175906808546,1.14001752792857,0,0
0.322363425686316,0.956566986273611,-0.164526295246354,0.635164868652245,-0.683598474400773,-0.0614006444954018,-0.278294946006147,0.9220505904759,-0.514861246999348,-0.420487347915062,-0.512969384555586,-0.896899267184462,1.1616552472576,-0.0703212836853836,-1.44140775018504,-0.488278885185423,0.722273381840268,0.576201962402741,0.576334222026273,-0.456787412639968,-0.493293969440142,0,0
-0.312538796362779,1.39988167148261,0.534864125172837,-0.760793036423058,-0.683598474400773,-0.0614006444954018,-0.278294946006147,-0.214633250490297,-0.399049091808217,-0.420487347915062,-0.904464123442674,1.61835470744555,-0.905287266745293,1.96473040611971,-0.0653818948206978,0.963082541396573,-0.17946026206368,0.895442398483418,0.369432458638892,1.31343026576027,-0.493293969440142,0,0
0.428180462694498,-0.0559821395065476,-0.203640485666361,-0.0425246786245775,-0.683598474400773,-0.0614006444954018,-0.278294946006147,0.563097798591838,-0.862297712572739,0.513116937492147,0.389170665923355,-0.817470194301409,0.983470547774594,-0.180324077728902,0.966637496702558,-0.488278885185423,0.0008864667171094,0.512353875186606,0.300465204176432,-0.423387079085246,-0.493293969440142,0,0
-0.418355833370962,0.728419917678374,-0.0387183345254361,0.188063919556588,1.01148920751425,-0.0614006444954018,1.88320487000871,-1.53079348739853,1.10650892567648,-0.420487347915062,-1.07467922730663,0.87701669387039,-0.83401338695209,0.534694083553968,0.966637496702558,-0.488278885185423,-0.119344685803417,-0.636911694703829,-0.527141849373091,1.21322926509611,-0.493293969440142,0,0
-0.418355833370962,-0.672565886111826,-0.141754337005296,0.417394294749997,-0.683598474400773,-0.0614006444954018,-0.278294946006147,1.99890896612809,-0.283236936617087,1.75792265136843,-0.98957167537465,-1.24109191634436,1.1972921871542,-0.730338047946495,-0.753394822502868,-0.488278885185423,-0.480038143364997,-0.381519345839288,-0.458174594910631,-0.657189413968297,-2.12660546680886,0,0
-0.735806944395509,1.55908845878621,-0.0658460526560794,-1.06440130606646,-0.683598474400773,-0.0614006444954018,-0.278294946006147,-1.53079348739853,0.527448149720826,-0.420487347915062,-0.240625218373264,0.585776759965862,0.377642569532366,1.79972621505443,1.31064396054364,0.963082541396573,-0.17946026206368,-0.126126996974747,-0.25127283152325,-0.523588079749411,-2.12660546680886,0,0
0.0049123146617683,-0.91998843744384,-0.203640485666361,0.773356510844188,-0.310426197497121,-0.0614006444954018,-0.278294946006147,0.144319541393765,-0.862297712572739,-0.358247062221248,0.508321238628121,-1.13518648583362,0.840922788188187,-1.06034643007705,-1.09740128634395,-0.488278885185423,0.0008864667171094,0.0654172646736588,-0.0443710681358694,-0.623789080413575,1.14001752792857,0,0
-0.524172870379144,1.61228753793659,-0.203640485666361,1.36618504503374,-0.218601237598711,-0.0614006444954018,-0.278294946006147,-1.23166616082847,0.0641995289563043,-0.420487347915062,-1.39808792464813,-0.0496558230985624,0.662738088705179,0.919703862706283,-0.0653818948206978,-0.488278885185423,1.02285126314158,1.08698666013182,1.19703951218842,-0.156184410647474,-0.493293969440142,0,0
0.428180462694498,-0.284647127920611,-0.203640485666361,0.121614000528777,-0.683598474400773,-0.0614006444954018,-0.278294946006147,-1.23166616082847,0.0641995289563043,-0.420487347915062,0.508321238628121,0.982922124381127,-0.584554807675878,1.13970945079332,2.3426633520669,-0.488278885185423,0.241348771758162,0.448505787970471,0.300465204176432,-0.623789080413575,-0.493293969440142,0,0
0.639814536710864,1.26257741544121,-0.203640485666361,0.951597737678013,-0.683598474400773,-0.0614006444954018,-0.278294946006147,-0.453935111746339,0.0641995289563043,-0.420487347915062,0.695557852878468,-0.499753902769196,0.840922788188187,0.259687098445172,-0.409388358661783,-0.488278885185423,0.842504534360795,1.08698666013182,1.05910500326349,-0.423387079085246,1.14001752792857,0,0
1.27471675875996,-0.91998843744384,-0.203640485666361,-0.1876742841461,-0.0106521712346761,-0.0614006444954018,-0.278294946006147,-0.69323697300238,-0.283236936617087,-0.296006776527434,0.37214915553696,-0.34089575700309,0.306368689739163,-0.235325474750661,-0.753394822502868,-0.488278885185423,1.02285126314158,0.895442398483418,1.05910500326349,-0.0559834099833098,1.14001752792857,0,0
-0.947441018411874,-0.91998843744384,-0.203640485666361,-1.63587114130974,-0.683598474400773,-0.0614006444954018,-0.278294946006147,-0.214633250490297,-0.630673402190478,1.01103922304266,0.40619217630975,0.241584110805965,-1.1191089061249,-1.22535062114233,-0.0653818948206978,-0.488278885185423,-0.54015371962526,-0.509215520271559,-0.665076358298012,-0.623789080413575,1.14001752792857,0,0
0.110729351669951,-0.91998843744384,-0.006376876903462,1.22749355508382,-0.683598474400773,-0.0614006444954018,-0.278294946006147,1.46047977830199,1.80138185682326,-0.358247062221248,-1.19382980001139,-0.446801187513828,0.0212731705663495,-0.895342239011772,1.31064396054364,-0.488278885185423,-0.119344685803417,-0.317671258623153,-0.18230557706079,-0.623789080413575,1.14001752792857,0,0
-0.100904722346414,-0.91998843744384,-0.203640485666361,-1.63587114130974,1.76025912551543,-0.0614006444954018,-0.278294946006147,-0.453935111746339,0.527448149720826,-0.420487347915062,-0.853399592283489,0.426918614199756,-1.1547458460215,-0.895342239011772,-0.0653818948206978,0.963082541396573,-0.54015371962526,-0.7646078691361,-0.734043612760472,0.0108172571261331,1.14001752792857,0,0
0.533997499702681,-0.358688016696632,0.849316976038547,-1.24770294935351,0.0378955467555455,-0.0614006444954018,-0.278294946006147,1.16135245173194,0.527448149720826,-0.420487347915062,-0.223603707986869,0.056249607412175,0.199457870049358,0.42469128951045,-0.0653818948206978,-0.488278885185423,0.361579924278689,-0.189975084190882,0.438399713101353,-0.523588079749411,-0.493293969440142,0,0
-1.05325805542006,-0.91998843744384,-0.203640485666361,0.458377649003569,0.61393870349977,-0.0614006444954018,-0.278294946006147,-0.872713368944412,-0.399049091808217,-0.420487347915062,-0.104453135282103,-0.923375624812146,0.0925470503595527,-1.77536459135992,-0.753394822502868,-0.488278885185423,-0.600269295885523,-0.700759781919965,-0.803010867222932,-0.556988413304132,1.14001752792857,0,0
1.48635083277632,-0.647209738457896,-0.203640485666361,0.250534187273699,1.06954641775446,-0.0614006444954018,-0.278294946006147,-0.992364299572432,0.295823839338565,0.139675223329264,0.695557852878468,0.162155037922912,-0.156911528916659,0.0946829073798942,-0.409388358661783,-0.488278885185423,0.902620110621058,0.576201962402741,0.645301476488733,0.0442175906808546,1.14001752792857,0,0
0.851448610727229,2.52505028974894,-0.146194850847265,-1.63587114130974,-0.683598474400773,-0.0614006444954018,-0.278294946006147,0.622923263905848,-0.0516126262348262,-0.420487347915062,-1.39808792464813,1.6977837803286,-1.43984136519432,1.3047136418586,-0.409388358661783,-0.488278885185423,0.842504534360795,1.98085988115772,2.0936138202004,0.645423594665841,1.14001752792857,0,1
-1.26489212943642,1.46553838866167,-0.203640485666361,0.838701113013397,-0.683598474400773,-0.0614006444954018,-0.278294946006147,-1.05218976488644,0.643260304911956,-0.420487347915062,1.03598806060637,1.40654384642408,-0.691465627365683,1.85472761207619,1.99865688822581,0.963082541396573,-0.54015371962526,-0.189975084190882,-0.32024008598571,-0.28978574486636,-0.493293969440142,0,0
-0.206721759354597,-0.91998843744384,-0.203640485666361,0.0912377220713312,-0.683598474400773,-0.0614006444954018,-0.278294946006147,0.263970472021786,-0.978109867763869,1.13551979443029,-0.478926363782796,-1.58528456550425,1.37547688663721,-1.17034922412057,-1.09740128634395,-0.488278885185423,0.0610020429773727,0.193113439105929,0.0935634407890512,-0.690589747523018,-0.493293969440142,0,0
-0.524172870379144,-0.91998843744384,-0.203640485666361,1.41196801496169,2.85706667637112,-0.0614006444954018,-0.278294946006147,-1.65044441802655,1.569757546441,-0.420487347915062,-0.768292040351513,0.188631395550597,-0.513280927882675,-0.400329665815939,-0.409388358661783,-0.488278885185423,-1.32165621100868,-1.33924065408132,-1.49268341184753,-0.156184410647474,-0.493293969440142,0,0
0.639814536710864,1.56993779419615,-0.203640485666361,-0.105282327325967,-0.327982435715096,-0.0614006444954018,-0.278294946006147,0.383621402649807,-0.283236936617087,-0.420487347915062,-1.09170073769302,0.638729475221231,-0.62019174757248,0.36968989248869,1.65465042438473,-0.488278885185423,0.722273381840268,0.767746224051147,0.714268730951194,-0.222985077756917,1.14001752792857,0,0
-0.524172870379144,1.50442040609636,-0.0823602467484158,-0.294588124254974,-0.683598474400773,-0.0614006444954018,-0.278294946006147,-0.0949823198622764,0.527448149720826,-0.420487347915062,1.75089149683497,1.32711477354102,-1.0834719662283,1.08470805377156,1.99865688822581,-0.488278885185423,-0.17946026206368,0.256961526322065,0.0935634407890512,-0.156184410647474,-0.493293969440142,0,0
0.322363425686316,-0.91998843744384,-0.203640485666361,0.873020844738616,-0.683598474400773,-0.0614006444954018,-0.278294946006147,0.323795937335796,-0.978109867763869,-0.420487347915062,0.678536342492073,-1.05575741295057,0.983470547774594,-0.675336650924735,-1.44140775018504,-0.488278885185423,0.0610020429773727,0.193113439105929,0.0935634407890512,-0.657189413968297,-0.493293969440142,0,0
0.0049123146617683,-0.91998843744384,-0.203640485666361,-0.588746746153083,-0.683598474400773,-0.0614006444954018,-0.278294946006147,-0.872713368944412,-0.399049091808217,-0.420487347915062,0.933858998287999,-0.579182975652249,0.235094809945959,-0.840340841990013,-0.0653818948206978,0.963082541396573,-0.17946026206368,0.0015691774575234,-0.11333832259833,-0.590388746858854,1.14001752792857,0,0
-1.89979435148552,0.771421878286652,-0.203640485666361,1.8732212796751,0.0411129190078526,-0.0614006444954018,1.56994397424837,-1.53079348739853,1.569757546441,-0.420487347915062,0.678536342492073,1.40654384642408,-0.691465627365683,1.85472761207619,0.278624569020388,-0.488278885185423,0.541926653059479,0.0015691774575234,-0.0443710681358694,3.11704827771523,-0.493293969440142,0,1
-1.05325805542006,-0.91998843744384,-0.203640485666361,-1.63587114130974,-0.352270173621888,-0.0614006444954018,-0.278294946006147,-1.47096802208452,0.411635994529696,-0.420487347915062,0.950880508674395,-0.923375624812146,0.448916449325569,-1.22535062114233,-1.09740128634395,-0.488278885185423,-0.960962753447102,-0.892304043568371,-1.07887988507277,-0.590388746858854,-0.493293969440142,0,0
-1.26489212943642,-0.0763993115226919,-0.0278060539118123,-0.177407644823257,-0.683598474400773,-0.0614006444954018,-0.278294946006147,-0.214633250490297,-0.399049091808217,-0.420487347915062,0.167891030900219,-0.0761321807262468,0.520190329118772,0.644696877597487,0.622631032861473,-0.488278885185423,-0.780616024666313,-0.126126996974747,-0.665076358298012,0.311420259118627,-2.12660546680886,0,0
0.0049123146617683,-0.91998843744384,-0.203640485666361,0.204863308869975,-0.683598474400773,-0.0614006444954018,-0.278294946006147,0.263970472021786,0.643260304911956,-0.420487347915062,2.56792399538193,0.400442256572072,-1.0121980864351,-0.730338047946495,0.278624569020388,-0.488278885185423,-0.17946026206368,0.0015691774575234,-0.11333832259833,-0.423387079085246,1.14001752792857,0,0
0.428180462694498,-0.288350196466074,-0.203640485666361,-1.05345725621855,-0.683598474400773,-0.0614006444954018,-0.278294946006147,0.563097798591838,-1.093922022955,0.0774349376354496,0.218955562059404,-0.658612048535303,0.983470547774594,0.149684304401653,-1.09740128634395,-0.488278885185423,0.902620110621058,1.02313857291569,0.990137748801035,-0.456787412639968,1.14001752792857,0,0
1.16889972175178,0.345395251437882,-0.203640485666361,-0.760793036423058,-0.683598474400773,-0.0614006444954018,-0.278294946006147,0.323795937335796,-0.283236936617087,0.0151946519416356,1.47854733065264,1.24768570065797,-1.19038278591811,0.754699671641005,1.99865688822581,-0.488278885185423,0.602042229319742,0.895442398483418,0.783235985413654,-0.356586411975803,1.14001752792857,0,0
-1.89979435148552,-0.91998843744384,-0.203640485666361,1.27862505690233,-0.683598474400773,-0.0614006444954018,-0.278294946006147,1.22117791704595,-1.093922022955,-0.420487347915062,0.576407280173702,-1.3469973468551,0.413279509428967,-2.16037437051224,-1.09740128634395,-0.488278885185423,-1.26154063474842,-1.14769639243291,-1.42371615738507,-0.690589747523018,-0.493293969440142,0,0
-0.524172870379144,-0.91998843744384,-0.203640485666361,0.343786676138352,-0.683598474400773,-0.0614006444954018,-0.278294946006147,1.22117791704595,-1.20973417814613,3.74961179357047,-0.666162978033143,-1.63823728075962,1.0191074876712,-1.83036598838168,-1.09740128634395,-0.488278885185423,-0.780616024666313,-0.573063607487694,-0.803010867222932,-0.690589747523018,-0.493293969440142,0,1
-0.735806944395509,-0.443332758722595,-0.203640485666361,0.0122888111777206,-0.683598474400773,-0.0614006444954018,-0.278294946006147,-0.274458715804308,-0.862297712572739,0.139675223329264,-0.0193455833501277,-1.18813920108899,1.126018307361,-0.730338047946495,-1.09740128634395,-0.488278885185423,-0.299691414584207,-0.0622789097586118,-0.32024008598571,-0.623789080413575,-2.12660546680886,0,0
1.06308268474359,-0.91998843744384,-0.203640485666361,-0.795151064628474,-0.683598474400773,-0.0614006444954018,-0.278294946006147,-0.812887903630401,-0.283236936617087,-0.420487347915062,2.70409607847309,-0.182037611236984,0.128183990256154,-0.180324077728902,-0.753394822502868,-0.488278885185423,0.902620110621058,0.767746224051147,0.783235985413654,-0.356586411975803,1.14001752792857,0,0
0.533997499702681,1.1736569901692,-0.184245317076758,-0.0271335855377841,0.213456888829499,-0.0614006444954018,-0.278294946006147,0.802399659847879,0.180011684147435,-0.420487347915062,-0.444883343010006,0.929969409125759,-0.762739507158886,0.754699671641005,0.278624569020388,-0.488278885185423,0.722273381840268,0.640050049618876,0.990137748801035,1.14642859798666,1.14001752792857,0,0
-0.735806944395509,-0.91998843744384,-0.203640485666361,1.77437362259263,1.07714400053619,-0.0614006444954018,1.51788087805184,1.22117791704595,-0.283236936617087,-0.420487347915062,-0.32573277030524,-0.102608538353931,-0.513280927882675,-1.00534503305529,-0.409388358661783,-0.488278885185423,-1.20142505848816,-1.40308874129745,-1.56165066631,-0.423387079085246,-0.493293969440142,0,0
1.06308268474359,0.508632138681184,-0.203640485666361,-1.24068521553566,-0.683598474400773,-0.0614006444954018,-0.278294946006147,0.0246686107657443,-0.746485557381608,-0.358247062221248,0.491299728241726,-0.711564763790671,0.805285848291585,-0.235325474750661,-0.0653818948206978,2.41444396797857,0.842504534360795,0.959290485699553,0.990137748801035,-0.556988413304132,1.14001752792857,0,0
0.639814536710864,-0.91998843744384,-0.203640485666361,-1.14876869675966,-0.683598474400773,-0.0614006444954018,-0.278294946006147,-0.214633250490297,-0.862297712572739,1.88240322275605,-0.070410114509313,-1.29404463159973,1.37547688663721,-0.565333856881217,-0.753394822502868,-0.488278885185423,0.241348771758162,0.448505787970471,0.300465204176432,-0.657189413968297,-0.493293969440142,0,0
-1.3707091664446,0.327704858235483,-0.203640485666361,0.0898173948043827,-0.683598474400773,-0.0614006444954018,-0.278294946006147,-0.812887903630401,-0.0516126262348262,-0.420487347915062,0.423213686696146,1.59187834981787,-1.1547458460215,1.52471922994563,0.966637496702558,-0.488278885185423,-0.54015371962526,-0.381519345839288,-0.665076358298012,-0.456787412639968,-0.493293969440142,0,0
-0.418355833370962,-0.91998843744384,-0.203640485666361,1.24027643053845,1.45477693365173,-0.0614006444954018,-0.278294946006147,-0.394109646432328,1.33813323605874,-0.420487347915062,1.12109561253835,1.43302020405176,-1.40420442529772,0.809701068662764,0.278624569020388,0.963082541396573,-0.17946026206368,-0.573063607487694,-0.527141849373091,0.144418591345019,-0.493293969440142,0,0
0.110729351669951,-0.252796247532259,-0.203640485666361,0.209720141933951,-0.683598474400773,-0.0614006444954018,-0.278294946006147,-0.394109646432328,-0.399049091808217,-0.420487347915062,0.729600873651258,-0.420324829886143,0.805285848291585,0.36968989248869,0.278624569020388,0.963082541396573,0.842504534360795,0.895442398483418,0.852203239876114,-0.523588079749411,-0.493293969440142,0,0
-1.47652620345279,0.289895978150226,-0.203640485666361,1.71091876810792,0.353189609125384,-0.0614006444954018,-0.278294946006147,-0.214633250490297,1.22232108086761,-0.420487347915062,-0.410840322237216,1.1947329854026,-1.36856748540111,0.36968989248869,0.622631032861473,-0.488278885185423,-0.780616024666313,-0.700759781919965,-0.871978121685393,-0.0559834099833098,-0.493293969440142,0,0
1.48635083277632,-0.91998843744384,-0.203640485666361,0.800125680554465,-0.0367664974313572,-0.0614006444954018,-0.278294946006147,-0.872713368944412,-0.167424781425956,-0.171526205139806,1.59769790335741,0.0297732497844906,0.0925470503595527,0.204685701423413,0.278624569020388,-0.488278885185423,0.662157805580005,0.767746224051147,0.783235985413654,-0.490187746194689,1.14001752792857,0,0
-1.47652620345279,-0.91998843744384,-0.203640485666361,1.15312046152963,-0.165204448889348,-0.0614006444954018,-0.278294946006147,-1.4111425567705,0.0641995289563043,-0.420487347915062,0.355127645150565,-0.499753902769196,-0.0500007092268538,-1.11534782709881,-1.09740128634395,0.963082541396573,-0.780616024666313,-0.956152130784506,-1.07887988507277,-0.490187746194689,-0.493293969440142,0,0
-0.524172870379144,0.573313779884571,-0.120638326494019,-1.63587114130974,-0.683598474400773,-0.0614006444954018,-0.278294946006147,0.503272333277827,-0.746485557381608,-0.420487347915062,1.64876243451659,0.797587620987337,-0.940924206641895,0.204685701423413,-0.409388358661783,-0.488278885185423,0.0008864667171094,0.0654172646736588,-0.0443710681358694,-0.523588079749411,1.14001752792857,0,0
0.322363425686316,0.757396927192337,-0.203640485666361,0.684125851879382,-0.683598474400773,-0.0614006444954018,-0.278294946006147,0.144319541393765,-0.746485557381608,-0.296006776527434,0.30406311399138,-0.923375624812146,1.0547444275678,-0.290326871772421,-1.09740128634395,-0.488278885185423,0.181233195497899,0.384657700754335,0.300465204176432,-0.590388746858854,-0.493293969440142,0,0
-0.100904722346414,1.94048489657957,-0.203640485666361,2.32045855724547,-0.683598474400773,-0.0614006444954018,-0.278294946006147,-1.29149162614248,0.295823839338565,-0.420487347915062,-0.223603707986869,0.26806046843365,0.69837502860178,1.63472202398915,0.622631032861473,-0.488278885185423,1.44366029696343,1.59777135786091,1.67981029342564,0.0776179242355761,-0.493293969440142,0,0
0.428180462694498,-0.91998843744384,-0.203640485666361,1.20292386239925,0.899354751852592,-0.0614006444954018,-0.278294946006147,-0.69323697300238,-0.283236936617087,-0.420487347915062,1.05300957099277,0.45339497182744,-1.0478350263317,-0.675336650924735,0.278624569020388,-0.488278885185423,0.0008864667171094,-0.0622789097586118,0.0245961863265909,-0.122784077092753,1.14001752792857,0,0
-0.100904722346414,0.684490268153326,-0.150131479135559,-0.304375410557187,0.553837035309241,-0.0614006444954018,-0.278294946006147,0.742574194533869,0.643260304911956,-0.420487347915062,-1.19382980001139,-0.129084895981615,0.342005629635764,0.259687098445172,0.622631032861473,0.963082541396573,-0.17946026206368,0.0015691774575234,-0.18230557706079,-0.189584744202196,-0.493293969440142,0,0
-1.05325805542006,-0.91998843744384,-0.203640485666361,-1.12079079220727,-0.683598474400773,-0.0614006444954018,-0.278294946006147,-1.17184069551446,-0.167424781425956,-0.171526205139806,0.218955562059404,-1.16166284346131,0.555827269015374,-1.55535900327288,-1.09740128634395,-0.488278885185423,-0.660384872145786,-0.700759781919965,-0.871978121685393,-0.590388746858854,-0.493293969440142,0,0
-1.05325805542006,-0.408114261615581,-0.203640485666361,0.134065812529932,0.303344001621424,-0.0614006444954018,-0.278294946006147,-1.11201523020045,0.0641995289563043,-0.420487347915062,-0.0874316248957081,-0.1555612536093,-0.0500007092268538,-0.400329665815939,-0.753394822502868,-0.488278885185423,-0.660384872145786,-0.700759781919965,-0.871978121685393,-0.323186078421082,-0.493293969440142,0,0
1.06308268474359,-0.91998843744384,-0.203640485666361,-0.682902367445266,3.74464485563762,-0.0614006444954018,-0.278294946006147,-1.82992081396858,3.53856418469022,-0.420487347915062,-1.39808792464813,1.35359113116871,-1.33293054550451,0.754699671641005,3.37468274359016,3.86580539456056,-2.34362100743316,-1.14769639243291,-1.49268341184753,2.14843860462831,-0.493293969440142,0,1
0.957265647735411,-0.62038436439867,-0.203640485666361,-1.22148780205676,0.471732319097226,-0.0614006444954018,-0.278294946006147,0.682748729219859,-0.630673402190478,0.326396080410705,0.0487404581954529,1.64483106507324,-1.0834719662283,1.74472481803267,1.31064396054364,2.41444396797857,0.842504534360795,0.256961526322065,0.714268730951194,1.58063293419804,-0.493293969440142,0,0
-1.89979435148552,1.75112962288639,-0.203640485666361,2.05856068042217,-0.683598474400773,-0.0614006444954018,-0.278294946006147,-1.59061895271254,1.80138185682326,-0.420487347915062,1.13811712292474,1.27416205828566,-0.513280927882675,1.85472761207619,-0.0653818948206978,0.963082541396573,0.541926653059479,0.831594311267282,0.714268730951194,1.48043193353388,-0.493293969440142,0,1
-0.524172870379144,0.619998428051399,-0.203640485666361,0.494089553962349,-0.683598474400773,-0.0614006444954018,-0.278294946006147,-0.69323697300238,-0.514861246999348,-0.420487347915062,-0.257646728759659,-0.526230260396881,0.840922788188187,0.204685701423413,-0.409388358661783,-0.488278885185423,-0.299691414584207,0.129265351889794,-0.25127283152325,-0.28978574486636,-2.12660546680886,0,0
-0.418355833370962,0.803117827773239,-0.0240617090052033,-0.444254301236962,0.977558551286145,-0.0614006444954018,-0.278294946006147,-0.753062438316391,0.180011684147435,-0.420487347915062,-0.802335061124304,0.929969409125759,-0.798376447055488,0.699698274619246,2.3426633520669,-0.488278885185423,0.0610020429773727,-0.253823171407018,-0.11333832259833,0.478421926892234,-0.493293969440142,0,0
0.0049123146617683,0.727346047017994,-0.203640485666361,1.2121707661302,-0.683598474400773,-0.0614006444954018,-0.278294946006147,-1.71026988334056,1.10650892567648,-0.420487347915062,1.9891926422445,1.14178027014723,-1.33293054550451,0.314688495466931,1.65465042438473,-0.488278885185423,0.0610020429773727,0.193113439105929,0.0935634407890512,-0.323186078421082,1.14001752792857,0,0
-0.735806944395509,-0.0836074799454427,-0.203640485666361,-0.0934696293696823,-0.683598474400773,-0.0614006444954018,-0.278294946006147,-0.753062438316391,-0.514861246999348,-0.109285919445992,0.423213686696146,-0.711564763790671,0.342005629635764,-0.950343636033532,-1.09740128634395,-0.488278885185423,-0.600269295885523,-0.381519345839288,-0.596109103835551,-0.590388746858854,-0.493293969440142,0,0
0.851448610727229,-0.91998843744384,-0.203640485666361,1.09646905544343,-0.683598474400773,-0.0614006444954018,-0.278294946006147,2.0587344314421,-1.32554633333726,0.824318365961217,0.0487404581954529,-1.26756827397204,1.1972921871542,-0.785339444968254,-1.09740128634395,-0.488278885185423,0.481811076799215,0.640050049618876,0.576334222026273,-0.657189413968297,1.14001752792857,0,0
-0.312538796362779,0.345395251437882,-0.133306713807843,-1.34417842802286,-0.683598474400773,-0.0614006444954018,-0.278294946006147,-0.63341150768837,0.295823839338565,-0.420487347915062,0.797686915196839,1.16825662777492,-0.442007048089472,1.74472481803267,1.99865688822581,-0.488278885185423,0.0610020429773727,0.193113439105929,0.0245961863265909,-0.490187746194689,-0.493293969440142,0,0
1.27471675875996,1.54459092671864,0.0018424412702967,-0.954117655491824,-0.683598474400773,-0.0614006444954018,-0.278294946006147,-0.513760577060349,-0.0516126262348262,-0.420487347915062,0.559385769787307,1.1947329854026,-1.19038278591811,0.644696877597487,-0.753394822502868,0.963082541396573,0.722273381840268,1.08698666013182,0.921170494338574,-0.28978574486636,1.14001752792857,0,0
-0.312538796362779,-0.287296580359687,-0.186057041647604,-1.63587114130974,-0.683598474400773,-0.0614006444954018,-0.278294946006147,0.86222512516189,-0.630673402190478,0.886558651655031,1.90408509031252,1.16825662777492,-0.869650326848691,1.08470805377156,4.7507085989545,-0.488278885185423,-0.17946026206368,0.129265351889794,0.0245961863265909,-0.456787412639968,-0.493293969440142,0,1
-1.15907509242824,-0.178446381983157,-0.203640485666361,0.757263560438118,0.905028398942824,-0.0614006444954018,1.3423016356294,-1.11201523020045,-0.0516126262348262,-0.420487347915062,-1.21085131039779,-0.0231794654708781,-0.691465627365683,-1.11534782709881,0.622631032861473,-0.488278885185423,-0.780616024666313,-1.33924065408132,-1.35474890292261,0.511822260446955,-0.493293969440142,0,0
0.851448610727229,-0.68098480147556,-0.203640485666361,-1.30530445788816,-0.683598474400773,-0.0614006444954018,-0.278294946006147,0.443446867963817,-0.746485557381608,-0.420487347915062,1.35939675794788,0.903493051498074,-1.19038278591811,0.0396815103581349,0.966637496702558,-0.488278885185423,0.602042229319742,0.767746224051147,0.714268730951194,-0.556988413304132,1.14001752792857,0,0
-1.15907509242824,-0.245679515398195,-0.0349800993413217,-1.63587114130974,-0.683598474400773,-0.0614006444954018,-0.278294946006147,0.443446867963817,-0.978109867763869,-0.296006776527434,-0.0363670937365228,-1.39995006211046,0.947833607877992,-1.44535620922936,-1.44140775018504,-0.488278885185423,-0.660384872145786,-0.381519345839288,-0.596109103835551,-0.623789080413575,-0.493293969440142,0,0
-0.735806944395509,1.11106250363069,-0.0625257052029077,0.70508965990519,1.05687305369391,-0.0614006444954018,-0.278294946006147,-1.29149162614248,0.759072460103087,-0.420487347915062,-0.461904853396401,1.35359113116871,-1.33293054550451,0.754699671641005,1.31064396054364,-0.488278885185423,0.421695500538952,-0.317671258623153,0.0245961863265909,1.48043193353388,1.14001752792857,0,0
-0.524172870379144,-0.91998843744384,-0.203640485666361,0.344533999598502,-0.683598474400773,-0.0614006444954018,-0.278294946006147,1.04170152110392,-1.093922022955,4.12305350773336,-0.717227509192328,-1.63823728075962,1.0191074876712,-1.83036598838168,-1.09740128634395,-0.488278885185423,-0.780616024666313,-0.573063607487694,-0.803010867222932,-0.690589747523018,-0.493293969440142,0,1
1.80380194380087,-0.91998843744384,-0.203640485666361,1.50281709367184,1.81665583935965,-0.0614006444954018,-0.278294946006147,-0.154807785176287,1.22232108086761,1.01103922304266,-0.0023240729637326,2.33321636339303,-1.40420442529772,2.67974856740258,-0.0653818948206978,-0.488278885185423,1.20319799192237,0.576201962402741,1.19703951218842,2.21523927173775,-0.493293969440142,0,1
-1.26489212943642,-0.91998843744384,-0.0908995853556974,-0.700738664562216,-0.683598474400773,-0.0614006444954018,-0.278294946006147,-0.394109646432328,-0.167424781425956,-0.420487347915062,1.32535373717509,-0.393848472258459,0.448916449325569,-0.125322680707143,-0.0653818948206978,-0.488278885185423,-1.02107832970737,-0.828455956352235,-1.07887988507277,-0.556988413304132,-2.12660546680886,0,0
1.59216786978451,2.29713423938751,-0.203640485666361,1.92381886910393,-0.683598474400773,-0.0614006444954018,-0.278294946006147,-0.513760577060349,-0.283236936617087,-0.420487347915062,-0.581055426101167,-0.843946551929093,1.48238770632702,0.534694083553968,-0.753394822502868,-0.488278885185423,1.26331356818264,1.53392327064477,1.47290853003826,-0.623789080413575,-0.493293969440142,0,0
-1.26489212943642,-0.68053214633071,-0.203640485666361,1.01367087614157,-0.375802014643266,-0.0614006444954018,-0.278294946006147,0.144319541393765,-0.514861246999348,-0.296006776527434,0.27002009321859,-0.182037611236984,-0.62019174757248,-1.33535341518585,1.65465042438473,-0.488278885185423,-1.20142505848816,-0.7646078691361,-1.07887988507277,-0.389986745530525,1.14001752792857,0,0
-1.89979435148552,1.18898440264561,1.00961708838021,0.69767046006342,-0.412511671035029,-0.0614006444954018,-0.278294946006147,-0.992364299572432,0.874884615294217,-0.420487347915062,0.678536342492073,0.638729475221231,-1.26165666571131,-0.620335253902976,0.966637496702558,0.963082541396573,-1.02107832970737,-0.892304043568371,-1.14784713953523,-0.256385411311639,-0.493293969440142,0,0
0.745631573719046,0.698352955236441,-0.169908408401353,1.72162849246056,1.39661311256769,-0.0614006444954018,-0.278294946006147,0.563097798591838,0.180011684147435,-0.420487347915062,-1.02361469614744,0.585776759965862,-0.513280927882675,0.42469128951045,-0.0653818948206978,0.963082541396573,1.50377587322369,0.384657700754335,0.576334222026273,1.91463626974526,1.14001752792857,0,0
0.110729351669951,-0.91998843744384,0.003813864036189,0.0848646281831628,-0.683598474400773,-0.0614006444954018,-0.278294946006147,1.520305243616,1.45394539124987,-0.171526205139806,-1.14276526885221,-0.367372114630775,0.0212731705663495,-0.730338047946495,1.31064396054364,0.963082541396573,-0.119344685803417,-0.189975084190882,-0.11333832259833,-0.657189413968297,1.14001752792857,0,0
1.69798490679269,-0.91998843744384,-0.203640485666361,0.92945558717657,-0.683598474400773,-0.0614006444954018,-0.278294946006147,0.383621402649807,-0.978109867763869,2.62928665108182,-0.666162978033143,-1.61176092313194,2.19512650425905,0.0396815103581349,-1.09740128634395,-0.488278885185423,1.44366029696343,1.66161944507704,1.61084303896318,-0.690589747523018,-0.493293969440142,0,0
0.110729351669951,0.617189948283908,9.85702845510885,-0.0413139502670582,0.304343965831941,-0.0614006444954018,-0.278294946006147,-0.57358604237436,-0.167424781425956,-0.420487347915062,-0.478926363782796,0.373965898944387,-0.798376447055488,-0.455331062837698,0.966637496702558,-0.488278885185423,-0.17946026206368,0.0015691774575234,-0.0443710681358694,-0.0893837435380313,1.14001752792857,0,1
0.322363425686316,-0.317209319924214,-0.203640485666361,0.0315402943903052,-0.683598474400773,-0.0614006444954018,-0.278294946006147,-0.154807785176287,-0.746485557381608,0.0151946519416356,0.0487404581954529,-1.05575741295057,1.0191074876712,-0.620335253902976,-0.409388358661783,-0.488278885185423,0.361579924278689,0.448505787970471,0.369432458638892,-0.657189413968297,-0.493293969440142,0,0
-0.629989907387327,2.19371929115146,-0.162650437563608,0.857411409253763,-0.47294841580759,-0.0614006444954018,-0.278294946006147,0.503272333277827,1.33813323605874,-0.420487347915062,-1.36404490387534,0.321013183689018,-0.228185408709862,0.314688495466931,0.278624569020388,-0.488278885185423,-0.0592291095431538,0.0654172646736588,0.231497949713972,-0.28978574486636,-0.493293969440142,0,0
1.69798490679269,-0.706779469073738,-0.203640485666361,-0.161421120160787,-0.683598474400773,-0.0614006444954018,-0.278294946006147,0.0844940760797547,-0.862297712572739,2.94048807955089,-0.189560687214079,-0.76451747904604,1.26856606694741,0.36968989248869,-0.409388358661783,-0.488278885185423,1.44366029696343,1.59777135786091,1.61084303896318,-0.623789080413575,1.14001752792857,0,0
-1.05325805542006,-0.91998843744384,-0.203640485666361,0.154604337268796,-0.683598474400773,-0.0614006444954018,2.55083521383832,-0.69323697300238,-0.399049091808217,0.0774349376354496,-0.172539176827684,-0.367372114630775,-0.121274589020057,-0.950343636033532,-0.0653818948206978,2.41444396797857,-0.960962753447102,-1.14769639243291,-1.14784713953523,-0.323186078421082,-0.493293969440142,0,0
0.533997499702681,1.88963203314981,-0.203640485666361,0.307126347480942,0.606215267917029,-0.0614006444954018,-0.278294946006147,0.742574194533869,0.180011684147435,-0.420487347915062,-0.104453135282103,1.64483106507324,-1.36856748540111,1.3047136418586,0.278624569020388,0.963082541396573,0.722273381840268,0.831594311267282,1.47290853003826,0.712224261775284,1.14001752792857,0,0
-0.418355833370962,1.17228213329637,-0.0291985962832502,-0.395659984948997,0.853200869849381,-0.0614006444954018,-0.278294946006147,-0.69323697300238,0.0641995289563043,-0.420487347915062,-0.734249019578723,1.77721285321166,-1.19038278591811,1.85472761207619,1.31064396054364,-0.488278885185423,0.0610020429773727,-0.0622789097586118,-0.0443710681358694,0.0108172571261331,-0.493293969440142,0,0
-2.74633064755098,-0.91998843744384,-0.203640485666361,1.89239665956266,-0.683598474400773,-0.0614006444954018,-0.278294946006147,1.10152698641793,-0.978109867763869,-0.420487347915062,1.00194503983358,-1.21461555871667,0.163820930152756,-2.27037716455575,-1.09740128634395,-0.488278885185423,-1.56211851604973,-1.53078491572972,-1.76855242969738,-0.623789080413575,-0.493293969440142,0,0
1.48635083277632,-0.27547057591926,-0.203640485666361,-0.447291544369207,0.14486301686162,-0.0614006444954018,-0.278294946006147,-0.453935111746339,-0.167424781425956,1.50896150859317,-0.172539176827684,0.135678680295228,0.0925470503595527,0.42469128951045,-0.753394822502868,2.41444396797857,1.56389144948395,1.21468283456409,1.33497402111334,0.0776179242355761,1.14001752792857,0,0
-0.524172870379144,0.650606852122105,-0.203640485666361,-1.63587114130974,-0.178888763277853,-0.0614006444954018,-0.278294946006147,-0.69323697300238,-0.167424781425956,-0.420487347915062,-0.223603707986869,0.585776759965862,-0.40637010819287,0.589695480575728,-0.0653818948206978,-0.488278885185423,-0.419922567104733,0.129265351889794,-0.25127283152325,0.211219258454462,-0.493293969440142,0,0
0.216546388678133,1.87797385576912,-0.203640485666361,1.75026555113376,0.665086425947254,-0.0614006444954018,-0.278294946006147,0.682748729219859,-0.0516126262348262,-0.420487347915062,-1.39808792464813,0.718158548104284,-0.156911528916659,1.24971224483684,0.278624569020388,-0.488278885185423,0.902620110621058,1.21468283456409,1.61084303896318,0.779024928884727,1.14001752792857,0,0
0.110729351669951,-0.91998843744384,-0.12039251663048,1.12613906986333,0.278987096679365,-0.0614006444954018,-0.278294946006147,0.981876055789911,1.68556970163213,-0.420487347915062,-1.38106641426174,-0.658612048535303,0.0925470503595527,-1.22535062114233,-0.409388358661783,-0.488278885185423,-0.17946026206368,-0.573063607487694,-0.32024008598571,-0.389986745530525,1.14001752792857,0,0
1.06308268474359,3.02224072310314,1.2989019325256,-1.63587114130974,0.040305894422027,-0.0614006444954018,-0.278294946006147,-0.753062438316391,1.91719401201439,-0.420487347915062,-1.12574375846581,1.98902371423313,-1.40420442529772,1.96473040611971,1.99865688822581,-0.488278885185423,1.86446933078527,1.34237900899636,1.61084303896318,1.14642859798666,1.14001752792857,0,1
-0.947441018411874,-0.51540308927377,-0.203640485666361,0.60246194787046,-0.683598474400773,-0.0614006444954018,-0.278294946006147,-0.394109646432328,-0.630673402190478,0.388636366104519,-0.0363670937365228,-1.32052098922741,0.947833607877992,-1.28035201816409,-1.09740128634395,-0.488278885185423,-0.600269295885523,-0.381519345839288,-0.596109103835551,-0.657189413968297,-0.493293969440142,0,0
-0.312538796362779,-0.0763993115226919,-0.0981398278785846,-1.63587114130974,-0.683598474400773,-0.0614006444954018,-0.278294946006147,0.981876055789911,-1.20973417814613,0.0151946519416356,-0.257646728759659,-0.182037611236984,0.734011968498382,0.754699671641005,-0.0653818948206978,-0.488278885185423,0.421695500538952,0.3208096135382,0.231497949713972,-0.456787412639968,-0.493293969440142,0,0
-1.26489212943642,-0.0789712100078405,0.146956216416397,-0.0849197215783315,-0.683598474400773,-0.0614006444954018,-0.278294946006147,0.323795937335796,-0.862297712572739,-0.0470456337521783,-0.172539176827684,0.532824044710493,-1.0834719662283,-0.565333856881217,-0.753394822502868,-0.488278885185423,-0.780616024666313,-0.445367433055424,-0.803010867222932,-0.456787412639968,1.14001752792857,0,0
0.639814536710864,-0.308462816861384,-0.152654878856032,-0.367166634254914,2.0675882527386,-0.0614006444954018,-0.278294946006147,0.383621402649807,1.10650892567648,-0.420487347915062,-0.410840322237216,0.744634905731968,-0.727102567262285,0.42469128951045,1.65465042438473,0.963082541396573,-0.0592291095431538,-0.0622789097586118,0.0935634407890512,0.37822092622807,1.14001752792857,0,0
0.0049123146617683,-0.91998843744384,1.87898206523086,-1.63587114130974,3.26817125402678,-0.0614006444954018,-0.278294946006147,-1.11201523020045,5.27574651255717,-0.420487347915062,-0.547012405328377,1.83016556846703,-1.43984136519432,1.57972062696739,1.99865688822581,-0.488278885185423,-0.17946026206368,-1.27539256686518,-1.35474890292261,2.28203993884719,-0.493293969440142,0,1
1.38053379576814,-0.91998843744384,-0.0516028769903742,-0.795151064628474,-0.683598474400773,-0.0614006444954018,-0.278294946006147,-0.214633250490297,-0.283236936617087,-0.420487347915062,1.2913107164023,1.64483106507324,-1.0834719662283,1.74472481803267,1.31064396054364,0.963082541396573,0.541926653059479,0.959290485699553,0.852203239876114,-0.490187746194689,-0.493293969440142,0,0
0.851448610727229,-0.91998843744384,-0.162098519640163,-0.946729197756076,1.87823845568357,-0.0614006444954018,-0.278294946006147,0.981876055789911,-0.0516126262348262,-0.420487347915062,-0.581055426101167,0.585776759965862,-0.976561146538496,-0.290326871772421,0.622631032861473,-0.488278885185423,0.361579924278689,0.0015691774575234,0.438399713101353,0.278019925563905,1.14001752792857,0,0
-1.26489212943642,0.612531830737505,2.0962738735031,0.907689196842474,-0.683598474400773,-0.0614006444954018,-0.278294946006147,-1.05218976488644,2.61206694316117,-0.420487347915062,2.72111758885949,1.85664192609471,-1.40420442529772,1.68972342101091,2.3426633520669,-0.488278885185423,-0.660384872145786,-0.573063607487694,-0.734043612760472,0.111018257790298,-0.493293969440142,0,1
-1.05325805542006,0.175854873896922,-0.203640485666361,-0.499122875017627,-0.683598474400773,-0.0614006444954018,-0.278294946006147,-1.4111425567705,0.295823839338565,-0.420487347915062,1.13811712292474,-0.499753902769196,0.484553389222171,-0.290326871772421,-1.09740128634395,0.963082541396573,-0.600269295885523,-0.381519345839288,-0.596109103835551,-0.490187746194689,-0.493293969440142,0,0
0.639814536710864,-0.542012591763162,-0.140613435930255,0.455247200282532,2.71734536473566,-0.0614006444954018,-0.278294946006147,0.443446867963817,1.33813323605874,-0.420487347915062,-0.98957167537465,0.797587620987337,-1.0834719662283,-0.0153198866636243,-0.0653818948206978,-0.488278885185423,-0.0592291095431538,-0.573063607487694,-0.11333832259833,0.912626263103613,1.14001752792857,0,0
0.110729351669951,-0.241153950126486,-0.203640485666361,0.241925068577349,-0.24731248043858,-0.0614006444954018,-0.278294946006147,-0.69323697300238,-0.283236936617087,-0.109285919445992,0.933858998287999,-0.420324829886143,0.377642569532366,-0.290326871772421,-0.0653818948206978,-0.488278885185423,0.361579924278689,0.3208096135382,0.300465204176432,-0.523588079749411,1.14001752792857,0,0
-0.735806944395509,-0.91998843744384,-0.203640485666361,1.16204522016551,1.48328860619247,-0.0614006444954018,1.9321987508927,1.22117791704595,-0.514861246999348,-0.420487347915062,-0.410840322237216,0.215107753178281,-0.940924206641895,-1.00534503305529,0.966637496702558,2.41444396797857,-1.14130948222789,-1.40308874129745,-1.42371615738507,-0.389986745530525,-0.493293969440142,0,0
-1.26489212943642,-0.160631553499611,-0.203640485666361,-1.11073668960603,-0.683598474400773,-0.0614006444954018,-0.278294946006147,0.503272333277827,-0.746485557381608,-0.23376649083362,0.321084624377775,0.506347687082809,-0.691465627365683,-0.0153198866636243,0.966637496702558,-0.488278885185423,-1.14130948222789,-0.381519345839288,-0.596109103835551,0.0108172571261331,-0.493293969440142,0,0
-0.418355833370962,0.414395967665906,-0.03676015581638,-0.251677705107436,1.03161557965123,-0.0614006444954018,-0.278294946006147,-0.932538834258422,0.180011684147435,-0.420487347915062,-0.189560687214079,0.426918614199756,-0.798376447055488,-0.34532826879418,0.622631032861473,-0.488278885185423,-0.17946026206368,-0.126126996974747,-0.25127283152325,-0.0559834099833098,1.14001752792857,0,0
-1.26489212943642,-0.91998843744384,0.0641958803977134,-1.63587114130974,-0.683598474400773,-0.0614006444954018,-0.278294946006147,0.383621402649807,-0.746485557381608,-0.420487347915062,1.12109561253835,0.0827259650398594,-1.22601972581471,-1.72036319433816,0.278624569020388,-0.488278885185423,-0.780616024666313,-0.700759781919965,-0.871978121685393,-0.623789080413575,1.14001752792857,0,0
0.745631573719046,1.93956067192484,-0.169581441268168,1.75417291128047,1.94187050296363,-0.0614006444954018,-0.278294946006147,0.383621402649807,0.527448149720826,-0.420487347915062,-1.39808792464813,0.585776759965862,-0.513280927882675,0.42469128951045,0.278624569020388,-0.488278885185423,0.662157805580005,0.193113439105929,0.300465204176432,0.712224261775284,1.14001752792857,0,0
-2.11142842550188,0.253947684934866,-0.203640485666361,-0.336931335808132,-0.683598474400773,-0.0614006444954018,-0.278294946006147,-1.23166616082847,-0.167424781425956,-0.109285919445992,0.389170665923355,-0.896899267184462,0.448916449325569,-1.17034922412057,-1.09740128634395,-0.488278885185423,-1.32165621100868,-1.21154447964905,-1.49268341184753,-0.556988413304132,-2.12660546680886,0,0
0.957265647735411,-0.668630737296019,-0.203640485666361,1.14535785242844,-0.683598474400773,-0.0614006444954018,-0.278294946006147,1.34082884767397,-1.20973417814613,-0.420487347915062,0.508321238628121,-1.32052098922741,1.51802464622362,-0.400329665815939,-1.44140775018504,-0.488278885185423,0.842504534360795,0.895442398483418,0.852203239876114,-0.657189413968297,1.14001752792857,0,0
-1.3707091664446,-0.91998843744384,-0.203640485666361,1.4979957591717,-0.683598474400773,-0.0614006444954018,-0.278294946006147,-1.05218976488644,-0.283236936617087,-0.420487347915062,0.882794467128814,-1.0028046976952,0.69837502860178,-1.00534503305529,-1.09740128634395,-0.488278885185423,-0.960962753447102,-0.828455956352235,-1.07887988507277,-0.657189413968297,-2.12660546680886,0,0
-0.735806944395509,-0.91998843744384,-0.203640485666361,1.21748180594151,1.58935999265415,-0.0614006444954018,1.65395489454613,1.16135245173194,-0.0516126262348262,-0.420487347915062,-0.938507144215464,0.0827259650398594,-0.442007048089472,-0.510332459859458,-0.0653818948206978,-0.488278885185423,-1.74246524483052,-1.40308874129745,-1.63061792077246,-0.323186078421082,-0.493293969440142,0,0
0.0049123146617683,2.34513722891135,-0.203640485666361,1.87657766014233,-0.683598474400773,-0.0614006444954018,-0.278294946006147,-0.872713368944412,-0.167424781425956,-0.420487347915062,0.508321238628121,-0.129084895981615,0.235094809945959,0.0946829073798942,-0.753394822502868,-0.488278885185423,0.541926653059479,0.576201962402741,0.507366967563813,-0.423387079085246,1.14001752792857,0,0
-1.05325805542006,-0.451718346368274,-0.203640485666361,-1.63587114130974,1.72405382292359,-0.0614006444954018,-0.278294946006147,-1.88974627928259,2.03300616720552,-0.420487347915062,2.14238623572205,1.45949656167945,-1.40420442529772,0.864702465684524,0.278624569020388,0.963082541396573,-1.02107832970737,-0.892304043568371,-1.07887988507277,1.38023093286971,-0.493293969440142,0,0
-1.05325805542006,-0.91998843744384,-0.203640485666361,0.409389351117953,2.16756871466703,-0.0614006444954018,-0.278294946006147,-1.59061895271254,0.527448149720826,-0.420487347915062,0.0998049893546384,-0.790993836673724,0.0212731705663495,-1.61036040029464,-0.0653818948206978,-0.488278885185423,-0.600269295885523,-1.02000021800064,-1.07887988507277,-0.0559834099833098,1.14001752792857,0,0
2.33288712884178,-0.175170049833676,-0.203640485666361,-0.605710478078753,-0.683598474400773,-0.0614006444954018,-0.278294946006147,-0.0351568545482661,0.643260304911956,-0.420487347915062,4.67859128329493,1.93607099897776,-1.43984136519432,1.79972621505443,1.31064396054364,6.76852824772456,1.02285126314158,1.4062270962125,1.4039412755758,0.0776179242355761,1.14001752792857,0,1
-0.629989907387327,1.30300798329603,-0.203640485666361,0.285774713273479,-0.683598474400773,-0.0614006444954018,-0.278294946006147,-1.23166616082847,0.0641995289563043,-0.420487347915062,0.201934051673009,-1.08223377057825,1.126018307361,-0.510332459859458,-1.09740128634395,0.963082541396573,0.0008864667171094,0.256961526322065,0.0935634407890512,-0.590388746858854,-0.493293969440142,0,0
1.59216786978451,-0.91998843744384,-0.203640485666361,-1.63587114130974,-0.683598474400773,-0.0614006444954018,-0.278294946006147,1.10152698641793,-1.20973417814613,0.326396080410705,-0.0193455833501277,0.162155037922912,-0.584554807675878,-0.565333856881217,-1.09740128634395,-0.488278885185423,0.722273381840268,0.895442398483418,0.852203239876114,-0.657189413968297,1.14001752792857,0,0
-1.79397731447733,0.580699055543484,-0.203640485666361,0.439734467781924,-0.362101871144716,-0.0614006444954018,-0.278294946006147,-1.47096802208452,0.295823839338565,-0.420487347915062,0.440235197082541,0.373965898944387,-0.762739507158886,-0.400329665815939,0.278624569020388,-0.488278885185423,-1.32165621100868,-0.956152130784506,-1.28578164846015,-0.256385411311639,-0.493293969440142,0,0
-0.629989907387327,-0.228153029834973,-0.203640485666361,-0.200551519330017,-0.683598474400773,-0.0614006444954018,-0.278294946006147,-1.17184069551446,-0.167424781425956,-0.420487347915062,0.627471811332887,-0.473277545141512,0.377642569532366,-0.400329665815939,-0.753394822502868,-0.488278885185423,-0.600269295885523,-0.126126996974747,-0.458174594910631,-0.389986745530525,-0.493293969440142,0,0
0.322363425686316,0.443905006912712,-0.203640485666361,-0.881309016871152,-0.683598474400773,-0.0614006444954018,-0.278294946006147,1.10152698641793,-0.746485557381608,-0.420487347915062,0.287041603604985,-0.870422909556777,1.0191074876712,-0.235325474750661,-1.09740128634395,-0.488278885185423,0.662157805580005,0.512353875186606,0.438399713101353,-0.456787412639968,-0.493293969440142,0,0
-1.05325805542006,-0.249256757900377,-0.203640485666361,2.0748932723646,1.9028715087138,-0.0614006444954018,-0.278294946006147,-1.65044441802655,2.26463047758778,-0.420487347915062,1.73386998644857,0.585776759965862,-1.0121980864351,-0.34532826879418,1.65465042438473,-0.488278885185423,-0.660384872145786,-0.700759781919965,-0.734043612760472,0.177818924899741,-0.493293969440142,0,0
0.428180462694498,0.561234075144258,-0.203640485666361,0.70548147311766,-0.411604276240132,-0.0614006444954018,-0.278294946006147,-0.0949823198622764,-0.862297712572739,-0.171526205139806,-0.529990894941981,-0.738041121418356,0.769648908394984,-0.34532826879418,-1.09740128634395,-0.488278885185423,0.481811076799215,0.576201962402741,0.507366967563813,-0.590388746858854,1.14001752792857,0,0
0.0049123146617683,-0.679163813396615,-0.203640485666361,0.695725838244286,0.554622705222994,-0.0614006444954018,-0.278294946006147,-0.992364299572432,0.180011684147435,-0.171526205139806,0.899815977515209,0.479871329455125,-0.798376447055488,-0.235325474750661,0.622631032861473,3.86580539456056,0.0008864667171094,-0.0622789097586118,-0.0443710681358694,-0.256385411311639,1.14001752792857,0,0
0.216546388678133,0.415570580077981,-0.203640485666361,0.519214073461397,0.46088414568441,-0.0614006444954018,-0.278294946006147,1.04170152110392,-0.399049091808217,-0.420487347915062,-0.564033915714772,0.241584110805965,-0.0143637693302521,0.479692686532209,0.278624569020388,-0.488278885185423,0.361579924278689,0.576201962402741,0.645301476488733,-0.189584744202196,-0.493293969440142,0,0
-1.05325805542006,-0.91998843744384,-0.203640485666361,0.0955127284279381,0.925476066260074,-0.0614006444954018,-0.278294946006147,-1.11201523020045,-0.167424781425956,-0.420487347915062,0.27002009321859,-0.711564763790671,-0.19254846881326,-1.77536459135992,-0.409388358661783,2.41444396797857,-0.600269295885523,-0.892304043568371,-0.940945376147853,-0.356586411975803,1.14001752792857,0,0
-1.26489212943642,0.168386784674556,0.008092423850444,-0.130535935691143,-0.683598474400773,-0.0614006444954018,-0.278294946006147,-0.453935111746339,0.0641995289563043,-0.420487347915062,0.525342749014517,0.585776759965862,-0.442007048089472,0.534694083553968,-0.0653818948206978,-0.488278885185423,-1.02107832970737,-0.0622789097586118,-0.596109103835551,1.01282726376778,-0.493293969440142,0,0
-1.26489212943642,1.16981191216653,-0.203640485666361,-0.672401332679241,-0.683598474400773,-0.0614006444954018,-0.278294946006147,-1.47096802208452,0.295823839338565,-0.420487347915062,-0.410840322237216,-0.843946551929093,0.662738088705179,-0.730338047946495,-0.753394822502868,-0.488278885185423,-0.840731600926576,-0.445367433055424,-0.803010867222932,-0.423387079085246,-0.493293969440142,0,0
0.957265647735411,-0.709091143320261,-0.203640485666361,-1.34417842802286,0.129661903193154,-0.0614006444954018,-0.278294946006147,0.563097798591838,-0.630673402190478,0.0151946519416356,0.218955562059404,1.32711477354102,-1.0834719662283,1.08470805377156,2.68666981590798,2.41444396797857,0.842504534360795,0.384657700754335,0.714268730951194,0.946026596658335,1.14001752792857,0,0
1.27471675875996,-0.91998843744384,-0.203640485666361,0.797099594113712,0.446951311017873,-0.0614006444954018,-0.278294946006147,-1.35131709145649,0.411635994529696,-0.420487347915062,2.22749378765403,0.056249607412175,0.199457870049358,0.42469128951045,-0.409388358661783,2.41444396797857,0.722273381840268,0.703898136835012,0.714268730951194,-0.323186078421082,1.14001752792857,0,0
1.48635083277632,0.410884419709632,-0.203640485666361,0.204863308869975,0.171751669318244,-0.0614006444954018,-0.278294946006147,-0.932538834258422,-0.167424781425956,-0.296006776527434,-0.121474645668498,-0.102608538353931,0.306368689739163,0.259687098445172,-0.753394822502868,0.963082541396573,0.842504534360795,0.959290485699553,0.921170494338574,-0.456787412639968,1.14001752792857,0,0
1.16889972175178,1.15950039711723,-0.203640485666361,-0.485412105575672,-0.149004638639301,-0.0614006444954018,-0.278294946006147,0.9220505904759,0.643260304911956,-0.420487347915062,-0.785313550737908,0.135678680295228,0.377642569532366,0.864702465684524,1.65465042438473,-0.488278885185423,0.602042229319742,0.703898136835012,0.990137748801035,-0.0893837435380313,-0.493293969440142,0,0
-0.524172870379144,2.00331609083335,-0.203640485666361,1.05961668480176,0.568937388728963,-0.0614006444954018,-0.278294946006147,-1.88974627928259,2.7278790983523,-0.420487347915062,-1.176808289625,1.6977837803286,-1.33293054550451,1.46971783292388,2.68666981590798,0.963082541396573,-0.17946026206368,-0.445367433055424,-0.389207340448171,0.678823928220563,-0.493293969440142,0,1
0.957265647735411,0.556292545561461,-0.203640485666361,-1.34417842802286,-0.683598474400773,-0.0614006444954018,-0.278294946006147,-0.154807785176287,0.411635994529696,-0.420487347915062,1.24024618524311,1.11530391251955,-0.727102567262285,1.19471084781508,1.31064396054364,0.963082541396573,1.02285126314158,1.15083474734796,1.05910500326349,-0.222985077756917,1.14001752792857,0,0
0.216546388678133,0.627774937741992,-0.187509998169423,0.772434842220763,0.559833277711984,-0.0614006444954018,-0.278294946006147,1.04170152110392,-0.399049091808217,-0.420487347915062,-0.564033915714772,0.241584110805965,-0.0143637693302521,0.479692686532209,0.278624569020388,-0.488278885185423,0.722273381840268,0.576201962402741,0.714268730951194,-0.122784077092753,1.14001752792857,0,0
-1.68816027746915,-0.91998843744384,-0.203640485666361,-0.174563842633454,-0.23090617668522,-0.0614006444954018,-0.278294946006147,-0.0949823198622764,-0.746485557381608,1.13551979443029,-0.444883343010006,-0.0496558230985624,-1.22601972581471,-1.99537017944696,0.622631032861473,-0.488278885185423,-0.960962753447102,-0.956152130784506,-1.07887988507277,-0.590388746858854,1.14001752792857,0,0
-2.32306249951825,-0.184057576176928,-0.191368920401227,0.196291787174732,-0.494405765823864,-0.0614006444954018,-0.278294946006147,1.16135245173194,-0.630673402190478,-0.420487347915062,0.40619217630975,-0.234990326492353,0.0569101104629511,-0.400329665815939,0.622631032861473,-0.488278885185423,-1.56211851604973,-1.21154447964905,-1.63061792077246,0.0108172571261331,-2.12660546680886,0,0
1.69798490679269,-0.91998843744384,-0.203640485666361,-1.63587114130974,-0.683598474400773,-0.0614006444954018,-0.278294946006147,0.802399659847879,-1.093922022955,0.0151946519416356,0.218955562059404,-1.39995006211046,1.58929852601682,-0.455331062837698,-1.09740128634395,-0.488278885185423,0.842504534360795,1.02313857291569,0.990137748801035,-0.657189413968297,1.14001752792857,0,0
0.428180462694498,-0.91998843744384,-0.203640485666361,-0.754915103782961,-0.683598474400773,-0.0614006444954018,-0.278294946006147,0.144319541393765,-0.630673402190478,-0.296006776527434,0.40619217630975,-0.923375624812146,1.0191074876712,-0.34532826879418,-0.753394822502868,0.963082541396573,0.481811076799215,0.640050049618876,0.576334222026273,-0.657189413968297,-0.493293969440142,0,0
-0.629989907387327,2.30231270426483,-0.161220872129117,0.70979984717787,-0.465601791051844,-0.0614006444954018,-0.278294946006147,0.503272333277827,1.22232108086761,-0.420487347915062,-1.34702339348895,0.294536826061334,-0.228185408709862,0.259687098445172,-0.409388358661783,-0.488278885185423,-0.0592291095431538,0.0015691774575234,0.231497949713972,-0.256385411311639,-0.493293969440142,0,0
1.38053379576814,2.79862690690123,-0.0264762152555005,-0.901124210282665,-0.683598474400773,-0.0614006444954018,-0.278294946006147,-0.0949823198622764,0.0641995289563043,-0.420487347915062,-1.39808792464813,0.929969409125759,-0.976561146538496,0.42469128951045,0.278624569020388,-0.488278885185423,1.20319799192237,1.47007518342864,1.47290853003826,-0.323186078421082,1.14001752792857,0,0
0.216546388678133,1.16550305292194,-0.181905900538708,1.60913494262177,0.991829680362012,-0.0614006444954018,-0.278294946006147,0.742574194533869,-0.283236936617087,-0.420487347915062,-1.39808792464813,0.559300402338178,0.0569101104629511,1.24971224483684,-0.0653818948206978,-0.488278885185423,0.902620110621058,0.895442398483418,1.19703951218842,0.779024928884727,-0.493293969440142,0,0
0.428180462694498,0.831463279558708,-0.203640485666361,0.786567257658393,-0.402184558121442,-0.0614006444954018,-0.278294946006147,-0.154807785176287,-0.862297712572739,-0.23376649083362,-0.683184488419538,-0.711564763790671,0.769648908394984,-0.290326871772421,-1.44140775018504,-0.488278885185423,0.541926653059479,0.640050049618876,0.576334222026273,-0.590388746858854,1.14001752792857,0,0
1.59216786978451,-0.280900389444129,-0.203640485666361,-0.162663290103419,-0.683598474400773,-0.0614006444954018,-0.278294946006147,0.0844940760797547,-0.862297712572739,2.44256579400038,-0.512969384555586,-1.18813920108899,1.91003098508624,0.479692686532209,-0.753394822502868,-0.488278885185423,1.26331356818264,1.53392327064477,1.54187578450072,-0.657189413968297,-0.493293969440142,0,0
-2.11142842550188,-0.91998843744384,-0.203640485666361,0.732568206334965,0.783819410272692,-0.0614006444954018,-0.278294946006147,-1.71026988334056,0.874884615294217,-0.23376649083362,0.37214915553696,-0.314419399375406,-0.442007048089472,-1.33535341518585,-0.409388358661783,0.963082541396573,-1.44188736352921,-1.59463300294586,-1.83751968415984,-0.356586411975803,-0.493293969440142,0,0
-1.05325805542006,-0.91998843744384,-0.203640485666361,0.766186185662771,1.99524541694802,-0.0614006444954018,-0.278294946006147,-1.4111425567705,0.295823839338565,-0.420487347915062,-0.0363670937365228,-0.499753902769196,-0.335096228399667,-1.55535900327288,-0.753394822502868,0.963082541396573,-0.600269295885523,-1.14769639243291,-1.28578164846015,0.0442175906808546,1.14001752792857,0,0
0.851448610727229,-0.91998843744384,-0.203640485666361,0.610849716408663,-0.683598474400773,-0.0614006444954018,-0.278294946006147,2.29803629269814,-1.44135848852839,2.56704636538801,-0.478926363782796,-1.42642641973815,1.48238770632702,-0.675336650924735,-0.753394822502868,-0.488278885185423,0.541926653059479,0.767746224051147,0.645301476488733,-0.690589747523018,-0.493293969440142,0,0
1.48635083277632,-0.91998843744384,-0.203640485666361,-1.24984513904172,-0.683598474400773,-0.0614006444954018,-0.278294946006147,0.323795937335796,-0.978109867763869,1.50896150859317,0.150869520513824,-0.817470194301409,1.0547444275678,-0.0703212836853836,-0.409388358661783,-0.488278885185423,1.44366029696343,1.4062270962125,1.4039412755758,-0.523588079749411,1.14001752792857,0,0
0.216546388678133,-0.255135206003199,-0.185163230146784,0.816290432489162,1.02560253303926,-0.0614006444954018,1.17470271775101,0.86222512516189,-0.0516126262348262,-0.420487347915062,-0.938507144215464,-0.0496558230985624,-0.263822348606464,-0.510332459859458,0.966637496702558,0.963082541396573,0.0610020429773727,-0.381519345839288,-0.0443710681358694,0.478421926892234,1.14001752792857,0,0
1.27471675875996,-0.91998843744384,0.639661445958834,-1.15347178431957,1.5580088312972,-0.0614006444954018,-0.278294946006147,1.22117791704595,2.14881832239665,-0.420487347915062,-0.938507144215464,0.400442256572072,-0.584554807675878,-0.0703212836853836,-0.409388358661783,-0.488278885185423,0.662157805580005,-1.53078491572972,0.852203239876114,-0.122784077092753,1.14001752792857,0,1
-2.32306249951825,0.37014340845985,-0.185713149444652,1.04070700204669,-0.407209829262661,-0.0614006444954018,-0.278294946006147,1.10152698641793,0.180011684147435,-0.420487347915062,0.0487404581954529,0.373965898944387,-0.0143637693302521,0.754699671641005,-0.409388358661783,-0.488278885185423,-1.62223409231,-1.21154447964905,-1.69958517523492,0.445021593337513,-2.12660546680886,0,0
-0.735806944395509,-0.91998843744384,-0.203640485666361,-0.362547554133755,-0.683598474400773,-0.0614006444954018,-0.278294946006147,-0.394109646432328,-0.746485557381608,0.264155794716891,0.133848010127429,-1.02928105532288,0.448916449325569,-1.44535620922936,-0.753394822502868,-0.488278885185423,-0.299691414584207,-0.253823171407018,-0.389207340448171,-0.657189413968297,1.14001752792857,0,0
0.110729351669951,-0.91998843744384,-0.179267596713541,-0.0185784316532556,-0.683598474400773,-0.0614006444954018,-0.278294946006147,1.99890896612809,-0.746485557381608,2.31808522261275,-0.785313550737908,-1.58528456550425,1.41111382653381,-1.11534782709881,-1.09740128634395,-0.488278885185423,0.0008864667171094,0.0654172646736588,0.0245961863265909,-0.690589747523018,-0.493293969440142,0,0
0.110729351669951,-0.91998843744384,-0.128546814117055,0.544161659724536,0.474132818261975,-0.0614006444954018,-0.278294946006147,1.04170152110392,0.759072460103087,-0.420487347915062,-1.12574375846581,0.638729475221231,-0.940924206641895,-0.125322680707143,-0.753394822502868,-0.488278885185423,-0.17946026206368,-0.700759781919965,-0.527141849373091,0.144418591345019,-0.493293969440142,0,0
-1.05325805542006,0.0306350319514975,-0.203640485666361,-0.978465998018244,-0.683598474400773,-0.0614006444954018,-0.278294946006147,-0.812887903630401,-0.167424781425956,-0.420487347915062,0.0998049893546384,-0.579182975652249,0.163820930152756,-0.950343636033532,-0.753394822502868,0.963082541396573,-0.960962753447102,-0.636911694703829,-0.871978121685393,-0.523588079749411,-0.493293969440142,0,0
-0.947441018411874,-0.91998843744384,-0.203640485666361,-1.63587114130974,-0.683598474400773,-0.0614006444954018,-0.278294946006147,-0.0351568545482661,-0.746485557381608,1.69568236567461,-0.32573277030524,0.215107753178281,-1.1191089061249,-1.28035201816409,-0.0653818948206978,-0.488278885185423,-0.54015371962526,-0.445367433055424,-0.596109103835551,-0.690589747523018,1.14001752792857,0,0
0.428180462694498,1.40699784731182,-0.0419645009241924,-1.63587114130974,-0.683598474400773,-0.0614006444954018,-0.278294946006147,0.0844940760797547,-0.167424781425956,-0.420487347915062,-0.223603707986869,1.98902371423313,-1.40420442529772,1.96473040611971,2.68666981590798,-0.488278885185423,0.481811076799215,0.767746224051147,0.714268730951194,-0.423387079085246,-0.493293969440142,0,0
0.533997499702681,1.00361065336377,-0.17448066708759,0.0571971874250331,0.440305620057018,-0.0614006444954018,-0.278294946006147,0.802399659847879,-0.0516126262348262,-0.420487347915062,-0.598076936487562,0.929969409125759,-0.762739507158886,0.754699671641005,-0.753394822502868,-0.488278885185423,0.602042229319742,0.640050049618876,0.921170494338574,0.879225929548892,1.14001752792857,0,0
-1.15907509242824,-0.0240952763087931,-0.203640485666361,1.46191047227448,0.755874790409233,-0.0614006444954018,-0.278294946006147,-0.63341150768837,-0.399049091808217,-0.420487347915062,-0.32573277030524,0.241584110805965,-0.727102567262285,-0.620335253902976,0.278624569020388,0.963082541396573,-0.54015371962526,-0.636911694703829,-0.734043612760472,0.278019925563905,1.14001752792857,0,0
-0.206721759354597,1.17558483935323,0.0875549327940397,0.296391546802915,-0.683598474400773,-0.0614006444954018,-0.278294946006147,-0.63341150768837,0.759072460103087,-0.420487347915062,1.52961186181183,1.16825662777492,-1.36856748540111,0.314688495466931,0.278624569020388,-0.488278885185423,1.38354472070316,0.831594311267282,0.990137748801035,0.61202326111112,1.14001752792857,0,0
0.216546388678133,1.04783913974161,-0.203640485666361,2.44669166009079,1.42426832299411,-0.0614006444954018,-0.278294946006147,0.9220505904759,-0.167424781425956,-0.420487347915062,-1.39808792464813,0.929969409125759,-0.370733168296268,1.35971503888036,0.966637496702558,-0.488278885185423,1.20319799192237,0.3208096135382,0.990137748801035,2.68284394150385,1.14001752792857,0,1
-1.05325805542006,-0.337348238367154,-0.203640485666361,1.58753481846745,2.31209794783617,-0.0614006444954018,-0.278294946006147,-1.71026988334056,2.38044263277891,-0.420487347915062,2.53388097460914,0.638729475221231,-1.0834719662283,-0.34532826879418,0.278624569020388,-0.488278885185423,-1.74246524483052,-1.14769639243291,-1.49268341184753,0.445021593337513,-0.493293969440142,0,0
-0.947441018411874,2.10514832647394,-0.144294817806394,0.579228015430815,-0.683598474400773,-0.0614006444954018,-0.278294946006147,0.622923263905848,0.874884615294217,-0.420487347915062,-0.98957167537465,0.0297732497844906,-0.19254846881326,-0.235325474750661,1.31064396054364,-0.488278885185423,-0.0592291095431538,-0.0622789097586118,-0.0443710681358694,-0.423387079085246,1.14001752792857,0,0
-0.735806944395509,-0.91998843744384,-0.203640485666361,1.16204522016551,-0.683598474400773,-0.0614006444954018,-0.278294946006147,-0.753062438316391,-0.399049091808217,-0.23376649083362,0.814708425583234,-0.605659333279934,0.199457870049358,-0.950343636033532,-0.0653818948206978,-0.488278885185423,-0.600269295885523,-0.509215520271559,-0.665076358298012,-0.623789080413575,-0.493293969440142,0,0
-1.79397731447733,0.393600356629717,-0.203640485666361,0.483762479646098,-0.402184558121442,-0.0614006444954018,-0.278294946006147,-1.47096802208452,0.180011684147435,-0.420487347915062,0.423213686696146,0.321013183689018,-0.691465627365683,-0.400329665815939,0.278624569020388,-0.488278885185423,-1.20142505848816,-0.892304043568371,-1.28578164846015,-0.323186078421082,-0.493293969440142,0,0
-0.629989907387327,0.0724206825702551,-0.203640485666361,-0.537787805826171,-0.683598474400773,-0.0614006444954018,-0.278294946006147,-0.992364299572432,-0.283236936617087,-0.420487347915062,0.355127645150565,-0.817470194301409,0.983470547774594,-0.180324077728902,-0.409388358661783,0.963082541396573,-0.299691414584207,0.0654172646736588,-0.25127283152325,-0.389986745530525,-2.12660546680886,0,0
0.110729351669951,-0.91998843744384,-0.135923521866773,1.35975665732348,0.360404920524702,-0.0614006444954018,-0.278294946006147,1.10152698641793,0.990696770485347,-0.420487347915062,-1.31298037271616,-1.0028046976952,0.448916449325569,-1.39035481220761,-0.753394822502868,-0.488278885185423,-0.17946026206368,-0.573063607487694,-0.458174594910631,-0.423387079085246,1.14001752792857,0,0
1.27471675875996,1.7473727697762,-0.203640485666361,0.577670275496563,-0.683598474400773,-0.0614006444954018,-0.278294946006147,-0.0949823198622764,-0.746485557381608,-0.420487347915062,-0.615098446873957,-0.896899267184462,1.55366158612022,0.534694083553968,-0.753394822502868,-0.488278885185423,1.14308241566211,1.34237900899636,1.33497402111334,-0.590388746858854,-0.493293969440142,0,0
1.59216786978451,0.603299774683702,-0.203640485666361,-0.130967759107582,-0.683598474400773,-0.0614006444954018,-0.278294946006147,-0.0351568545482661,-0.862297712572739,1.82016293706224,-0.785313550737908,-1.02928105532288,1.87439404518963,0.754699671641005,-1.44140775018504,-0.488278885185423,1.26331356818264,1.59777135786091,1.54187578450072,-0.657189413968297,-0.493293969440142,0,0
-0.735806944395509,-0.91998843744384,-0.203640485666361,0.0536918878594681,-0.683598474400773,-0.0614006444954018,-0.278294946006147,0.0246686107657443,-0.862297712572739,1.6334420799808,-0.0874316248957081,-1.45290277736583,1.126018307361,-1.28035201816409,-1.44140775018504,-0.488278885185423,-0.299691414584207,-0.189975084190882,-0.389207340448171,-0.657189413968297,-0.493293969440142,0,0
0.639814536710864,2.63732704787204,-0.203640485666361,0.414184804891749,-0.683598474400773,-0.0614006444954018,-0.278294946006147,0.383621402649807,-0.630673402190478,-0.420487347915062,-1.29595886232976,-0.658612048535303,1.126018307361,0.36968989248869,-0.753394822502868,-0.488278885185423,0.662157805580005,1.02313857291569,0.852203239876114,-0.523588079749411,-0.493293969440142,0,0
-1.15907509242824,0.561647359077413,-0.203640485666361,1.09646905544343,0.58606191803603,-0.0614006444954018,-0.278294946006147,-1.23166616082847,0.295823839338565,-0.420487347915062,-0.700205998805933,-0.0496558230985624,-0.584554807675878,-1.00534503305529,-0.0653818948206978,-0.488278885185423,-0.419922567104733,-0.7646078691361,-0.734043612760472,0.144418591345019,1.14001752792857,0,0
-0.206721759354597,-0.91998843744384,-0.203640485666361,0.762891184485725,-0.683598474400773,-0.0614006444954018,-0.278294946006147,0.622923263905848,-1.093922022955,0.264155794716891,-0.104453135282103,-1.42642641973815,1.1972921871542,-1.11534782709881,-1.09740128634395,-0.488278885185423,-0.17946026206368,-0.0622789097586118,-0.18230557706079,-0.690589747523018,-0.493293969440142,0,0
-1.05325805542006,0.35389490686516,-0.203640485666361,-0.314437102506552,0.135124603827145,-0.0614006444954018,-0.278294946006147,-0.812887903630401,-0.283236936617087,-0.420487347915062,-0.257646728759659,-0.446801187513828,0.0925470503595527,-0.785339444968254,-0.753394822502868,-0.488278885185423,-0.17946026206368,-0.189975084190882,-0.18230557706079,-0.28978574486636,1.14001752792857,0,0
0.428180462694498,-0.91998843744384,-0.101956169687606,0.613257778099121,1.92920747495441,-0.0614006444954018,2.38709134180135,1.10152698641793,0.874884615294217,-0.420487347915062,-0.547012405328377,0.294536826061334,-0.83401338695209,-0.675336650924735,0.622631032861473,-0.488278885185423,-0.119344685803417,-1.08384830521678,-0.596109103835551,1.07962793087722,1.14001752792857,0,0
-0.312538796362779,1.14542684520796,0.804976177339733,0.812713786056379,-0.683598474400773,-0.0614006444954018,-0.278294946006147,-0.274458715804308,-0.0516126262348262,-0.420487347915062,0.0487404581954529,-0.0231794654708781,0.876559728084789,1.3047136418586,1.65465042438473,0.963082541396573,0.842504534360795,0.895442398483418,0.990137748801035,-0.389986745530525,-0.493293969440142,0,0
0.110729351669951,-0.91998843744384,-0.177580476327858,0.525683520594264,-0.683598474400773,-0.0614006444954018,-0.278294946006147,2.0587344314421,-1.093922022955,3.93633265065191,-0.870421102669884,-1.69118999601499,1.44675076643041,-1.28035201816409,-1.09740128634395,-0.488278885185423,0.0008864667171094,0.129265351889794,0.0245961863265909,-0.690589747523018,-0.493293969440142,0,1
-0.418355833370962,0.623759074149224,-0.0749313997485207,0.0722585110946724,0.506998828700529,-0.0614006444954018,-0.278294946006147,-0.753062438316391,0.0641995289563043,-0.420487347915062,-0.478926363782796,0.426918614199756,-0.798376447055488,-0.34532826879418,0.622631032861473,-0.488278885185423,-0.17946026206368,0.0015691774575234,-0.11333832259833,-0.156184410647474,1.14001752792857,0,0
0.428180462694498,-0.91998843744384,-0.203640485666361,0.812713786056379,-0.683598474400773,-0.0614006444954018,-0.278294946006147,0.563097798591838,-1.093922022955,2.0691240798375,-0.444883343010006,-1.5058554926212,1.55366158612022,-0.730338047946495,-0.753394822502868,-0.488278885185423,0.481811076799215,0.640050049618876,0.576334222026273,-0.690589747523018,-0.493293969440142,0,0
0.322363425686316,0.629434622699938,-0.203640485666361,-1.20726875613379,-0.683598474400773,-0.0614006444954018,-0.278294946006147,0.802399659847879,-0.399049091808217,-0.420487347915062,-0.666162978033143,-0.552706618024565,0.734011968498382,-0.0153198866636243,-0.409388358661783,-0.488278885185423,0.301464348018426,0.640050049618876,0.576334222026273,-0.423387079085246,-0.493293969440142,0,0
0.851448610727229,-0.91998843744384,-0.161810032374118,-0.594979629457587,1.89602897773153,-0.0614006444954018,-0.278294946006147,0.9220505904759,0.0641995289563043,-0.420487347915062,-0.342754280691635,0.824063978615021,-0.976561146538496,0.204685701423413,1.31064396054364,0.963082541396573,0.361579924278689,-0.509215520271559,0.438399713101353,0.177818924899741,1.14001752792857,0,0
0.851448610727229,-0.686717371273782,-0.164742794043005,0.299956616856752,1.11547752209803,-0.0614006444954018,-0.278294946006147,1.10152698641793,0.0641995289563043,-0.358247062221248,0.218955562059404,2.35969272102071,-0.905287266745293,3.50476952272897,0.278624569020388,0.963082541396573,0.361579924278689,-0.956152130784506,0.300465204176432,0.211219258454462,-0.493293969440142,0,0
0.110729351669951,0.0062600796266323,-0.203640485666361,0.157664977976613,-0.683598474400773,-0.0614006444954018,-0.278294946006147,-0.214633250490297,-0.399049091808217,0.139675223329264,0.814708425583234,0.215107753178281,-0.156911528916659,0.204685701423413,-0.0653818948206978,0.963082541396573,0.181233195497899,0.640050049618876,0.507366967563813,-0.389986745530525,1.14001752792857,0,0
-0.418355833370962,0.751851832129823,-0.203640485666361,1.2545383195557,-0.683598474400773,-0.0614006444954018,-0.278294946006147,0.204145006707776,-0.514861246999348,-0.420487347915062,0.593428790560097,0.665205832848915,-1.0834719662283,-0.290326871772421,-0.409388358661783,-0.488278885185423,0.121117619237636,0.256961526322065,0.162530695251511,-0.490187746194689,1.14001752792857,0,0
-0.206721759354597,-0.260338401159924,-0.203640485666361,0.797099594113712,-0.683598474400773,-0.0614006444954018,-0.278294946006147,-0.453935111746339,-0.630673402190478,-0.420487347915062,0.882794467128814,-0.817470194301409,0.769648908394984,-0.510332459859458,-0.409388358661783,-0.488278885185423,0.0008864667171094,0.0654172646736588,-0.11333832259833,-0.590388746858854,-0.493293969440142,0,0
-0.206721759354597,-0.387639284467817,-0.203640485666361,0.573010205900708,-0.683598474400773,-0.0614006444954018,-0.278294946006147,0.144319541393765,-0.862297712572739,1.44672122289936,-0.240625218373264,-0.923375624812146,0.840922788188187,-0.620335253902976,-0.0653818948206978,-0.488278885185423,0.0610020429773727,0.193113439105929,0.0935634407890512,-0.623789080413575,-0.493293969440142,0,0
0.639814536710864,-0.91998843744384,-0.203640485666361,-0.424302289715373,-0.683598474400773,-0.0614006444954018,-0.278294946006147,-0.0949823198622764,-0.978109867763869,2.94048807955089,-0.478926363782796,-1.45290277736583,1.41111382653381,-0.840340841990013,-1.09740128634395,-0.488278885185423,0.301464348018426,0.448505787970471,0.369432458638892,-0.690589747523018,-0.493293969440142,0,0
-1.47652620345279,-0.667627315059388,-0.203640485666361,0.807419079081832,-0.359214179925638,-0.0614006444954018,-0.278294946006147,-1.17184069551446,-0.167424781425956,-0.420487347915062,0.457256707468936,-0.34089575700309,-0.0500007092268538,-0.785339444968254,0.278624569020388,-0.488278885185423,-0.960962753447102,-0.892304043568371,-1.14784713953523,-0.490187746194689,-0.493293969440142,0,0
0.851448610727229,-0.137929131717497,-0.181905900538708,0.888022467867892,0.656744029907471,-0.0614006444954018,-0.278294946006147,1.10152698641793,-0.283236936617087,-0.420487347915062,-0.495947874169191,-0.1555612536093,0.0925470503595527,-0.180324077728902,-0.0653818948206978,-0.488278885185423,0.421695500538952,0.193113439105929,0.438399713101353,-0.0559834099833098,1.14001752792857,0,0
0.851448610727229,2.46660765805335,-0.203640485666361,-1.63587114130974,-0.683598474400773,-0.0614006444954018,-0.278294946006147,0.682748729219859,-0.0516126262348262,-0.420487347915062,-1.39808792464813,1.6977837803286,-1.43984136519432,1.3047136418586,-0.409388358661783,-0.488278885185423,2.40550951712764,1.91701179394158,2.0936138202004,0.478421926892234,1.14001752792857,0,1
0.639814536710864,-0.014740782614,-0.153324142243263,-0.383820252125869,1.25573959123619,-0.0614006444954018,-0.278294946006147,0.323795937335796,0.527448149720826,-0.420487347915062,-0.444883343010006,0.744634905731968,-0.727102567262285,0.42469128951045,1.31064396054364,-0.488278885185423,0.361579924278689,0.256961526322065,0.369432458638892,0.37822092622807,1.14001752792857,0,0
0.428180462694498,-0.91998843744384,-0.11197723195385,1.40534230420004,2.14277597289419,-0.0614006444954018,3.32577088217535,1.10152698641793,0.874884615294217,-0.420487347915062,-1.07467922730663,0.321013183689018,-0.83401338695209,-0.620335253902976,0.622631032861473,-0.488278885185423,-0.119344685803417,-1.33924065408132,-0.940945376147853,1.68083393486221,1.14001752792857,0,1
0.110729351669951,-0.91998843744384,-0.179295741915509,0.383410312988156,-0.683598474400773,-0.0614006444954018,-0.278294946006147,1.99890896612809,-1.32554633333726,4.12305350773336,-0.802335061124304,-1.37347370448278,1.48238770632702,-0.565333856881217,-0.753394822502868,-0.488278885185423,0.0008864667171094,0.193113439105929,0.0935634407890512,-0.690589747523018,-2.12660546680886,0,1
0.428180462694498,-0.91998843744384,-0.203640485666361,1.32086415099288,0.886609555485685,-0.0614006444954018,-0.278294946006147,-0.753062438316391,-0.167424781425956,-0.420487347915062,1.58067639297101,0.744634905731968,-1.0478350263317,-0.0703212836853836,0.966637496702558,-0.488278885185423,0.0008864667171094,0.0015691774575234,0.0245961863265909,-0.122784077092753,1.14001752792857,0,0
0.639814536710864,0.260248874153356,-0.203640485666361,-0.0034811897323259,-0.683598474400773,-0.0614006444954018,-0.278294946006147,0.86222512516189,-0.746485557381608,-0.420487347915062,-0.0363670937365228,-0.817470194301409,1.2329291270508,0.204685701423413,-0.753394822502868,-0.488278885185423,0.722273381840268,0.640050049618876,0.576334222026273,-0.456787412639968,-0.493293969440142,0,0
-0.100904722346414,1.3829791576726,-0.203640485666361,-0.361774454869124,-0.387575654689141,-0.0614006444954018,-0.278294946006147,0.563097798591838,0.0641995289563043,-0.420487347915062,-0.717227509192328,0.294536826061334,-0.228185408709862,0.259687098445172,0.622631032861473,-0.488278885185423,0.902620110621058,0.512353875186606,0.507366967563813,0.0442175906808546,1.14001752792857,0,0
1.06308268474359,-0.709091143320261,-0.150890155718345,-1.34417842802286,-0.141424900172591,-0.0614006444954018,-0.278294946006147,0.622923263905848,-0.167424781425956,0.201915509023077,1.24024618524311,1.08882755489186,-1.36856748540111,0.149684304401653,2.68666981590798,3.86580539456056,0.722273381840268,0.640050049618876,0.714268730951194,-0.122784077092753,1.14001752792857,0,0
1.48635083277632,-0.508154816328381,-0.203640485666361,-1.63587114130974,1.96325056011813,-0.0614006444954018,-0.278294946006147,-1.53079348739853,2.26463047758778,-0.420487347915062,1.15513863331114,2.01550007186082,-1.43984136519432,1.96473040611971,1.31064396054364,0.963082541396573,0.722273381840268,0.384657700754335,0.645301476488733,0.511822260446955,-0.493293969440142,0,0
0.639814536710864,-0.91998843744384,-0.203640485666361,0.165053400738406,-0.683598474400773,-0.0614006444954018,-0.278294946006147,0.0246686107657443,-0.862297712572739,3.06496865093852,-0.29168974953245,-0.923375624812146,0.805285848291585,-0.675336650924735,-0.409388358661783,-0.488278885185423,0.301464348018426,0.384657700754335,0.300465204176432,-0.657189413968297,1.14001752792857,0,0
1.06308268474359,-0.146698392706162,-0.203640485666361,0.859721928585069,0.310386427935881,-0.0614006444954018,-0.278294946006147,-0.872713368944412,-0.0516126262348262,-0.420487347915062,1.52961186181183,0.241584110805965,-0.513280927882675,-0.290326871772421,-0.0653818948206978,0.963082541396573,0.481811076799215,0.576201962402741,0.576334222026273,-0.356586411975803,1.14001752792857,0,0
-0.418355833370962,0.981258501346835,-0.203640485666361,0.993749501804137,1.27148760553219,-0.0614006444954018,-0.278294946006147,-0.154807785176287,1.10650892567648,-0.420487347915062,-0.632119957260352,1.98902371423313,-1.43984136519432,1.90972900909795,2.68666981590798,2.41444396797857,-0.17946026206368,-0.189975084190882,-0.25127283152325,0.111018257790298,-0.493293969440142,0,0
1.27471675875996,-0.70659952974014,-0.203640485666361,0.134961985140513,-0.683598474400773,-0.0614006444954018,-0.278294946006147,-0.0949823198622764,-0.746485557381608,-0.358247062221248,0.33810613476417,-0.76451747904604,1.37547688663721,0.534694083553968,-1.44140775018504,-0.488278885185423,1.14308241566211,1.34237900899636,1.33497402111334,-0.623789080413575,-0.493293969440142,0,0
-1.05325805542006,-0.91998843744384,-0.203640485666361,0.107596194740105,0.288584152835844,-0.0614006444954018,-0.278294946006147,-1.05218976488644,-0.283236936617087,-0.420487347915062,0.355127645150565,-0.896899267184462,0.0569101104629511,-1.77536459135992,-0.409388358661783,2.41444396797857,-0.960962753447102,-0.828455956352235,-0.940945376147853,-0.556988413304132,1.14001752792857,0,0
-1.05325805542006,-0.91998843744384,-0.203640485666361,-0.277659331309868,-0.683598474400773,-0.0614006444954018,-0.278294946006147,-1.17184069551446,-0.283236936617087,-0.420487347915062,0.474278217855331,-1.13518648583362,0.520190329118772,-1.55535900327288,-1.44140775018504,-0.488278885185423,-0.660384872145786,-0.700759781919965,-0.871978121685393,-0.623789080413575,-0.493293969440142,0,0
1.80380194380087,-0.602317782682225,-0.203640485666361,1.00035657144803,-0.683598474400773,-0.0614006444954018,-0.278294946006147,0.622923263905848,-1.093922022955,0.762078080267403,-0.308711259918845,-1.3469973468551,2.01694180477604,0.314688495466931,-0.753394822502868,-0.488278885185423,1.14308241566211,1.4062270962125,1.33497402111334,-0.690589747523018,-0.493293969440142,0,0
-0.418355833370962,-0.211680767256161,-0.0067912944469561,0.650008234637326,0.83382945200194,-0.0614006444954018,1.26966983980667,-1.23166616082847,0.643260304911956,-0.420487347915062,0.133848010127429,0.45339497182744,-0.905287266745293,-0.455331062837698,0.622631032861473,-0.488278885185423,-0.17946026206368,-0.509215520271559,-0.389207340448171,0.712224261775284,1.14001752792857,0,0
-0.524172870379144,-0.91998843744384,-0.203640485666361,0.280509944004,-0.683598474400773,-0.0614006444954018,-0.278294946006147,-1.4111425567705,0.295823839338565,-0.420487347915062,0.712579363264863,-0.976328340067515,0.840922788188187,-0.730338047946495,-0.0653818948206978,-0.488278885185423,-0.480038143364997,-0.189975084190882,-0.389207340448171,-0.623789080413575,-0.493293969440142,0,0
-0.735806944395509,-0.636188378415226,-0.203640485666361,-0.458296903559388,-0.683598474400773,-0.0614006444954018,-0.278294946006147,-0.394109646432328,-0.746485557381608,0.326396080410705,0.0998049893546384,-0.843946551929093,0.448916449325569,-1.06034643007705,-0.753394822502868,-0.488278885185423,-0.299691414584207,-0.253823171407018,-0.32024008598571,-0.657189413968297,1.14001752792857,0,0
1.06308268474359,-0.91998843744384,-0.203640485666361,1.47292481977097,1.48328860619247,-0.0614006444954018,-0.278294946006147,-0.0351568545482661,0.0641995289563043,1.6334420799808,-0.427861832623611,1.08882755489186,-0.83401338695209,0.974705259728042,-0.753394822502868,0.963082541396573,1.26331356818264,0.512353875186606,1.12807225772596,2.21523927173775,1.14001752792857,0,0
1.69798490679269,-0.91998843744384,0.199408232522609,-1.63587114130974,-0.683598474400773,-0.0614006444954018,-0.278294946006147,1.520305243616,-1.32554633333726,3.99857293634573,-0.751270529965118,-1.58528456550425,1.73184628560323,-0.620335253902976,-1.09740128634395,-0.488278885185423,0.842504534360795,0.959290485699553,0.921170494338574,-0.690589747523018,1.14001752792857,1,1
1.90961898080905,-0.91998843744384,-0.203640485666361,-1.14944617723263,-0.683598474400773,-0.0614006444954018,-0.278294946006147,2.17838536207012,-1.20973417814613,0.637597508879775,-0.189560687214079,-0.790993836673724,1.41111382653381,0.534694083553968,-0.753394822502868,-0.488278885185423,0.962735686881321,1.08698666013182,0.990137748801035,-0.657189413968297,-0.493293969440142,1,0
0.851448610727229,-0.91998843744384,-0.0419645009241924,0.509770231392555,-0.185081520668953,-0.0614006444954018,4.80719687714389,1.04170152110392,1.10650892567648,-0.296006776527434,-1.34702339348895,-0.473277545141512,-0.19254846881326,-1.28035201816409,-0.409388358661783,-0.488278885185423,-0.299691414584207,-0.636911694703829,-0.458174594910631,-0.323186078421082,1.14001752792857,1,1
0.110729351669951,-0.91998843744384,-0.203640485666361,-1.63587114130974,-0.683598474400773,-0.0614006444954018,-0.278294946006147,1.81943257018606,-1.44135848852839,5.24337865022201,-0.904464123442674,-1.77061906889805,1.44675076643041,-1.44535620922936,-1.09740128634395,-0.488278885185423,-0.17946026206368,0.0654172646736588,-0.11333832259833,-0.690589747523018,-0.493293969440142,1,1
-0.206721759354597,-0.91998843744384,7.23725891164661,-1.63587114130974,-0.683598474400773,-0.0614006444954018,8.58732173541673,2.11855989675611,-1.32554633333726,-0.420487347915062,-1.39808792464813,-1.18813920108899,0.591464208911976,-1.55535900327288,-1.09740128634395,-0.488278885185423,-1.68234966857026,-0.828455956352235,-1.14784713953523,0.0776179242355761,-2.12660546680886,1,1
-0.735806944395509,-0.91998843744384,-0.0158226828653024,-1.63587114130974,-0.683598474400773,-0.0614006444954018,-0.278294946006147,1.40065431298798,-1.32554633333726,4.24753407912098,-0.802335061124304,-1.74414271127036,1.0547444275678,-1.99537017944696,-1.44140775018504,-0.488278885185423,-0.660384872145786,-0.509215520271559,-0.734043612760472,-0.690589747523018,-0.493293969440142,1,1
-1.26489212943642,-0.91998843744384,-0.203640485666361,-0.2033510444934,2.35942607677692,-0.0614006444954018,1.66186923585168,1.04170152110392,0.527448149720826,-0.420487347915062,-0.734249019578723,1.43302020405176,-0.976561146538496,1.46971783292388,1.99865688822581,0.963082541396573,-1.74246524483052,-2.42465813675562,-2.18235595647214,0.545222594001677,-2.12660546680886,1,1
-0.418355833370962,-0.91998843744384,-0.17105540233285,0.796629544164984,0.82351000986858,-0.0614006444954018,3.56529932201141,1.28100338235996,1.45394539124987,-0.420487347915062,-1.39808792464813,1.45949656167945,-0.976561146538496,1.52471922994563,-0.0653818948206978,-0.488278885185423,-1.86269639735105,-2.80774666005243,-1.69958517523492,0.0108172571261331,-0.493293969440142,1,1
-1.26489212943642,-0.91998843744384,-0.203640485666361,0.0455689770788331,2.12918764076844,-0.0614006444954018,1.31581118902819,1.04170152110392,0.0641995289563043,-0.420487347915062,0.0998049893546384,0.294536826061334,-0.762739507158886,-0.565333856881217,0.278624569020388,0.963082541396573,-3.00489234629605,-1.97772152624267,-2.45822497432198,1.44703159997916,-2.12660546680886,1,1
0.110729351669951,-0.91998843744384,-0.172267646751306,0.445911882394561,0.283761832337578,-0.0614006444954018,4.65584293311247,0.9220505904759,0.874884615294217,-0.420487347915062,-0.547012405328377,0.824063978615021,-1.0834719662283,0.0396815103581349,0.278624569020388,-0.488278885185423,-2.16327427865237,-1.8500253518104,-1.97545419308476,1.0462275973225,-0.493293969440142,1,1
0.322363425686316,-0.91998843744384,-0.203640485666361,-1.63587114130974,-0.683598474400773,-0.0614006444954018,-0.278294946006147,1.04170152110392,-1.093922022955,3.99857293634573,-0.223603707986869,0.612253117593546,-0.691465627365683,0.204685701423413,-0.409388358661783,-0.488278885185423,0.421695500538952,0.576201962402741,0.507366967563813,-0.657189413968297,1.14001752792857,1,1
-0.312538796362779,-0.91998843744384,-0.203640485666361,0.569296216748531,2.59542357856393,-0.0614006444954018,1.81233588769098,1.22117791704595,1.33813323605874,-0.420487347915062,-1.39808792464813,0.718158548104284,-1.43984136519432,-0.730338047946495,1.65465042438473,2.41444396797857,-1.86269639735105,-2.68005048562016,-1.63061792077246,-0.256385411311639,-0.493293969440142,1,1
1.27471675875996,-0.91998843744384,-0.169022180293153,-1.06158618251936,-0.683598474400773,-0.0614006444954018,-0.278294946006147,2.35786175801215,-1.32554633333726,1.69568236567461,-0.461904853396401,-0.94985198243983,1.48238770632702,0.314688495466931,-0.753394822502868,-0.488278885185423,0.481811076799215,0.640050049618876,0.576334222026273,-0.690589747523018,-2.12660546680886,1,0
-1.26489212943642,-0.91998843744384,-0.203640485666361,-0.0780112463943949,2.21201900089043,-0.0614006444954018,2.18327939686459,1.10152698641793,0.643260304911956,-0.420487347915062,-1.39808792464813,1.43302020405176,-0.976561146538496,1.46971783292388,2.68666981590798,2.41444396797857,-1.74246524483052,-2.55235431118789,-2.11338870200968,0.511822260446955,-2.12660546680886,1,1
-0.947441018411874,-0.91998843744384,-0.203640485666361,0.809859946341628,0.074054337116434,-0.0614006444954018,3.58620456931138,-1.11201523020045,3.30693987430796,-0.420487347915062,1.90408509031252,1.90959464135008,-1.43984136519432,1.74472481803267,1.31064396054364,0.963082541396573,-0.600269295885523,-1.78617726459426,-1.63061792077246,3.2172492783794,-0.493293969440142,1,1
-1.26489212943642,-0.91998843744384,-0.203640485666361,-0.0791669257475023,1.7276260012647,-0.0614006444954018,2.18145325271358,1.16135245173194,-0.167424781425956,-0.420487347915062,0.0317189478090578,0.294536826061334,-0.762739507158886,-0.565333856881217,-0.409388358661783,0.963082541396573,-3.00489234629605,-2.29696196232335,-3.00996301002166,0.912626263103613,-2.12660546680886,1,1
-1.26489212943642,-0.91998843744384,-0.203640485666361,-0.482566799505824,1.19210757645943,-0.0614006444954018,2.45520925411983,1.04170152110392,-0.167424781425956,-0.420487347915062,0.201934051673009,0.241584110805965,-0.762739507158886,-0.675336650924735,0.622631032861473,0.963082541396573,-3.00489234629605,-2.04156961345881,-2.45822497432198,1.17982893154139,-0.493293969440142,1,1
-0.418355833370962,-0.91998843744384,0.203027958486273,-0.570674549712906,0.306349939867899,-0.0614006444954018,4.77105629901824,-0.932538834258422,0.874884615294217,-0.420487347915062,-0.172539176827684,1.8831182837224,-1.29729360560791,1.90972900909795,3.37468274359016,-0.488278885185423,-0.419922567104733,-1.65848109016199,-0.871978121685393,3.51785228037189,-0.493293969440142,1,1
-0.841623981403692,-0.91998843744384,-0.203640485666361,-1.63587114130974,-0.683598474400773,-0.0614006444954018,-0.278294946006147,2.47751268864017,-1.32554633333726,4.06081322203954,-0.717227509192328,-1.63823728075962,0.983470547774594,-1.88536738540344,-1.09740128634395,-0.488278885185423,-0.72050044840605,-0.573063607487694,-0.803010867222932,-0.690589747523018,-0.493293969440142,1,1
-1.26489212943642,-0.91998843744384,-0.203640485666361,-1.23433321094207,1.55543525202775,-0.0614006444954018,3.5285256032128,1.16135245173194,-0.399049091808217,-0.420487347915062,-1.39808792464813,0.162155037922912,-0.584554807675878,-0.565333856881217,-0.409388358661783,-0.488278885185423,-3.00489234629605,-2.16926578789108,-2.5961594832469,0.645423594665841,-2.12660546680886,1,1
1.69798490679269,-0.91998843744384,0.0512875462770294,-1.63587114130974,-0.683598474400773,-0.0614006444954018,-0.278294946006147,1.81943257018606,-1.44135848852839,4.80769665036531,-0.904464123442674,-1.77061906889805,1.94566792498284,-0.675336650924735,-1.09740128634395,-0.488278885185423,0.722273381840268,0.959290485699553,0.852203239876114,-0.690589747523018,-0.493293969440142,1,1
-0.206721759354597,-0.91998843744384,7.08906489818982,-1.63587114130974,-0.683598474400773,-0.0614006444954018,4.93513373456241,2.11855989675611,-1.32554633333726,-0.420487347915062,-0.138496156054893,-0.658612048535303,0.199457870049358,-1.06034643007705,-0.409388358661783,-0.488278885185423,-1.68234966857026,-0.636911694703829,-1.00991263061031,0.61202326111112,1.14001752792857,1,1
0.110729351669951,-0.91998843744384,7.39486129478424,-0.178623024716728,-0.0064462759355803,-0.0614006444954018,3.17560148648337,-1.59061895271254,1.45394539124987,-0.420487347915062,2.26153680842682,0.87701669387039,-0.83401338695209,0.534694083553968,-0.0653818948206978,-0.488278885185423,-1.26154063474842,-0.828455956352235,-1.07887988507277,0.912626263103613,-0.493293969440142,1,1
-0.312538796362779,-0.91998843744384,-0.181747912138328,0.54319144725224,1.34152962979766,-0.0614006444954018,3.1648417423577,1.28100338235996,2.03300616720552,-0.420487347915062,-1.39808792464813,0.585776759965862,-1.43984136519432,-1.00534503305529,1.31064396054364,-0.488278885185423,-1.86269639735105,-3.25468327056538,-1.97545419308476,-0.356586411975803,-0.493293969440142,1,1
-0.312538796362779,-0.91998843744384,-0.181019725136879,0.615670980960893,1.06014113110365,-0.0614006444954018,3.27936659472201,1.34082884767397,2.14881832239665,-0.420487347915062,-1.39808792464813,1.45949656167945,-0.976561146538496,1.52471922994563,0.966637496702558,-0.488278885185423,-1.86269639735105,-3.38237944499765,-2.04442144754722,-0.222985077756917,-2.12660546680886,1,1
0.110729351669951,-0.91998843744384,-0.203640485666361,1.87713769807603,0.404681866616959,-0.0614006444954018,1.5720066964932,0.9220505904759,2.14881832239665,-0.420487347915062,-1.39808792464813,0.188631395550597,-1.1547458460215,-1.39035481220761,-0.753394822502868,-0.488278885185423,-0.660384872145786,-2.36081004953948,-1.76855242969738,1.81443526908109,1.14001752792857,1,1
-1.26489212943642,-0.91998843744384,-0.203640485666361,-0.0196994867913898,2.62080417512992,-0.0614006444954018,2.78616028927996,1.16135245173194,0.295823839338565,-0.420487347915062,-1.39808792464813,0.982922124381127,-0.976561146538496,0.534694083553968,1.99865688822581,0.963082541396573,-3.00489234629605,-2.61620239840402,-2.38925771985952,0.745624595330006,-2.12660546680886,1,1
-0.100904722346414,-0.91998843744384,7.71156185521119,-1.63587114130974,-0.683598474400773,-0.0614006444954018,5.53879382602542,2.11855989675611,-1.32554633333726,-0.420487347915062,-0.104453135282103,-0.658612048535303,0.199457870049358,-1.06034643007705,-0.409388358661783,-0.488278885185423,-1.68234966857026,-0.509215520271559,-0.596109103835551,0.812425262439449,1.14001752792857,1,1
-2.32306249951825,0.203859740678984,-0.203640485666361,1.47292481977097,1.48328860619247,-0.0614006444954018,3.40586127075428,1.40065431298798,1.80138185682326,-0.420487347915062,-1.39808792464813,1.56540199219018,-1.0834719662283,1.57972062696739,0.966637496702558,-0.488278885185423,-2.70431446499474,-2.9354428344847,-2.87202850109674,0.678823928220563,-2.12660546680886,1,1
-0.947441018411874,-0.91998843744384,-0.167353827591958,-1.63587114130974,-0.683598474400773,-0.0614006444954018,-0.278294946006147,1.520305243616,-1.32554633333726,2.94048807955089,-0.240625218373264,-1.13518648583362,0.342005629635764,-1.83036598838168,-1.44140775018504,-0.488278885185423,-0.780616024666313,-0.7646078691361,-0.940945376147853,-0.657189413968297,1.14001752792857,1,1
0.110729351669951,-0.91998843744384,-0.203640485666361,-1.63587114130974,-0.683598474400773,-0.0614006444954018,-0.278294946006147,1.69978163955804,-1.44135848852839,5.05665779314057,-0.836378081897094,-1.74414271127036,1.44675076643041,-1.39035481220761,-1.09740128634395,-0.488278885185423,-0.17946026206368,0.0654172646736588,-0.11333832259833,-0.690589747523018,-0.493293969440142,1,1
0.639814536710864,-0.91998843744384,-0.155834253633548,1.53636963673074,3.73862004282886,-0.0614006444954018,3.48104817630513,0.9220505904759,1.33813323605874,-0.420487347915062,-1.39808792464813,0.850540336242706,-1.26165666571131,-0.180324077728902,1.31064396054364,2.41444396797857,-1.14130948222789,-2.16926578789108,-1.35474890292261,1.9814369368547,-0.493293969440142,1,1
0.110729351669951,-0.91998843744384,-0.179435493911618,0.371818545502564,0.0627461119098371,-0.0614006444954018,3.5285256032128,0.9220505904759,1.45394539124987,-0.420487347915062,-0.0023240729637326,0.824063978615021,-1.0834719662283,0.0396815103581349,0.278624569020388,-0.488278885185423,-1.02107832970737,-2.10541770067494,-1.69958517523492,1.07962793087722,-0.493293969440142,1,1
0.110729351669951,-0.91998843744384,-0.203640485666361,-1.63587114130974,-0.683598474400773,-0.0614006444954018,-0.278294946006147,1.69978163955804,-1.32554633333726,4.43425493620243,-0.785313550737908,-1.74414271127036,1.44675076643041,-1.39035481220761,-1.09740128634395,-0.488278885185423,-0.119344685803417,0.0654172646736588,-0.11333832259833,-0.690589747523018,-0.493293969440142,1,1
1.69798490679269,-0.91998843744384,-0.150890155718345,-1.63587114130974,-0.683598474400773,-0.0614006444954018,-0.278294946006147,1.520305243616,-1.32554633333726,3.8740923649581,-0.529990894941981,-1.47937913499352,1.62493546591342,-0.565333856881217,-0.409388358661783,-0.488278885185423,0.842504534360795,0.959290485699553,0.921170494338574,-0.690589747523018,1.14001752792857,1,1
2.01543601781724,-0.91998843744384,-0.168473599737102,-1.63587114130974,-0.683598474400773,-0.0614006444954018,-0.278294946006147,2.17838536207012,-1.20973417814613,1.32224065151173,-0.274668239146055,-1.05575741295057,1.41111382653381,-0.0153198866636243,-0.753394822502868,-0.488278885185423,0.962735686881321,1.21468283456409,1.12807225772596,-0.657189413968297,-0.493293969440142,1,0
0.110729351669951,-0.555628431210725,-0.203640485666361,1.38781367296099,0.721443583268015,-0.0614006444954018,6.88829147500716,1.10152698641793,0.759072460103087,-0.420487347915062,-1.39808792464813,1.56540199219018,-1.36856748540111,1.13970945079332,-0.0653818948206978,-0.488278885185423,-0.660384872145786,-2.48850622397175,-2.73409399217182,4.21925928502104,-2.12660546680886,1,1
-0.206721759354597,-0.49140225196304,-0.167907352005583,1.32802331948281,2.0709189965224,-0.0614006444954018,2.53165481481316,1.16135245173194,1.10650892567648,-0.420487347915062,-1.39808792464813,2.30674000576534,-1.43984136519432,2.56974577335906,1.31064396054364,-0.488278885185423,-4.5678973290629,-3.06313900891697,-1.69958517523492,7.4256913062743,-2.12660546680886,1,1
0.216546388678133,0.293767607066371,-0.169908408401353,-1.07628786901469,0.356507319083456,-0.0614006444954018,5.02689005918071,1.04170152110392,0.0641995289563043,-0.420487347915062,-1.39808792464813,1.0358748396365,-0.691465627365683,1.08470805377156,-0.0653818948206978,-0.488278885185423,-2.82454561751526,-1.27539256686518,-1.83751968415984,4.25265961857576,-2.12660546680886,1,1
0.110729351669951,-0.657407084579264,-0.203640485666361,1.26954564343957,0.66648692839818,-0.0614006444954018,4.88641008653962,1.04170152110392,0.874884615294217,-0.420487347915062,-1.39808792464813,1.56540199219018,-1.36856748540111,1.13970945079332,0.278624569020388,-0.488278885185423,-0.660384872145786,-2.10541770067494,-1.97545419308476,3.11704827771523,-0.493293969440142,1,1
0.533997499702681,-0.91998843744384,-0.203640485666361,-1.63587114130974,-0.683598474400773,-0.0614006444954018,-0.278294946006147,1.75960710487205,-1.32554633333726,3.99857293634573,-0.717227509192328,-1.61176092313194,1.58929852601682,-0.895342239011772,-1.09740128634395,-0.488278885185423,0.241348771758162,0.512353875186606,0.369432458638892,-0.657189413968297,-0.493293969440142,1,1
-1.26489212943642,-0.91998843744384,-0.203640485666361,0.008028004246648,2.7538839562277,-0.0614006444954018,-0.278294946006147,0.9220505904759,0.180011684147435,-0.420487347915062,0.133848010127429,0.294536826061334,-0.762739507158886,-0.565333856881217,-0.0653818948206978,0.963082541396573,-3.00489234629605,-1.78617726459426,-2.18235595647214,1.81443526908109,-0.493293969440142,1,1
-0.418355833370962,-0.91998843744384,0.385257511408165,-0.33330299787057,0.52695296581877,-0.0614006444954018,5.89626863098008,-0.513760577060349,1.33813323605874,-0.420487347915062,-1.39808792464813,1.22120934303029,-1.29729360560791,0.534694083553968,1.31064396054364,2.41444396797857,-3.66616368515895,-2.68005048562016,-3.9755045724961,2.9166462763869,-2.12660546680886,1,1
0.110729351669951,-0.91998843744384,-0.203640485666361,0.850428929182066,-0.683598474400773,-0.0614006444954018,-0.278294946006147,1.16135245173194,-1.20973417814613,4.62097579328387,-0.768292040351513,-1.63823728075962,1.26856606694741,-1.44535620922936,-1.09740128634395,-0.488278885185423,-0.17946026206368,-0.0622789097586118,-0.18230557706079,-0.690589747523018,-0.493293969440142,1,1
0.110729351669951,-0.91998843744384,-0.18236647199692,0.128707802697707,0.300356297729641,-0.0614006444954018,3.06755840968618,0.981876055789911,0.990696770485347,-0.420487347915062,-0.547012405328377,0.824063978615021,-1.0834719662283,0.0396815103581349,-0.0653818948206978,-0.488278885185423,-0.480038143364997,-1.91387343902654,-1.42371615738507,1.64743360130749,-0.493293969440142,1,0
-1.05325805542006,-0.91998843744384,-0.203640485666361,-1.63587114130974,-0.683598474400773,-0.0614006444954018,-0.278294946006147,2.29803629269814,-1.093922022955,-0.0470456337521783,1.25726769562951,-0.1555612536093,-1.0121980864351,-1.88536738540344,-1.44140775018504,-0.488278885185423,-0.840731600926576,-0.700759781919965,-0.940945376147853,-0.590388746858854,1.14001752792857,1,1
0.216546388678133,0.18907227263629,-0.18052365699211,-1.25238480772303,0.385589229625478,-0.0614006444954018,5.17522585030527,0.981876055789911,0.411635994529696,-0.420487347915062,-1.39808792464813,1.16825662777492,-0.869650326848691,1.08470805377156,0.622631032861473,-0.488278885185423,-2.88466119377553,-1.33924065408132,-1.76855242969738,5.38827095943629,-2.12660546680886,1,1
-1.15907509242824,-0.91998843744384,-0.183657027541002,-0.309844427721054,2.7053718293576,13.9213109445493,-0.278294946006147,1.28100338235996,0.759072460103087,-0.420487347915062,-0.308711259918845,0.824063978615021,-1.26165666571131,-0.235325474750661,0.966637496702558,-0.488278885185423,-4.14708829524105,-3.06313900891697,-3.07893026448412,2.95004660994162,-2.12660546680886,1,1
0.110729351669951,-0.738462345396262,-0.203640485666361,1.62802986636804,0.483067197014781,-0.0614006444954018,3.29213650660356,0.9220505904759,1.569757546441,-0.420487347915062,-1.39808792464813,1.40654384642408,-1.19038278591811,1.08470805377156,1.31064396054364,-0.488278885185423,-0.660384872145786,-2.23311387510721,-2.2513232109346,2.48244194017552,-0.493293969440142,1,1
-0.947441018411874,-0.91998843744384,-0.203640485666361,-1.34417842802286,-0.683598474400773,-0.0614006444954018,-0.278294946006147,1.69978163955804,-1.32554633333726,4.06081322203954,-0.512969384555586,-1.21461555871667,0.627101148808577,-1.55535900327288,-0.409388358661783,-0.488278885185423,-0.780616024666313,-0.573063607487694,-0.803010867222932,-0.657189413968297,-0.493293969440142,1,1
0.216546388678133,-0.91998843744384,-0.203640485666361,-1.63587114130974,-0.683598474400773,-0.0614006444954018,-0.278294946006147,2.11855989675611,-1.44135848852839,5.18113836452819,-1.176808289625,-1.87652449940878,1.51802464622362,-1.55535900327288,-1.09740128634395,-0.488278885185423,-0.0592291095431538,0.0654172646736588,-0.0443710681358694,-0.690589747523018,1.14001752792857,1,1
-0.947441018411874,-0.91998843744384,-0.203640485666361,-1.63587114130974,-0.683598474400773,-0.0614006444954018,-0.278294946006147,1.520305243616,-1.32554633333726,3.93633265065191,-0.649141467646747,-1.45290277736583,0.69837502860178,-1.9403687824252,-0.753394822502868,-0.488278885185423,-0.780616024666313,-0.573063607487694,-0.803010867222932,-0.657189413968297,1.14001752792857,1,1
1.48635083277632,-0.91998843744384,-0.203640485666361,-1.63587114130974,-0.683598474400773,-0.0614006444954018,-0.278294946006147,2.35786175801215,-1.44135848852839,4.62097579328387,-0.904464123442674,-1.69118999601499,1.76748322549983,-0.785339444968254,-1.09740128634395,-0.488278885185423,0.602042229319742,0.767746224051147,0.714268730951194,-0.690589747523018,-0.493293969440142,1,1
0.110729351669951,-0.91998843744384,-0.203640485666361,1.81376017100476,0.302844815847164,-0.0614006444954018,3.49530967410829,0.981876055789911,1.569757546441,-0.420487347915062,-1.39808792464813,0.824063978615021,-1.19038278591811,-0.125322680707143,0.622631032861473,-0.488278885185423,-0.660384872145786,-2.36081004953948,-2.32029046539706,2.48244194017552,-0.493293969440142,1,1
0.639814536710864,-0.91998843744384,-0.166260081852679,1.46465673210513,2.77420005016207,-0.0614006444954018,2.66119135129778,0.742574194533869,1.33813323605874,-0.420487347915062,-1.27893735194337,0.850540336242706,-1.26165666571131,-0.180324077728902,0.622631032861473,0.963082541396573,-0.0592291095431538,-1.65848109016199,-1.00991263061031,3.35085061259828,1.14001752792857,1,1
0.216546388678133,0.0588470717184076,-0.203640485666361,-1.63587114130974,-0.264200970737138,-0.0614006444954018,6.13926749074469,1.16135245173194,0.527448149720826,-0.420487347915062,-1.39808792464813,1.22120934303029,-0.869650326848691,1.19471084781508,1.65465042438473,-0.488278885185423,-2.88466119377553,-1.8500253518104,-2.11338870200968,2.95004660994162,-2.12660546680886,1,1
-0.206721759354597,-0.91998843744384,-0.203640485666361,-1.63587114130974,-0.683598474400773,-0.0614006444954018,-0.278294946006147,2.0587344314421,-1.44135848852839,5.24337865022201,-1.10872224807942,-1.79709542652573,1.30420300684401,-1.72036319433816,-1.09740128634395,-0.488278885185423,-0.35980699084447,-0.189975084190882,-0.389207340448171,-0.690589747523018,1.14001752792857,1,1
0.322363425686316,-0.91998843744384,0.124067519888944,-1.03183048191089,-0.683598474400773,-0.0614006444954018,-0.278294946006147,1.520305243616,-1.32554633333726,4.80769665036531,-0.802335061124304,-1.71766635364268,1.48238770632702,-1.28035201816409,-1.09740128634395,-0.488278885185423,0.0008864667171094,0.193113439105929,0.0245961863265909,-0.690589747523018,-0.493293969440142,1,1
-2.32306249951825,0.128160127835219,-0.159946084222902,0.176250871860758,2.0109761069819,-0.0614006444954018,1.43970532968572,1.34082884767397,2.14881832239665,-0.420487347915062,-1.39808792464813,1.48597291930713,-0.976561146538496,1.57972062696739,0.278624569020388,-0.488278885185423,-2.88466119377553,-3.06313900891697,-2.73409399217182,1.28002993220555,-2.12660546680886,1,1
1.90961898080905,-0.91998843744384,0.304372725267023,-1.63587114130974,-0.683598474400773,-0.0614006444954018,-0.278294946006147,2.0587344314421,-1.44135848852839,4.80769665036531,-0.921485633829069,-1.82357178415341,2.01694180477604,-0.675336650924735,-1.09740128634395,-0.488278885185423,0.842504534360795,1.02313857291569,0.990137748801035,-0.690589747523018,-0.493293969440142,1,1
0.110729351669951,-0.91998843744384,-0.181995159831661,0.518581919233476,-0.0161794559377815,-0.0614006444954018,3.12595622835296,0.9220505904759,1.569757546441,-0.420487347915062,-0.0874316248957081,0.824063978615021,-1.0834719662283,0.0396815103581349,0.278624569020388,-0.488278885185423,-1.02107832970737,-2.10541770067494,-1.76855242969738,1.07962793087722,-0.493293969440142,1,1
0.216546388678133,-0.426109838603422,-0.162463633536224,-1.63587114130974,-0.0487682781823717,-0.0614006444954018,6.19776096852859,1.10152698641793,0.0641995289563043,-0.420487347915062,-1.39808792464813,0.691682190476599,-0.691465627365683,0.36968989248869,-0.0653818948206978,0.963082541396573,-2.82454561751526,-1.78617726459426,-2.18235595647214,1.71423426841693,-2.12660546680886,1,1
-0.312538796362779,-0.91998843744384,-0.0457187757110463,-0.32598518752295,-0.683598474400773,-0.0614006444954018,-0.278294946006147,1.22117791704595,-1.20973417814613,4.12305350773336,-0.734249019578723,-1.77061906889805,1.30420300684401,-1.6653617973164,-1.09740128634395,-0.488278885185423,-0.299691414584207,-0.189975084190882,-0.32024008598571,-0.690589747523018,-0.493293969440142,1,1
-0.312538796362779,-0.91998843744384,-0.184999859371825,0.528741433333629,1.328100401355,-0.0614006444954018,4.11923905381878,1.28100338235996,1.68556970163213,-0.420487347915062,-1.39808792464813,0.532824044710493,-1.43984136519432,-1.11534782709881,1.31064396054364,-0.488278885185423,-1.86269639735105,-3.06313900891697,-1.9064869386223,-0.323186078421082,-0.493293969440142,1,1
-0.841623981403692,-0.91998843744384,-0.203640485666361,-1.63587114130974,-0.683598474400773,-0.0614006444954018,-0.278294946006147,2.53733815395418,-1.44135848852839,3.99857293634573,-0.819356571510699,-1.69118999601499,0.983470547774594,-1.99537017944696,-1.44140775018504,-0.488278885185423,-0.72050044840605,-0.636911694703829,-0.803010867222932,-0.690589747523018,-0.493293969440142,1,1
-0.418355833370962,-0.91998843744384,6.83458828787868,-0.569592035872651,0.307355982196647,-0.0614006444954018,4.77618773921451,-0.63341150768837,1.22232108086761,-0.420487347915062,-0.717227509192328,1.8831182837224,-1.29729360560791,1.90972900909795,2.3426633520669,0.963082541396573,-3.66616368515895,-2.16926578789108,-2.38925771985952,4.25265961857576,-2.12660546680886,1,1
1.27471675875996,-0.91998843744384,0.0202449823469862,-1.63587114130974,-0.683598474400773,-0.0614006444954018,-0.278294946006147,2.0587344314421,-1.32554633333726,4.37201465050861,-0.0533886041229178,0.162155037922912,-0.691465627365683,-0.730338047946495,-0.753394822502868,-0.488278885185423,0.541926653059479,0.703898136835012,0.645301476488733,-0.657189413968297,1.14001752792857,1,1
0.110729351669951,-0.91998843744384,-0.176507218609007,0.164589820971265,0.153037468319061,-0.0614006444954018,3.98906755300385,0.9220505904759,1.569757546441,-0.420487347915062,-0.0193455833501277,0.824063978615021,-1.0834719662283,0.0396815103581349,0.278624569020388,-0.488278885185423,-2.16327427865237,-2.23311387510721,-2.04442144754722,0.812425262439449,-0.493293969440142,1,1
-1.05325805542006,-0.91998843744384,-0.203640485666361,-0.598068319276928,-0.683598474400773,-0.0614006444954018,-0.278294946006147,2.47751268864017,-1.32554633333726,-0.0470456337521783,0.40619217630975,-0.1555612536093,-1.0121980864351,-1.88536738540344,-1.09740128634395,-0.488278885185423,-0.840731600926576,-0.700759781919965,-0.940945376147853,-0.657189413968297,1.14001752792857,1,1
0.110729351669951,-0.91998843744384,-0.203640485666361,-1.63587114130974,-0.683598474400773,-0.0614006444954018,-0.278294946006147,1.69978163955804,-1.32554633333726,4.80769665036531,-0.802335061124304,-1.74414271127036,1.44675076643041,-1.39035481220761,-1.09740128634395,-0.488278885185423,-0.119344685803417,0.0654172646736588,-0.11333832259833,-0.690589747523018,-0.493293969440142,1,1
-0.100904722346414,-0.91998843744384,-0.146660625478395,-0.69062912824307,1.95180471591373,-0.0614006444954018,4.20243562821824,1.34082884767397,0.295823839338565,-0.420487347915062,-1.39808792464813,-0.1555612536093,-0.442007048089472,-1.00534503305529,0.966637496702558,-0.488278885185423,-0.900847177186839,-1.08384830521678,-1.14784713953523,-0.189584744202196,-0.493293969440142,1,1
-0.312538796362779,-0.91998843744384,-0.179978814371871,0.719277299217004,1.14038054758828,-0.0614006444954018,3.44307498833425,1.34082884767397,2.03300616720552,-0.420487347915062,-1.39808792464813,0.162155037922912,-0.869650326848691,-1.00534503305529,0.966637496702558,-0.488278885185423,-1.86269639735105,-3.38237944499765,-2.04442144754722,-0.389986745530525,-0.493293969440142,1,1
0.216546388678133,-0.91998843744384,-0.203640485666361,-1.63587114130974,-0.683598474400773,-0.0614006444954018,-0.278294946006147,2.17838536207012,-1.44135848852839,5.24337865022201,-1.176808289625,-1.87652449940878,1.51802464622362,-1.55535900327288,-1.09740128634395,-0.488278885185423,-0.0592291095431538,0.0654172646736588,-0.0443710681358694,-0.690589747523018,1.14001752792857,1,1
-0.841623981403692,-0.91998843744384,-0.203640485666361,-1.63587114130974,-0.683598474400773,-0.0614006444954018,-0.278294946006147,2.47751268864017,-1.20973417814613,0.450876651798333,-0.581055426101167,-1.32052098922741,1.126018307361,-1.00534503305529,-1.09740128634395,-0.488278885185423,-0.600269295885523,-0.445367433055424,-0.665076358298012,-0.690589747523018,-2.12660546680886,1,1
0.110729351669951,-0.91998843744384,-0.178601828812817,0.440967019887063,-0.297573447690506,-0.0614006444954018,3.65963927172724,0.9220505904759,1.91719401201439,-0.420487347915062,0.218955562059404,0.824063978615021,-1.0834719662283,0.0396815103581349,0.966637496702558,-0.488278885185423,-2.58408331247421,-2.23311387510721,-2.04442144754722,1.21322926509611,-0.493293969440142,1,1
-1.15907509242824,-0.91998843744384,-0.181950620840142,-0.556428084209592,2.99475919664978,15.1153081297241,-0.278294946006147,1.34082884767397,0.759072460103087,-0.420487347915062,-1.39808792464813,0.744634905731968,-1.26165666571131,-0.400329665815939,-0.0653818948206978,0.963082541396573,-4.14708829524105,-3.31853135778151,-3.42376653679642,2.28203993884719,-2.12660546680886,1,1
0.216546388678133,-0.654651782498473,-0.203640485666361,2.03400864958464,2.38596873154068,-0.0614006444954018,3.20097121275224,-1.11201523020045,5.15993435736604,-0.420487347915062,-1.39808792464813,2.01550007186082,-1.43984136519432,1.96473040611971,0.278624569020388,3.86580539456056,-3.60604810889869,-1.65848109016199,-2.04442144754722,4.98746695677963,-0.493293969440142,1,1
-0.206721759354597,-0.550841225651671,-0.203640485666361,2.4486782856293,3.5869088791557,-0.0614006444954018,-0.278294946006147,1.04170152110392,0.643260304911956,-0.420487347915062,-1.39808792464813,1.40654384642408,-1.43984136519432,0.699698274619246,0.966637496702558,-0.488278885185423,-4.5678973290629,-2.42465813675562,-1.69958517523492,8.29409997869706,-0.493293969440142,1,1
-1.15907509242824,-0.91998843744384,-0.179518576017922,-0.435392145979671,2.66342387515679,16.8170446914045,-0.278294946006147,1.40065431298798,0.759072460103087,-0.420487347915062,-1.39808792464813,0.744634905731968,-1.26165666571131,-0.400329665815939,-0.409388358661783,0.963082541396573,-4.14708829524105,-3.44622753221378,-3.76860280910872,2.08163793751887,-2.12660546680886,1,1
-0.100904722346414,-0.91998843744384,6.60059332685029,-1.05102240447893,-0.140064929344304,-0.0614006444954018,2.49406343437563,0.981876055789911,0.527448149720826,-0.420487347915062,0.695557852878468,1.43302020405176,-1.22601972581471,1.08470805377156,2.3426633520669,-0.488278885185423,-0.119344685803417,-0.828455956352235,-0.389207340448171,1.21322926509611,-0.493293969440142,1,1
1.90961898080905,-0.91998843744384,-0.12821097544755,-1.63587114130974,-0.683598474400773,-0.0614006444954018,-0.278294946006147,2.23821082738413,-1.20973417814613,1.94464350844987,-0.512969384555586,-1.63823728075962,2.05257874467264,-0.235325474750661,-1.44140775018504,-0.488278885185423,0.962735686881321,1.34237900899636,1.26600676665088,-0.657189413968297,-0.493293969440142,1,0
0.216546388678133,-0.91998843744384,-0.203640485666361,1.61751998319152,1.33211043173186,-0.0614006444954018,2.29204663141499,1.16135245173194,0.0641995289563043,-0.420487347915062,-0.751270529965118,-0.102608538353931,-0.263822348606464,-0.620335253902976,0.278624569020388,-0.488278885185423,0.0610020429773727,-0.892304043568371,-0.871978121685393,0.979426930213056,1.14001752792857,1,0
1.48635083277632,-0.91998843744384,-0.150890155718345,-1.63587114130974,-0.683598474400773,-0.0614006444954018,-0.278294946006147,2.17838536207012,-1.44135848852839,3.74961179357047,-0.734249019578723,-1.61176092313194,1.66057240581002,-0.785339444968254,-1.09740128634395,-0.488278885185423,0.602042229319742,0.703898136835012,0.645301476488733,-0.657189413968297,-0.493293969440142,1,1
1.27471675875996,-0.91998843744384,-0.167291265129905,-1.03287193632854,-0.683598474400773,-0.0614006444954018,-0.278294946006147,2.35786175801215,-1.32554633333726,1.50896150859317,-0.427861832623611,-0.94985198243983,1.48238770632702,0.314688495466931,-0.753394822502868,-0.488278885185423,0.481811076799215,0.640050049618876,0.576334222026273,-0.690589747523018,-2.12660546680886,1,0
-1.15907509242824,-0.91998843744384,-0.203640485666361,-0.216089503025788,2.39519911790165,19.900386905369,-0.278294946006147,1.520305243616,0.527448149720826,-0.420487347915062,-1.39808792464813,0.744634905731968,-1.26165666571131,-0.400329665815939,0.622631032861473,2.41444396797857,-4.14708829524105,-3.63777179386219,-3.9755045724961,1.58063293419804,-2.12660546680886,1,1
0.322363425686316,-0.91998843744384,-0.203640485666361,-1.63587114130974,-0.683598474400773,-0.0614006444954018,-0.278294946006147,1.04170152110392,-1.093922022955,3.99857293634573,-0.223603707986869,0.612253117593546,-0.691465627365683,0.204685701423413,-0.409388358661783,-0.488278885185423,0.421695500538952,0.576201962402741,0.507366967563813,-0.657189413968297,1.14001752792857,1,1
1.90961898080905,-0.91998843744384,0.393035409510579,-1.63587114130974,-0.683598474400773,-0.0614006444954018,-0.278294946006147,1.58013070893001,-1.20973417814613,0.699837794573589,-0.0533886041229178,-1.5058554926212,1.73184628560323,-0.455331062837698,-1.44140775018504,-0.488278885185423,0.902620110621058,1.15083474734796,1.05910500326349,-0.690589747523018,1.14001752792857,1,0
-0.206721759354597,-0.431830447847289,-0.162940586134458,1.06482031959874,1.82630932125542,-0.0614006444954018,2.92222684535784,1.16135245173194,1.22232108086761,-0.420487347915062,-1.39808792464813,2.30674000576534,-1.43984136519432,2.56974577335906,0.966637496702558,-0.488278885185423,-4.5678973290629,-3.19083518334924,-1.56165066631,7.35889063916486,-2.12660546680886,1,1
0.428180462694498,-0.618957670028101,-0.203640485666361,-0.803157931828016,0.864178016380589,-0.0614006444954018,3.66901535728875,-1.23166616082847,0.990696770485347,-0.420487347915062,-1.39808792464813,1.11530391251955,-1.40420442529772,0.149684304401653,0.622631032861473,2.41444396797857,-0.600269295885523,-1.14769639243291,-1.00991263061031,1.21322926509611,-0.493293969440142,1,1
2.12125305482542,-0.91998843744384,-0.203640485666361,-0.544072345661499,-0.683598474400773,-0.0614006444954018,-0.278294946006147,0.981876055789911,-1.20973417814613,3.99857293634573,-0.410840322237216,-1.16166284346131,1.55366158612022,-0.0153198866636243,-0.0653818948206978,-0.488278885185423,1.44366029696343,1.59777135786091,1.61084303896318,-0.657189413968297,1.14001752792857,1,1
-0.418355833370962,-0.91998843744384,0.320149534042091,-0.549723472206543,0.325820980348373,-0.0614006444954018,4.87037068861159,-0.63341150768837,1.10650892567648,-0.420487347915062,-0.785313550737908,1.8831182837224,-1.29729360560791,1.90972900909795,2.3426633520669,0.963082541396573,-3.66616368515895,-2.23311387510721,-3.49273379125888,4.11905828435688,-2.12660546680886,1,1
1.27471675875996,-0.91998843744384,-0.172772919536659,-1.12380740070635,-0.683598474400773,-0.0614006444954018,-0.278294946006147,2.29803629269814,-1.32554633333726,1.50896150859317,-0.410840322237216,-0.94985198243983,1.48238770632702,0.314688495466931,-0.753394822502868,-0.488278885185423,0.481811076799215,0.703898136835012,0.576334222026273,-0.690589747523018,-2.12660546680886,1,0
0.216546388678133,0.0342222879410474,-0.177121557741432,-1.19594719742081,0.134094769078372,-0.0614006444954018,5.97781943751871,1.04170152110392,0.411635994529696,-0.420487347915062,-1.39808792464813,1.16825662777492,-0.869650326848691,1.08470805377156,0.278624569020388,-0.488278885185423,-2.88466119377553,-1.72232917737813,-2.04442144754722,3.58465294748133,-2.12660546680886,1,1
0.0049123146617683,-0.91998843744384,-0.203640485666361,0.627815232006013,-0.683598474400773,15.852042037995,1.51013050012036,-0.753062438316391,-0.167424781425956,-0.420487347915062,0.916837487901604,0.45339497182744,-1.0834719662283,-0.730338047946495,-1.09740128634395,0.963082541396573,-2.22338985491263,-1.08384830521678,-0.803010867222932,1.71423426841693,1.14001752792857,1,1
-1.26489212943642,-0.91998843744384,-0.203640485666361,0.0200926195973291,2.3943661231743,-0.0614006444954018,2.86161096199779,1.16135245173194,0.295823839338565,-0.420487347915062,-1.39808792464813,0.982922124381127,-0.976561146538496,0.534694083553968,1.99865688822581,0.963082541396573,-3.00489234629605,-2.55235431118789,-2.45822497432198,0.712224261775284,-2.12660546680886,1,1
-0.418355833370962,-0.91998843744384,-0.161178152561516,0.829563712734046,0.953023170690585,-0.0614006444954018,3.06081949843334,1.22117791704595,1.33813323605874,-0.420487347915062,-1.39808792464813,1.45949656167945,-0.976561146538496,1.52471922994563,0.622631032861473,-0.488278885185423,-1.98292754987158,-2.61620239840402,-1.56165066631,0.244619592009184,-0.493293969440142,1,1
0.110729351669951,-0.91998843744384,-0.203640485666361,1.89289108635768,0.0451752147008355,-0.0614006444954018,3.4389031234758,0.9220505904759,1.80138185682326,-0.420487347915062,-1.39808792464813,0.824063978615021,-1.0834719662283,0.0396815103581349,0.278624569020388,-0.488278885185423,-0.660384872145786,-2.29696196232335,-2.18235595647214,1.9814369368547,-0.493293969440142,1,1
1.90961898080905,-0.91998843744384,-0.175379696519112,-1.63587114130974,-0.683598474400773,-0.0614006444954018,-0.278294946006147,2.35786175801215,-1.32554633333726,1.57120179428698,-0.342754280691635,-1.42642641973815,1.62493546591342,-0.455331062837698,-1.44140775018504,-0.488278885185423,0.842504534360795,1.08698666013182,0.990137748801035,-0.657189413968297,1.14001752792857,1,1
-2.32306249951825,-0.110169898814942,-0.169881401656993,0.604254048273939,1.39827861447281,-0.0614006444954018,2.37642128845967,1.40065431298798,1.91719401201439,-0.420487347915062,-1.39808792464813,1.56540199219018,-1.0834719662283,1.57972062696739,1.31064396054364,-0.488278885185423,-2.70431446499474,-3.25468327056538,-2.87202850109674,0.712224261775284,-2.12660546680886,1,1
0.110729351669951,-0.91998843744384,-0.179211112350161,0.390429830477688,0.446296304394427,-0.0614006444954018,3.56381469914511,1.04170152110392,0.527448149720826,-0.420487347915062,-0.683184488419538,0.824063978615021,-1.0834719662283,0.0396815103581349,-0.0653818948206978,-0.488278885185423,-0.480038143364997,-1.59463300294586,-1.42371615738507,1.68083393486221,-0.493293969440142,1,1
-0.312538796362779,-0.91998843744384,-0.187836476187488,0.723691012277231,1.50927824970716,-0.0614006444954018,3.45004915138467,1.22117791704595,1.91719401201439,-0.420487347915062,-1.39808792464813,2.80979080069135,-1.43984136519432,3.61477231677249,1.99865688822581,0.963082541396573,-1.86269639735105,-3.19083518334924,-1.69958517523492,-0.222985077756917,-2.12660546680886,1,1
-0.100904722346414,-0.709091143320261,7.58582481196621,-0.469100358110135,0.400748674055592,-0.0614006444954018,2.48712673919431,-0.932538834258422,0.643260304911956,-0.420487347915062,-0.0193455833501277,0.982922124381127,-1.29729360560791,0.0396815103581349,3.37468274359016,-0.488278885185423,-0.419922567104733,-1.33924065408132,-0.596109103835551,2.7496446086133,1.14001752792857,1,1
0.322363425686316,-0.91998843744384,-0.203640485666361,-1.63587114130974,-0.683598474400773,-0.0614006444954018,-0.278294946006147,1.34082884767397,-1.20973417814613,3.8740923649581,-0.615098446873957,0.056249607412175,-0.83401338695209,-1.17034922412057,-0.753394822502868,-0.488278885185423,0.0610020429773727,0.193113439105929,0.0935634407890512,-0.690589747523018,1.14001752792857,1,1
0.851448610727229,-0.91998843744384,0.206392868121766,-1.63587114130974,-0.683598474400773,-0.0614006444954018,-0.278294946006147,1.93908350081408,-1.44135848852839,4.68321607897768,-0.768292040351513,-1.74414271127036,1.62493546591342,-1.11534782709881,-1.09740128634395,-0.488278885185423,0.301464348018426,0.448505787970471,0.369432458638892,-0.690589747523018,-0.493293969440142,1,1
-1.15907509242824,-0.91998843744384,-0.178808273342188,0.0119005653086114,3.14482390535516,17.314053637174,-0.278294946006147,1.28100338235996,0.759072460103087,-0.420487347915062,-1.39808792464813,0.744634905731968,-1.26165666571131,-0.400329665815939,0.278624569020388,0.963082541396573,-4.14708829524105,-3.19083518334924,-3.21686477340904,2.58264294083969,-2.12660546680886,1,1
-0.206721759354597,-0.496427555999492,-0.203640485666361,2.46492753463811,3.67195342188969,-0.0614006444954018,-0.278294946006147,0.981876055789911,0.643260304911956,-0.420487347915062,-1.39808792464813,1.40654384642408,-1.43984136519432,0.699698274619246,0.278624569020388,-0.488278885185423,-0.900847177186839,-2.23311387510721,-1.49268341184753,2.4490416066208,-0.493293969440142,1,1
-0.206721759354597,-0.91998843744384,-0.153681841407091,0.850428929182066,1.62706308009192,-0.0614006444954018,3.65030761709015,1.28100338235996,1.10650892567648,-0.420487347915062,-1.39808792464813,2.30674000576534,-1.43984136519432,2.56974577335906,0.966637496702558,-0.488278885185423,-4.5678973290629,-3.70161988107832,-1.97545419308476,5.65547362787406,-2.12660546680886,1,1
-0.100904722346414,-0.91998843744384,6.85686864536696,-0.541224661362744,0.333719413730868,-0.0614006444954018,2.31618124429984,-0.63341150768837,0.874884615294217,-0.420487347915062,-0.751270529965118,1.43302020405176,-1.29729360560791,0.974705259728042,1.99865688822581,0.963082541396573,-3.66616368515895,-2.16926578789108,-2.38925771985952,4.25265961857576,-2.12660546680886,1,1
-0.418355833370962,-0.91998843744384,-0.150934114939786,0.695725838244286,1.21242770080375,-0.0614006444954018,2.48482229945769,1.22117791704595,1.22232108086761,-0.420487347915062,-1.39808792464813,1.45949656167945,-0.976561146538496,1.52471922994563,0.278624569020388,-0.488278885185423,-1.32165621100868,-2.29696196232335,-1.42371615738507,0.144418591345019,-0.493293969440142,1,0
-1.26489212943642,-0.91998843744384,-0.203640485666361,-0.0425246786245775,1.16738705703263,-0.0614006444954018,3.49817497137219,1.16135245173194,-0.399049091808217,-0.420487347915062,-0.0193455833501277,0.294536826061334,-0.762739507158886,-0.565333856881217,-0.753394822502868,0.963082541396573,-3.00489234629605,-2.23311387510721,-2.87202850109674,0.779024928884727,-2.12660546680886,1,1
-1.26489212943642,-0.91998843744384,-0.203640485666361,-1.02390342527556,2.44445371779177,-0.0614006444954018,2.62261552746772,1.10152698641793,-0.167424781425956,-0.420487347915062,-1.39808792464813,0.241584110805965,-0.762739507158886,-0.675336650924735,0.622631032861473,-0.488278885185423,-1.74246524483052,-2.10541770067494,-2.45822497432198,0.177818924899741,-0.493293969440142,1,1
-1.26489212943642,-0.91998843744384,-0.203640485666361,-0.464868194847813,3.30676275432871,-0.0614006444954018,-0.278294946006147,0.86222512516189,0.180011684147435,-0.420487347915062,0.27002009321859,0.294536826061334,-0.762739507158886,-0.565333856881217,-0.0653818948206978,0.963082541396573,-2.70431446499474,-1.65848109016199,-2.04442144754722,1.38023093286971,-0.493293969440142,1,1
-0.947441018411874,-0.91998843744384,-0.203640485666361,-1.63587114130974,-0.683598474400773,-0.0614006444954018,-0.278294946006147,1.69978163955804,-1.32554633333726,5.24337865022201,-0.904464123442674,-1.71766635364268,1.0547444275678,-1.9403687824252,-0.753394822502868,-0.488278885185423,-0.780616024666313,-0.573063607487694,-0.803010867222932,-0.690589747523018,-0.493293969440142,1,1
-0.312538796362779,-0.91998843744384,6.9653692232812,-0.0710409722328242,0.043544848869549,-0.0614006444954018,5.28502825907981,-0.872713368944412,0.759072460103087,-0.420487347915062,0.0487404581954529,1.43302020405176,-1.29729360560791,0.974705259728042,3.03067627974907,-0.488278885185423,-0.419922567104733,-1.8500253518104,-1.14784713953523,3.91865628302855,-0.493293969440142,1,1
0.110729351669951,-0.700486826720728,-0.203640485666361,2.00724913268581,0.72713530219641,-0.0614006444954018,2.59995210869962,0.981876055789911,1.45394539124987,-0.420487347915062,-1.39808792464813,1.5389256345625,-1.36856748540111,1.08470805377156,0.278624569020388,-0.488278885185423,-0.660384872145786,-2.36081004953948,-1.83751968415984,2.7496446086133,-0.493293969440142,1,1
-1.05325805542006,-0.91998843744384,-0.203640485666361,-1.10515862365198,-0.683598474400773,-0.0614006444954018,-0.278294946006147,2.35786175801215,-1.093922022955,-0.109285919445992,0.916837487901604,-0.1555612536093,-1.0121980864351,-1.88536738540344,-1.44140775018504,-0.488278885185423,-0.840731600926576,-0.700759781919965,-0.940945376147853,-0.590388746858854,1.14001752792857,1,1
-0.312538796362779,-0.91998843744384,-0.185789046618498,0.140959738548789,1.79336813066998,-0.0614006444954018,2.52927543933834,1.22117791704595,1.68556970163213,-0.420487347915062,-1.39808792464813,0.718158548104284,-1.43984136519432,-0.730338047946495,0.622631032861473,2.41444396797857,-1.86269639735105,-3.12698709613311,-1.76855242969738,-0.28978574486636,-0.493293969440142,1,1
1.69798490679269,-0.91998843744384,-0.168385388246799,0.118675069182684,-0.683598474400773,-0.0614006444954018,-0.278294946006147,2.23821082738413,-1.20973417814613,-0.109285919445992,0.0317189478090578,-1.47937913499352,1.83875710529303,-0.235325474750661,-1.44140775018504,-0.488278885185423,0.842504534360795,1.15083474734796,0.990137748801035,-0.690589747523018,-0.493293969440142,1,0
0.322363425686316,-0.91998843744384,0.0768368751565433,-1.24813326888991,-0.683598474400773,-0.0614006444954018,-0.278294946006147,1.46047977830199,-1.32554633333726,4.43425493620243,-0.734249019578723,-1.71766635364268,1.48238770632702,-1.28035201816409,-1.09740128634395,-0.488278885185423,0.0008864667171094,0.193113439105929,0.0245961863265909,-0.690589747523018,-0.493293969440142,1,1
2.12125305482542,-0.91998843744384,-0.203640485666361,-1.05490843051338,-0.683598474400773,-0.0614006444954018,-0.278294946006147,0.981876055789911,-1.20973417814613,4.18529379342717,-0.257646728759659,-0.870422909556777,1.1616552472576,-0.0153198866636243,-0.0653818948206978,-0.488278885185423,1.44366029696343,1.59777135786091,1.61084303896318,-0.657189413968297,1.14001752792857,1,1
-0.206721759354597,-0.91998843744384,-0.186057041647604,-1.63587114130974,-0.412511671035029,-0.0614006444954018,-0.278294946006147,1.99890896612809,-1.44135848852839,4.80769665036531,-1.05765771692023,-1.21461555871667,0.520190329118772,-1.72036319433816,0.622631032861473,-0.488278885185423,-0.299691414584207,-0.189975084190882,-0.32024008598571,-0.657189413968297,1.14001752792857,1,1
0.851448610727229,-0.91998843744384,0.261105068333043,-1.63587114130974,-0.683598474400773,-0.0614006444954018,-0.278294946006147,1.99890896612809,-1.44135848852839,4.93217722175294,-0.819356571510699,-1.74414271127036,1.62493546591342,-1.11534782709881,-1.09740128634395,-0.488278885185423,0.301464348018426,0.448505787970471,0.300465204176432,-0.690589747523018,-0.493293969440142,1,1
1.90961898080905,-0.91998843744384,-0.133306713807843,-1.63587114130974,-0.683598474400773,-0.0614006444954018,-0.278294946006147,2.11855989675611,-1.20973417814613,1.07327950873647,0.0487404581954529,-0.579182975652249,1.1972921871542,0.644696877597487,-1.09740128634395,-0.488278885185423,0.842504534360795,1.21468283456409,1.12807225772596,-0.623789080413575,-0.493293969440142,1,0
-0.418355833370962,-0.91998843744384,-0.203640485666361,-1.63587114130974,-0.683598474400773,-0.0614006444954018,-0.278294946006147,2.11855989675611,-1.093922022955,-0.420487347915062,-0.240625218373264,-1.53233185024889,0.840922788188187,-1.88536738540344,-1.44140775018504,-0.488278885185423,-0.600269295885523,-0.573063607487694,-0.803010867222932,-0.657189413968297,1.14001752792857,1,1
2.01543601781724,-0.91998843744384,-0.160482761572188,-1.63587114130974,-0.683598474400773,-0.0614006444954018,-0.278294946006147,2.17838536207012,-1.20973417814613,1.38448093720554,-0.308711259918845,-1.16166284346131,1.41111382653381,-0.235325474750661,-0.753394822502868,-0.488278885185423,0.962735686881321,1.15083474734796,1.12807225772596,-0.657189413968297,1.14001752792857,1,0
0.216546388678133,-0.91998843744384,-0.149163617292123,-1.63587114130974,-0.683598474400773,-0.0614006444954018,-0.278294946006147,2.17838536207012,-1.44135848852839,2.87824779385708,-0.564033915714772,-1.53233185024889,1.37547688663721,-1.06034643007705,-0.753394822502868,-0.488278885185423,-0.0592291095431538,0.129265351889794,-0.0443710681358694,-0.657189413968297,-0.493293969440142,1,1
-0.206721759354597,-0.528555248625745,-0.171004962336064,1.61248376871482,2.33528444123081,-0.0614006444954018,2.2880677426611,1.10152698641793,0.990696770485347,-0.420487347915062,-1.39808792464813,2.30674000576534,-1.43984136519432,2.56974577335906,0.278624569020388,-0.488278885185423,-4.5678973290629,-2.87159474726857,-1.63061792077246,7.79309497537624,-2.12660546680886,1,1
-1.26489212943642,-0.91998843744384,-0.203640485666361,0.252571315202535,1.42244726026625,-0.0614006444954018,1.51206175324928,1.04170152110392,0.0641995289563043,-0.420487347915062,0.184912541286614,0.294536826061334,-0.762739507158886,-0.565333856881217,-0.0653818948206978,0.963082541396573,-3.00489234629605,-2.04156961345881,-2.66512673770936,1.44703159997916,-2.12660546680886,1,1
-2.32306249951825,-0.0435037159056123,-0.167102272734009,0.788666429382544,1.56966363925617,-0.0614006444954018,2.5949639084985,1.40065431298798,1.80138185682326,-0.420487347915062,-1.39808792464813,1.56540199219018,-1.0834719662283,1.57972062696739,0.622631032861473,-0.488278885185423,-2.70431446499474,-3.12698709613311,-2.9409957555592,0.812425262439449,-2.12660546680886,1,1
-0.418355833370962,-0.91998843744384,0.186777074880812,-0.421497728302539,0.0687928644501758,-0.0614006444954018,5.4781991634054,-0.872713368944412,0.759072460103087,-0.420487347915062,0.0657619685818479,1.43302020405176,-1.29729360560791,0.974705259728042,2.68666981590798,-0.488278885185423,-0.419922567104733,-1.8500253518104,-1.14784713953523,3.78505494880966,-0.493293969440142,1,1
0.110729351669951,-0.91998843744384,-0.203640485666361,-0.340539493773936,0.520227674261407,-0.0614006444954018,5.86196547052357,1.10152698641793,0.527448149720826,-0.420487347915062,-1.39808792464813,0.797587620987337,-1.0121980864351,0.0946829073798942,0.278624569020388,-0.488278885185423,-3.54593253263842,-2.55235431118789,-3.07893026448412,1.78103493552637,-2.12660546680886,1,1
0.110729351669951,-0.91998843744384,-0.203640485666361,1.84279302992124,0.311146940290755,-0.0614006444954018,3.52706916414184,0.981876055789911,1.569757546441,-0.420487347915062,-1.39808792464813,0.638729475221231,-1.19038278591811,-0.510332459859458,-0.0653818948206978,-0.488278885185423,-0.660384872145786,-2.42465813675562,-2.32029046539706,2.48244194017552,-0.493293969440142,1,1
-2.32306249951825,-0.10691498440233,-0.169745714376194,0.613257778099121,1.66792688651955,-0.0614006444954018,2.38709134180135,1.40065431298798,1.91719401201439,-0.420487347915062,-1.39808792464813,1.56540199219018,-1.0834719662283,1.57972062696739,1.31064396054364,-0.488278885185423,-2.70431446499474,-3.19083518334924,-2.87202850109674,0.712224261775284,-2.12660546680886,1,1
-0.418355833370962,-0.91998843744384,-0.203640485666361,-0.477793169479648,-0.683598474400773,-0.0614006444954018,-0.278294946006147,2.47751268864017,-1.32554633333726,4.49649522189624,-0.904464123442674,-1.53233185024889,0.840922788188187,-1.88536738540344,-1.44140775018504,-0.488278885185423,-0.480038143364997,-0.445367433055424,-0.527141849373091,-0.690589747523018,1.14001752792857,1,1
1.69798490679269,-0.91998843744384,-0.203640485666361,-1.63587114130974,-0.683598474400773,-0.0614006444954018,-0.278294946006147,1.40065431298798,-1.32554633333726,4.24753407912098,-0.632119957260352,-1.29404463159973,1.33983994674061,-0.620335253902976,-0.409388358661783,-0.488278885185423,0.842504534360795,1.02313857291569,0.990137748801035,-0.690589747523018,1.14001752792857,1,1
0.0049123146617683,-0.91998843744384,6.07809839332555,-0.922116976742814,-0.0202657065673206,-0.0614006444954018,6.48852274046896,-0.453935111746339,0.990696770485347,-0.420487347915062,-1.39808792464813,0.982922124381127,-1.29729360560791,0.0396815103581349,0.278624569020388,0.963082541396573,-3.66616368515895,-2.9354428344847,-4.11343908142103,2.18183893818303,-2.12660546680886,1,1
-0.312538796362779,-0.91998843744384,-0.184209565291367,0.298172420566994,2.01252830236215,-0.0614006444954018,2.77768724567855,1.22117791704595,1.569757546441,-0.420487347915062,-1.39808792464813,0.718158548104284,-1.43984136519432,-0.730338047946495,0.966637496702558,2.41444396797857,-1.86269639735105,-2.99929092170084,-1.69958517523492,-0.256385411311639,-0.493293969440142,1,1
-0.206721759354597,-0.400756725339603,-0.203640485666361,3.3911859649838,3.98833462233686,-0.0614006444954018,-0.278294946006147,0.86222512516189,0.759072460103087,-0.420487347915062,-1.39808792464813,1.40654384642408,-1.43984136519432,0.699698274619246,1.31064396054364,2.41444396797857,-0.900847177186839,-2.04156961345881,-1.49268341184753,1.94803660329998,-0.493293969440142,1,1
1.69798490679269,-0.91998843744384,0.112861489805222,-1.63587114130974,-0.683598474400773,-0.0614006444954018,-0.278294946006147,1.75960710487205,-1.44135848852839,4.43425493620243,-0.785313550737908,-1.58528456550425,1.73184628560323,-0.620335253902976,-1.44140775018504,-0.488278885185423,0.722273381840268,0.959290485699553,0.852203239876114,-0.690589747523018,-0.493293969440142,1,1
0.216546388678133,-0.91998843744384,-0.130053929597179,-1.63587114130974,-0.683598474400773,-0.0614006444954018,-0.278294946006147,2.0587344314421,-1.44135848852839,2.13136436553131,-0.461904853396401,-1.5058554926212,1.33983994674061,-1.06034643007705,-0.753394822502868,-0.488278885185423,-0.0592291095431538,0.129265351889794,-0.0443710681358694,-0.657189413968297,-0.493293969440142,1,0
0.110729351669951,-0.755576305623856,-0.203640485666361,1.54771378861834,0.373075976850517,-0.0614006444954018,4.03346134112725,0.981876055789911,1.33813323605874,-0.420487347915062,-1.39808792464813,1.5389256345625,-1.36856748540111,1.08470805377156,0.966637496702558,-0.488278885185423,-0.660384872145786,-2.36081004953948,-2.38925771985952,2.9166462763869,-0.493293969440142,1,1
-0.206721759354597,-0.58944486308024,-0.176081599907606,2.47871174938456,2.71544005343853,-0.0614006444954018,1.88885572097439,1.04170152110392,0.874884615294217,-0.420487347915062,-1.39808792464813,2.30674000576534,-1.43984136519432,2.56974577335906,1.65465042438473,-0.488278885185423,-4.5678973290629,-2.80774666005243,-1.63061792077246,7.65949364115735,-0.493293969440142,1,1
0.110729351669951,-0.91998843744384,-0.203640485666361,0.701960050559062,-0.249062295919587,-0.0614006444954018,4.15451339470529,0.9220505904759,2.03300616720552,-0.420487347915062,-1.39808792464813,0.824063978615021,-1.0834719662283,0.0396815103581349,0.622631032861473,-0.488278885185423,-2.58408331247421,-2.48850622397175,-2.38925771985952,0.712224261775284,-0.493293969440142,1,1
-0.312538796362779,-0.91998843744384,-0.182344982555447,0.483762479646098,2.27124753277063,-0.0614006444954018,1.39632151615768,1.22117791704595,1.569757546441,-0.420487347915062,-1.39808792464813,0.718158548104284,-1.43984136519432,-0.730338047946495,0.966637496702558,2.41444396797857,-1.86269639735105,-2.87159474726857,-1.69958517523492,-0.256385411311639,-0.493293969440142,1,1
-0.206721759354597,-0.91998843744384,7.09330114743791,-0.518492395326711,0.354845815084977,-0.0614006444954018,5.01841535770899,-0.932538834258422,0.874884615294217,-0.420487347915062,-0.070410114509313,1.64483106507324,-1.29729360560791,1.41471643590212,3.03067627974907,-0.488278885185423,-0.419922567104733,-1.72232917737813,-1.00991263061031,3.61805328103605,-0.493293969440142,1,1
-0.947441018411874,-0.91998843744384,-0.203640485666361,-1.63587114130974,-0.683598474400773,-0.0614006444954018,-0.278294946006147,1.75960710487205,-1.32554633333726,5.18113836452819,-0.921485633829069,-1.71766635364268,1.0547444275678,-1.9403687824252,-0.753394822502868,-0.488278885185423,-0.780616024666313,-0.573063607487694,-0.803010867222932,-0.690589747523018,-0.493293969440142,1,1
-1.26489212943642,-0.91998843744384,-0.203640485666361,-0.0883510162561358,3.15159986956665,-0.0614006444954018,-0.278294946006147,0.86222512516189,0.180011684147435,-0.420487347915062,0.440235197082541,0.241584110805965,-0.762739507158886,-0.675336650924735,-0.0653818948206978,0.963082541396573,-1.86269639735105,-1.72232917737813,-2.04442144754722,0.344820592673348,-0.493293969440142,1,0
1.69798490679269,-0.91998843744384,-0.138570891187704,-0.0167065906334742,-0.683598474400773,-0.0614006444954018,-0.278294946006147,1.93908350081408,-1.093922022955,-0.171526205139806,0.33810613476417,-1.10871012820594,1.76748322549983,0.42469128951045,-1.09740128634395,-0.488278885185423,0.842504534360795,1.08698666013182,0.990137748801035,-0.657189413968297,-2.12660546680886,1,0
-0.418355833370962,-0.91998843744384,-0.164634845070993,0.952395598502442,1.12047032243651,-0.0614006444954018,2.78899524751711,1.22117791704595,1.22232108086761,-0.420487347915062,-1.39808792464813,1.45949656167945,-0.976561146538496,1.52471922994563,0.622631032861473,-0.488278885185423,-1.92281197361131,-2.48850622397175,-1.49268341184753,0.244619592009184,-0.493293969440142,1,1
0.0049123146617683,-0.91998843744384,6.24246240929953,-0.377815224135053,0.485585195630888,-0.0614006444954018,5.68526733142613,-0.57358604237436,1.45394539124987,-0.420487347915062,-1.39808792464813,1.8831182837224,-1.29729360560791,1.90972900909795,1.65465042438473,2.41444396797857,-3.66616368515895,-2.74389857283629,-4.04447182695857,2.78304494216802,-2.12660546680886,1,1
1.90961898080905,-0.91998843744384,-0.160614877469306,-1.63587114130974,-0.683598474400773,-0.0614006444954018,-0.278294946006147,2.35786175801215,-1.32554633333726,1.88240322275605,-0.512969384555586,-1.53233185024889,1.76748322549983,-0.455331062837698,-1.44140775018504,-0.488278885185423,0.842504534360795,1.08698666013182,0.990137748801035,-0.690589747523018,-0.493293969440142,1,0
0.0049123146617683,-0.91998843744384,-0.203640485666361,2.30485611655152,-0.225805432867361,-0.0614006444954018,-0.278294946006147,-0.753062438316391,-0.167424781425956,-0.420487347915062,1.01896655021997,0.426918614199756,-1.0834719662283,-0.785339444968254,-0.753394822502868,3.86580539456056,-2.22338985491263,-1.02000021800064,-0.803010867222932,1.34683059931499,1.14001752792857,1,1
1.90961898080905,-0.91998843744384,0.313088638649258,-1.63587114130974,-0.683598474400773,-0.0614006444954018,-0.278294946006147,2.0587344314421,-1.44135848852839,4.80769665036531,-0.921485633829069,-1.82357178415341,2.01694180477604,-0.675336650924735,-1.09740128634395,-0.488278885185423,0.842504534360795,1.02313857291569,0.990137748801035,-0.690589747523018,-0.493293969440142,1,1
-0.947441018411874,-0.91998843744384,-0.203640485666361,-1.63587114130974,-0.683598474400773,-0.0614006444954018,-0.278294946006147,1.58013070893001,-1.32554633333726,4.37201465050861,-0.700205998805933,-1.45290277736583,0.69837502860178,-1.9403687824252,-1.09740128634395,-0.488278885185423,-0.780616024666313,-0.636911694703829,-0.871978121685393,-0.690589747523018,1.14001752792857,1,1
-0.418355833370962,-0.91998843744384,-0.180574240350224,1.04265928316186,1.09448171902761,-0.0614006444954018,3.3494300178541,1.28100338235996,1.68556970163213,-0.420487347915062,-1.39808792464813,1.45949656167945,-0.976561146538496,1.52471922994563,0.622631032861473,0.963082541396573,-1.98292754987158,-3.12698709613311,-1.83751968415984,-0.0225830764285883,-2.12660546680886,1,1
0.639814536710864,-0.91998843744384,-0.203640485666361,1.62054921728818,3.55333156636763,-0.0614006444954018,-0.278294946006147,0.742574194533869,1.22232108086761,-0.420487347915062,-1.27893735194337,0.850540336242706,-1.26165666571131,-0.180324077728902,0.622631032861473,0.963082541396573,-0.0592291095431538,-1.53078491572972,-0.940945376147853,3.08364794416051,1.14001752792857,1,1
2.01543601781724,-0.91998843744384,-0.203640485666361,-1.63587114130974,-0.683598474400773,-0.0614006444954018,-0.278294946006147,0.144319541393765,-0.862297712572739,3.93633265065191,-0.734249019578723,-1.74414271127036,2.26640038405225,-0.125322680707143,-1.44140775018504,-0.488278885185423,1.38354472070316,1.59777135786091,1.61084303896318,-0.690589747523018,-0.493293969440142,1,1
-0.312538796362779,-0.91998843744384,-0.184316426403888,0.608103946213374,1.10393439549864,-0.0614006444954018,4.28046859973735,1.28100338235996,1.569757546441,-0.420487347915062,-1.39808792464813,0.532824044710493,-1.43984136519432,-1.11534782709881,0.622631032861473,-0.488278885185423,-1.86269639735105,-3.06313900891697,-1.83751968415984,-0.323186078421082,-0.493293969440142,1,1
0.216546388678133,-0.565337897975369,-0.203640485666361,2.77879352524595,2.05160260677209,-0.0614006444954018,4.37211268653538,-0.932538834258422,5.62318297813056,-0.420487347915062,-1.39808792464813,2.01550007186082,-1.43984136519432,1.96473040611971,0.622631032861473,3.86580539456056,-3.9066259902,-1.65848109016199,-2.11338870200968,6.4904819667421,-0.493293969440142,1,1
-0.947441018411874,-0.91998843744384,-0.203640485666361,-1.63587114130974,-0.683598474400773,-0.0614006444954018,-0.278294946006147,1.87925803550007,-1.44135848852839,4.86993693605912,-0.836378081897094,-1.66471363838731,0.983470547774594,-1.9403687824252,-1.09740128634395,-0.488278885185423,-0.780616024666313,-0.700759781919965,-0.871978121685393,-0.690589747523018,-0.493293969440142,1,1
0.110729351669951,-0.91998843744384,-0.203640485666361,2.55034757141441,-0.329917227510813,-0.0614006444954018,3.32969274019043,0.9220505904759,1.80138185682326,-0.420487347915062,-1.39808792464813,0.612253117593546,-1.1547458460215,-0.510332459859458,-0.0653818948206978,-0.488278885185423,-0.660384872145786,-2.36081004953948,-2.18235595647214,1.94803660329998,-0.493293969440142,1,1
0.639814536710864,-0.91998843744384,-0.162139407134317,1.80644722203682,3.15537467351765,-0.0614006444954018,2.98522923303506,0.802399659847879,1.22232108086761,-0.420487347915062,-1.19382980001139,0.850540336242706,-1.26165666571131,-0.180324077728902,1.31064396054364,0.963082541396573,-1.14130948222789,-1.91387343902654,-1.21681439399769,1.84783560263581,-0.493293969440142,1,1
0.110729351669951,-0.91998843744384,-0.203640485666361,1.95120113223692,0.427625657825346,-0.0614006444954018,2.55567138733164,0.9220505904759,1.80138185682326,-0.420487347915062,-1.39808792464813,0.797587620987337,-1.1547458460215,-0.125322680707143,0.278624569020388,-0.488278885185423,-0.660384872145786,-2.42465813675562,-2.32029046539706,2.31544027240192,-0.493293969440142,1,1
0.216546388678133,-0.151399244579966,-0.203640485666361,-1.63587114130974,-0.683598474400773,-0.0614006444954018,7.28038426999098,1.22117791704595,0.411635994529696,-0.420487347915062,-1.39808792464813,1.06235119726418,-0.869650326848691,0.864702465684524,1.31064396054364,0.963082541396573,-2.88466119377553,-2.10541770067494,-2.45822497432198,2.08163793751887,-2.12660546680886,1,1
0.216546388678133,0.145457516945039,-0.174030164654441,-1.14466390863969,0.685922832804817,-0.0614006444954018,4.37864419821193,0.9220505904759,0.180011684147435,-0.420487347915062,-1.39808792464813,1.0358748396365,-0.691465627365683,1.08470805377156,0.966637496702558,-0.488278885185423,-2.82454561751526,-0.956152130784506,-1.63061792077246,5.82247529564767,-2.12660546680886,1,1
-1.26489212943642,-0.91998843744384,-0.203640485666361,-0.90648732631225,2.02783475924551,-0.0614006444954018,3.17920304395377,1.16135245173194,-0.167424781425956,-0.420487347915062,-1.39808792464813,0.0827259650398594,-0.762739507158886,-1.00534503305529,1.31064396054364,-0.488278885185423,-3.00489234629605,-2.23311387510721,-2.52719222878444,0.578622927556398,-0.493293969440142,1,1
0.0049123146617683,-0.91998843744384,-0.203640485666361,1.25932377077851,-0.145464281034811,-0.0614006444954018,2.46652339007855,-0.872713368944412,0.295823839338565,-0.420487347915062,-1.39808792464813,0.426918614199756,-1.0834719662283,-0.785339444968254,-0.409388358661783,-0.488278885185423,-2.22338985491263,-1.8500253518104,-2.38925771985952,0.411621259782791,-0.493293969440142,1,1
0.322363425686316,-0.91998843744384,-0.203640485666361,-1.63587114130974,-0.683598474400773,-0.0614006444954018,-0.278294946006147,1.40065431298798,-1.32554633333726,4.06081322203954,-0.734249019578723,-1.69118999601499,1.51802464622362,-1.17034922412057,-1.09740128634395,-0.488278885185423,0.0610020429773727,0.193113439105929,0.0935634407890512,-0.690589747523018,-0.493293969440142,1,1
-1.15907509242824,-0.91998843744384,-0.169248073473323,-1.06533353682415,4.08850191326844,-0.0614006444954018,-0.278294946006147,0.981876055789911,0.643260304911956,-0.420487347915062,-0.564033915714772,0.638729475221231,-1.0121980864351,-0.235325474750661,1.31064396054364,-0.488278885185423,-1.32165621100868,-2.10541770067494,-2.11338870200968,1.28002993220555,-0.493293969440142,1,1
-0.418355833370962,-0.91998843744384,-0.203640485666361,1.17328182714297,2.57978565296551,-0.0614006444954018,-0.278294946006147,1.10152698641793,3.19112771911683,-0.420487347915062,-1.39808792464813,0.426918614199756,-0.869650326848691,-0.455331062837698,0.278624569020388,-0.488278885185423,-4.02685714272053,-3.82931605551059,-1.28578164846015,3.58465294748133,-0.493293969440142,1,1
0.957265647735411,-0.91998843744384,-0.148880619921653,-1.63587114130974,-0.683598474400773,-0.0614006444954018,-0.278294946006147,1.93908350081408,-1.32554633333726,4.06081322203954,-0.853399592283489,-1.71766635364268,1.69620934570663,-0.950343636033532,-1.09740128634395,-0.488278885185423,0.481811076799215,0.640050049618876,0.576334222026273,-0.690589747523018,1.14001752792857,1,1
0.216546388678133,-0.91998843744384,-0.203640485666361,-1.63587114130974,-0.683598474400773,-0.0614006444954018,-0.278294946006147,2.29803629269814,-1.44135848852839,3.56289093648903,-0.802335061124304,-1.66471363838731,1.41111382653381,-1.28035201816409,-1.09740128634395,-0.488278885185423,-0.0592291095431538,0.0654172646736588,-0.0443710681358694,-0.690589747523018,-0.493293969440142,1,1
-1.26489212943642,-0.91998843744384,-0.203640485666361,-0.389768237596866,3.56267665689563,-0.0614006444954018,-0.278294946006147,0.86222512516189,0.180011684147435,-0.420487347915062,0.491299728241726,0.241584110805965,-0.762739507158886,-0.675336650924735,-0.0653818948206978,0.963082541396573,-2.70431446499474,-1.72232917737813,-2.11338870200968,1.17982893154139,-0.493293969440142,1,1
1.69798490679269,-0.91998843744384,-0.105582121327779,-1.09363928722619,-0.683598474400773,-0.0614006444954018,-0.278294946006147,1.63995617424402,-1.32554633333726,4.18529379342717,-0.615098446873957,-1.53233185024889,1.62493546591342,-0.675336650924735,-1.44140775018504,-0.488278885185423,0.842504534360795,0.959290485699553,0.921170494338574,-0.690589747523018,1.14001752792857,1,1
-2.32306249951825,-0.488476771170175,-0.131686395584673,-1.03904599344154,2.08972115146774,-0.0614006444954018,2.55083521383832,1.40065431298798,2.03300616720552,-0.420487347915062,-1.39808792464813,1.32711477354102,-0.976561146538496,1.24971224483684,0.622631032861473,0.963082541396573,-2.70431446499474,-3.51007561942992,-2.9409957555592,0.61202326111112,-2.12660546680886,1,1
0.216546388678133,-0.157195536570524,-0.203640485666361,-1.63587114130974,-0.683598474400773,-0.0614006444954018,7.22338072025837,1.16135245173194,0.295823839338565,-0.420487347915062,-1.39808792464813,1.06235119726418,-0.869650326848691,0.864702465684524,0.622631032861473,0.963082541396573,-2.88466119377553,-2.04156961345881,-2.38925771985952,2.24863960529247,-2.12660546680886,1,1
